ResNum,SS
1,L
2,L
3,L
4,L
5,L
6,L
7,L
8,L
9,L
10,L
11,L
12,L
13,L
14,L
15,L
16,L
17,L
18,L
19,L
20,L
21,L
22,L
23,L
24,L
25,L
26,S
27,S
28,S
29,H
30,H
31,H
32,H
33,H
34,H
35,H
36,H
37,L
38,L
39,L
40,L
41,L
42,H
43,H
44,H
45,H
46,H
47,L
48,L
49,L
50,L
51,L
52,L
53,L
54,L
55,L
56,L
57,H
58,H
59,H
60,H
61,H
62,H
63,H
64,H
65,H
66,H
67,H
68,H
69,H
70,L
71,L
72,L
73,L
74,L
75,L
76,L
77,L
78,L
79,H
80,H
81,H
82,H
83,H
84,H
85,L
86,L
87,L
88,L
89,L
90,S
91,S
92,S
93,H
94,H
95,H
96,H
97,H
98,H
99,H
100,H
101,H
102,L
103,L
104,H
105,H
106,H
107,H
108,L
109,L
110,L
111,L
112,L
113,L
114,L
115,L
116,L
117,L
118,L
119,L
120,L
121,L
122,L
123,L
124,L
125,L
126,L
127,L
128,L
129,L
130,L
131,L
132,L
133,L
134,L
135,L
136,L
137,L
138,H
139,H
140,H
141,H
142,H
143,L
144,L
145,L
146,L
147,L
148,L
149,L
150,L
151,L
152,L
153,L
154,L
155,L
156,L
157,L
158,L
159,L
160,L
161,L
162,L
163,L
164,L
165,L
166,L
167,L
168,H
169,H
170,H
171,L
172,L
173,H
174,H
175,H
176,H
177,H
178,H
179,H
180,H
181,H
182,L
183,L
184,L
185,L
186,S
187,S
188,S
189,S
190,S
191,S
192,S
193,S
194,S
195,S
196,L
197,L
198,S
199,S
200,S
201,S
202,S
203,S
204,S
205,S
206,S
207,S
208,L
209,L
210,L
211,L
212,L
213,L
214,L
215,H
216,H
217,H
218,H
219,H
220,H
221,H
222,H
223,H
224,H
225,H
226,H
227,L
228,L
229,L
230,H
231,H
232,H
233,H
234,H
235,H
236,H
237,H
238,H
239,H
240,H
241,H
242,H
243,H
244,H
245,H
246,H
247,H
248,L
249,L
250,L
251,L
252,L
253,L
254,L
255,L
256,L
257,L
258,L
259,L
260,L
261,S
262,S
263,S
264,S
265,S
266,S
267,S
268,S
269,S
270,S
271,L
272,L
273,S
274,S
275,S
276,S
277,S
278,S
279,S
280,S
281,S
282,S
283,L
284,L
285,L
286,L
287,L
288,L
289,L
290,H
291,H
292,H
293,H
294,H
295,H
296,H
297,H
298,H
299,H
300,H
301,H
302,L
303,L
304,L
305,L
306,H
307,H
308,H
309,H
310,H
311,H
312,H
313,H
314,H
315,H
316,H
317,H
318,H
319,H
320,H
321,H
322,H
323,H
324,H
325,H
326,H
327,H
328,H
329,L
330,L
331,L
332,L
333,L
334,L
335,L
336,L
337,L
338,L
339,L
340,L
341,L
342,L
343,H
344,H
345,H
346,H
347,H
348,H
349,L
350,L
351,L
352,S
353,S
354,S
355,S
356,L
357,L
358,H
359,H
360,H
361,H
362,H
363,H
364,H
365,H
366,H
367,H
368,H
369,H
370,H
371,H
372,H
373,H
374,H
375,H
376,H
377,H
378,H
379,H
380,H
381,H
382,L
383,L
384,L
385,L
