Residue	A	C	D	F	G	H	I	K	L	M	N	P	Q	R	S	T	V	W	Y	E
300	1.29390433759138	-0.275481922557795	0.604582648020064	1.05647329046431	0.902995097287784	-1.09620868375767	1.72597716443353	3.19685650265841	0.280164359293619	1.335681056981	0.297282615824389	2.32018893544989	0.219670440694775	1.95284806412936	0.346631984488441	-0.451556664931358	1.52639391174984	2.53545870255921	2.10158668363717	NA
125	NA	0.204406412850601	-0.0183959162751529	2.13715116922416	-0.11571877796626	1.11478525635652	2.12046191033623	2.57947568329202	0.811176172921867	-1.22271527226719	3.13934862491916	1.82668203645804	1.03020792501288	0.576534313614772	0.0659393155697941	0.543736977136688	0.505448505023702	0.366222076189434	2.22000404034661	1.66908442534298
122	0.656388136395835	0.696167844035371	1.30806401393921	-0.529144426713146	1.33218093944714	1.49046844938903	2.33804208746179	1.06711444672992	0.48571549612997	1.78293123928547	1.24568244541888	0.496529784427499	0.659994729071454	0.612935564205405	2.87463878721119	0.0965465909689893	0.537520988961206	0.736115718817653	-0.457249537732735	NA
281	0.414940125288274	1.74241430215467	1.82078566516543	-0.127456581328321	2.41864028456478	-1.57848462834039	-1.17812304594786	1.12911529041497	0.687857882486432	0.639424715552117	0.707348846288229	5.57367737981879	0.434109097357606	2.06344985906952	1.52060355063344	0.885477382358131	-0.809291865971711	NA	-1.21636965907648	1.38254746107985
123	1.96951297698822	2.06714359607271	0.456730776114563	0.833795917886168	0.717525635014018	0.518568087161284	0.0693227395922885	0.457706509426219	0.883292009320737	-0.155616610968765	1.29575509727909	0.775299943263774	NA	0.486574669544437	0.105901979574727	0.305795965686519	1.09535051574479	0.410466148991034	1.00579364007106	2.19757102353229
63	-0.0192287405694979	1.15833457596288	1.19185734645116	1.2294372315316	1.02558729390054	1.26910615519199	NA	0.53787417727248	0.842284714774553	-1.62473782188516	1.63349866824338	0.921000817952429	0.985165709596424	0.89403300011479	1.0941322340199	-0.0741762000173836	-1.0094686700522	1.09127714356754	1.81638794110939	2.15055811272082
315	0.0364667066517631	-0.701565151145056	0.542529017903402	-0.049595279682474	0.11371009564401	-0.0184608036872665	NA	1.26722152211025	0.668001531875045	-0.560598567360365	0.785554274103154	2.28662295377986	0.469943086885946	3.8275138866628	0.227923514744591	1.14040995144994	0.764615235213571	2.80272526553852	0.810387954595594	0.48755035312934
277	0.68693753324242	-0.127028166207632	NA	1.51322763296019	0.921024787833875	-0.550592208944623	0.820574296690561	4.3075181806633	2.01379689290463	-1.2206879496838	1.40987992706658	2.03502243313578	-0.149518051972976	2.61087117992289	-1.10657414395666	0.0805574775500975	1.35348079054297	-0.0207949250545767	0.370844801371257	-0.0642980645662789
90	0.790247520757782	1.1280270585529	1.01712191974689	0.983682924949388	0.789475198175355	1.08114981118706	0.914719553455676	1.23400627399287	NA	-0.851479963357089	0.163715247720516	0.134171126762394	0.699927320749125	0.607331418660474	1.73367184825224	0.523393600069483	0.656399040298596	0.47777307696336	0.737669234518672	1.56684075555961
91	0.877799240228867	0.795592066274149	0.0369211126829718	-0.0496066783684411	0.888089398049391	0.526621823138033	0.47719576037619	1.89363775877363	NA	0.715296062155788	1.07436903160389	1.00654693201726	1.2392559616645	0.874080394003307	0.211525679246133	0.358027239079566	0.219922649388187	1.17383397975136	1.09340461796234	0.568107088616686
77	0.393862913491064	0.435539851026832	-1.1176351100395	1.81050886923153	0.321826469865649	-1.89862932093921	3.40330502469837	NA	1.657635608371	-1.32867981154254	0.381700056329032	1.98237070868417	2.00778202735221	-1.27931384297329	2.27636548405224	-0.480156689133205	1.18179270378912	0.428419899258762	2.56463571916318	1.16526824037555
55	NA	1.64444038391451	0.374751269777947	1.75150300464608	0.645424120593228	1.80926278655041	0.752739868514651	0.470409743413145	0.279157111606682	-0.00343141550130957	0.485725895833389	0.395330100446857	0.974584009902725	1.64074399110194	-0.0413113580019732	0.742316118983712	0.304398718318318	0.869012180988823	-0.678412932182223	0.582506035310665
52	0.685877074253632	0.866222638060948	1.52922664020757	1.00001206801864	0.409782146898882	1.19724964152013	-0.302352575293096	0.182588610414587	-0.011455082373115	0.149917002282027	0.170089588071299	2.32182587975988	1.42562570414278	NA	0.888630369237981	0.171689067572347	0.863868391844841	-0.388605938640424	0.80354987371026	0.983600503455653
297	1.56213683500775	3.96669993410986	1.05780510309163	0.221024626888027	0.0895173199914596	-0.0577178964329302	-0.298145579328604	0.844690281302051	NA	0.513009730235553	0.0462044666485819	1.2698575499293	0.467937702723452	1.38238870651878	0.113974160566133	0.0129972219450983	0.398389560277314	-0.0564063081245413	-0.156077531938828	0.548819903306838
377	-0.0703520518914642	1.00998377718163	0.520190937191407	1.10433239719246	0.569574679321529	0.984964005430657	0.861511381260257	0.277607422936982	0.458244931406228	0.277396134595062	0.680206690540971	0.676149564625781	0.054325731820707	NA	0.675557316876239	0.460590583076726	0.150744909546574	0.632389532601844	1.38569974872997	1.10963449811921
294	NA	-1.66301185471182	0.832107465727929	3.00058163652231	0.262445902467289	1.61598261477949	-0.0391905750601223	0.273353981820478	0.00189212713425304	1.50370346187291	-0.351847745599887	-1.08007223412547	0.202771097440956	1.30267883359075	-0.589111376929201	0.816190321574581	0.580534852062044	0.872945068963241	1.01309834735114	2.26718725425945
53	0.540034119118142	-0.26206992799309	0.268782018258143	0.842880962658966	1.48690383515549	0.320577143098134	-0.504862444177011	0.589314796718665	0.684154466527468	-0.312697384088284	1.40961571342782	0.939819163284666	0.477678082247122	NA	1.66470690368056	0.912818897832969	0.944303305264291	-0.16290107103073	0.544593410155099	0.356495209151778
50	-1.67682321805792	1.07599817837682	2.20391844559641	0.638518832589542	0.967346888996175	0.831950419065835	0.210957846947589	0.654917494380145	NA	0.00352586003695255	0.455536776505136	0.53802621290159	1.98000031152942	-0.524399422098928	0.596029023880267	0.40977045939242	0.255889836045956	1.15454112196084	1.16325998589403	-0.555158480662193
209	1.30020708993507	0.240623603041872	1.66955675003249	1.20042414935249	-1.00989836051493	1.37821834107161	-0.317207352996441	1.51405947427563	-0.512023953716131	1.05716349827238	NA	1.15677858441766	0.585615348934657	1.7689517561311	-0.574271652538795	2.54866899718227	-0.181948919789575	-2.11346448752008	-1.12496791989104	1.46197820673925
124	0.842070483600429	-1.45556413395035	-0.988513382063302	3.61168646640851	0.145410395727932	0.304306876359672	1.6649426422148	NA	-2.2387951418169	0.40740719011503	0.471345022010708	2.76158680424065	2.75010341555084	-2.07382491650554	-1.05628294946605	1.54968528762775	0.680887546105404	0.818636631275573	1.74243195701015	-0.113661240792914
82	-0.0385098172317226	1.52737040270658	0.596860374048595	0.524835860538587	0.539682000262243	0.710127749206355	0.0951852180614783	0.472202183794462	1.08268668888027	-1.27739191031449	0.767302108567046	0.852945974090209	1.35093167801009	0.100971309864456	0.531953286446501	NA	0.193276147353628	0.0920793770968162	1.10921639056617	-0.0597040638366234
78	0.535742822338387	0.103394034039076	NA	3.5206648205725	0.424081297832154	-0.113897322980061	2.06440659258547	2.88324253463805	-0.280322810169523	-1.69101592659972	0.338259156344334	3.22400855193587	-0.45380193623332	1.05686992326821	-0.203776889474396	1.45537703498947	-2.51009325994809	-1.1048565824623	0.211366341278734	-0.471473554515547
88	-0.555476490529172	1.33157688627272	1.30277013648658	1.58404309607795	-1.69640535766908	0.822440839131193	-0.269055773316764	0.511517961122599	-0.783398805613803	-1.0632413920061	1.32733391397499	1.04081733867147	0.454705918240156	1.19044818494193	1.00223227542701	0.938932159624932	NA	1.15210903431799	0.547172124334812	0.0395124501393565
379	NA	0.68322988136487	0.987116393737714	0.503003548992991	0.257503009555562	-0.954558441245629	0.229104593892168	0.563956476277165	-0.258470191513742	0.133364016522684	0.0314130877624427	0.498946530591095	1.0312056993523	0.677740218771542	0.374879552192775	1.14876605643268	0.944913661803561	1.20517622421851	0.596061007084401	0.218135064540049
66	0.400072579564743	0.660708010627697	1.26011417717995	0.948552664532966	0.583761643685332	0.923818031083705	0.605465177812395	1.0721241280098	0.0659771381571612	-1.52207608322601	0.48246972358124	0.113500275457735	0.519681970126539	0.334650538065664	NA	0.0537627176713624	-0.575377942781217	0.516485035487552	1.25634222447865	0.641905432700752
42	0.00487422762140918	-0.32539566033551	0.5549461132413	0.293023008567073	0.167526838594839	0.235087636234404	1.03547500586453	-1.05835548180351	0.565225307960578	2.88883566155146	0.996393410227239	0.4092279617053	-0.233965682582549	1.5602384935733	NA	-0.344155004084962	0.408138975512421	0.730848197558197	0.24690780135314	0.129827483023314
80	0.324250832159276	1.27174955897505	1.62528434567117	0.283483798162333	NA	0.556627181762576	-0.0797329409977396	1.11850393532265	0.0704041529757196	-1.64071157979994	0.982801232583697	0.34971707335527	0.410010178465605	-0.253951844066556	1.83174162069513	1.01710948255252	-1.16816842320816	0.414356623234435	0.300904238127897	0.509996889424498
47	2.05593838817835	-0.808147730006809	1.367422980641	1.12386549184295	0.353575620593089	0.717955552718835	-0.156414077645439	1.12735018628995	-0.874091316722064	2.38886328851108	0.473994041695202	0.322213709610711	-0.131209593731222	0.0807017869061017	-0.0585783416018324	0.113120185134144	-0.289376376502538	-0.0700936352763244	NA	0.008328298511766
142	-0.173559270144049	0.348488500684469	0.931458681481618	-0.414339032956367	-0.274891444945899	1.56156385087923	0.904592667387536	-0.071065722794088	NA	0.149802698193069	0.500753495802307	0.894280334307822	0.0314220438800059	0.146788588650292	0.368750546378663	0.0840013869477862	0.503527794147884	0.41243830699793	1.56876216776803	0.0287454752468082
373	0.441125126383507	0.610045445680388	0.687099747023648	0.184888720009716	0.522845241752421	0.0256889249538851	0.469911434893923	0.42502346861007	0.30979357006938	0.579623670116687	0.113174526483161	0.40677053326486	0.197800256565675	NA	0.288533042085429	0.224100901295963	0.388531745311548	0.415173181037799	0.5621754526074	0.504281832598576
87	0.194147680881611	1.06499905877711	1.75023561551829	1.78365205132468	-0.420054438523344	1.06204856316945	-0.0221935827818999	0.103244560491325	0.484122917194032	-2.2902878779293	0.136158247911011	1.45163717095232	1.69400007607448	-1.41918426458953	NA	-1.0941768711625	0.385300410216519	0.950437707780074	1.46879043720792	0.0375595279083202
136	-0.258871768924475	0.25187523229044	0.775946793285894	0.614744897563145	1.1196162018654	0.0825361436610164	0.192882945109714	1.0877408747357	0.180363385433899	0.757032096012745	0.0926763568503946	NA	0.521940186897393	0.0901554745584686	0.233613970039474	0.375598521551125	0.534543588551286	0.0290138267971756	0.110434769010241	0.468924169385028
54	0.634216859277789	0.0305136945226841	1.42614483078085	0.3868932813403	1.86631992997729	0.770345203172859	0.741477670501792	0.322622991968216	NA	0.780952764778492	-1.29795030578667	0.344554601049579	0.705389755571	0.494388151411061	0.221831600091941	-1.48472555377533	0.517047336138025	1.60157581015941	-1.09205328412146	0.251422599469008
2	0.215696183055992	-2.50497400030781	2.18421573600393	-0.341512353408693	0.0142431996885328	0.127797301827045	0.417247106222334	2.04660042148791	0.07275327906326	NA	0.577307990446373	1.59771266414085	-2.09452866114098	0.938603954954648	-4.43121289772871	0.621520575735775	2.19817569051261	-0.0496732203700948	0.600201984296999	4.94436823478844
79	0.667997813478409	0.219055217408747	0.881530811353251	0.424523929866303	-0.0922858243757474	NA	1.04975045575938	0.354614649326874	-0.545100795511457	-0.0517632646036866	-1.49859476228621	-0.0607441714210155	-0.676870877259443	-0.36979966870385	0.352902889836239	2.17996581365505	2.23476134484611	0.710314110547129	-0.59349399467411	1.69450394797955
376	0.226789738190404	0.21597360989267	0.564336161796249	0.50220830764936	0.363187587818668	-0.306676041028584	0.559519249639078	0.305138087290561	0.197399815368268	0.594357483514215	0.428091400882784	0.552518487142778	0.303720593217856	NA	0.28407061837954	0.485872296073083	0.125594181272773	0.262075701943554	0.602600768165316	0.426712267410894
370	0.647525474156741	0.342059054386079	0.461194746238251	0.260590367072198	0.547432975501029	0.220832531059025	0.271536266737734	-0.130867643321304	0.289409812164588	0.514385616579464	0.346686624070594	0.261373833425507	-0.0862717525558542	NA	0.411474724846658	0.510157400932388	0.336533929249287	0.141892402982065	1.14467041365911	-0.0190211296551052
151	-0.167404851382789	1.30262100769991	0.481547328473755	0.214070217473443	0.540456092623652	0.513208643051789	NA	-0.0987549514165495	-0.0199133571354273	0.476887373974836	0.599310501436101	0.0277089184157773	1.17297556002647	0.471331202241069	-0.166424470383743	0.139702471463968	0.205955271735479	-0.442629461022699	0.619356602108725	0.403812435884132
85	NA	1.45674665016107	-0.582801708234112	0.74586575161869	0.0834677442075191	0.654732747605249	1.10735880050397	0.929178155075089	0.305586354080131	-0.6227124687591	0.333988267609086	1.33258740898754	0.40188630339257	-0.0932452995390508	-0.530056115713312	0.118362033336743	-0.485295647741431	-0.135790216440204	0.768941592636193	0.472178657676225
86	-0.146501051688726	1.43101116125257	0.70449971634671	1.50703709673325	-0.086894454467132	-0.0508746431066961	0.305820391330425	1.64500982064272	0.518352333011228	-1.02241569859099	-0.768148246971326	1.14261823033989	1.39506962659971	-0.383279049800224	-0.664442732564756	NA	0.0194674083513753	0.109928747568502	0.959783751487013	-0.409621047609536
62	-0.226167472232978	0.00568782189654674	-0.20520182938775	-0.501623869487333	-0.906017562253488	1.84445672386493	0.0762469438220644	NA	0.358595679725159	-1.01312482353214	0.338282947327243	-0.703122766860065	0.941143788569503	0.453145425080056	1.85767260768019	1.08431449909819	0.234081484150608	1.21312057085674	0.682319985456511	0.558293445447411
241	-0.0326333961104346	0.0367456385500164	0.664243854133755	0.422820174724521	-0.103999577072574	-0.109790225752515	NA	-0.404084602298909	0.721935515381771	-0.0589714074565312	1.07927912521081	0.880057384937837	-0.270941950546373	1.56800037717757	0.587401944793341	-0.115087489777701	0.34861551858114	-0.462384621705728	1.11624335732666	-0.053695727634551
41	0.344753397770383	0.661422665796786	0.0774459068846973	0.840282636155936	NA	-0.76564320361672	0.938365556083397	0.958493036952426	-0.541592260008931	0.657351715086847	-1.20110191249354	0.921950431040244	0.623563989692135	-0.00866401310737444	0.341988446552998	0.880702431798164	0.481595972390933	-0.871572020148916	-0.0244230745308727	1.1002643117422
45	0.173808493127935	0.229364888823759	0.43771720206751	1.25240561885303	0.192883261698279	0.443489709849554	-0.229093315508453	NA	-0.434707755118337	-0.352803303133453	0.572500684392316	0.204345230041785	1.39403311772003	0.258491700775585	-0.884092911086391	2.11243981021085	-0.16930263784902	-0.500778940820596	-0.131773501254828	0.793324868066674
46	-0.577790711165664	1.04301327590354	-0.0832735030877836	1.51139349097414	0.768655915312911	-0.153422461210415	0.809104988849438	0.00120867767375712	0.926021346515202	0.173140658795667	1.04183767289356	0.105308245852768	1.08094460240667	NA	-0.584498975905741	-0.36711989435082	-0.984442057872696	-1.00114976854361	0.164400343503915	1.47353395458023
32	0.0189311077445392	-0.197972253779531	0.314924729113716	0.651854985821874	0.791968975003487	0.472837896322397	0.507092263639574	0.0240666124051997	-0.0926717628737412	-0.0628043977450058	0.794046643190602	1.33522527233661	1.0497251685696	-0.0585232092014414	-0.327378804833908	-0.183587668406783	NA	0.561650014643218	-1.70389954500211	1.20283346396906
67	-0.101535228031409	1.09921346185124	0.839889874385639	0.378983392365011	0.360435742785086	0.800649445275055	0.799657619933136	0.749544953069084	-0.761359330998922	-1.41349101698609	0.992263587214592	0.133382907331095	0.117932428909731	0.895064579688047	NA	-0.175158337370199	-0.221390974363247	-0.104112938416202	1.09342674682109	-0.479072100420393
112	-0.0816107528928449	0.645796542498042	0.33745616593604	-0.455197844269014	0.333782446725021	0.146479462543013	NA	0.572892309230676	-0.386217825341079	0.245913677923995	0.554509112220482	0.796261159199447	-0.502581302666529	0.22781266047442	-0.3944608681946	-0.0128722993924592	0.803152000253151	0.380250491263997	0.529389887452139	1.14581591652527
83	-0.203366049308817	0.724550720322567	1.22845281698718	-0.152282510383471	0.393455573698088	0.654503888483775	-0.653553836978475	0.401919155553424	1.55499330739028	-0.848949455414972	-0.736156424227315	0.135023823034073	-0.510302234359938	1.57501935472245	0.565275801968343	NA	-0.99018118839588	-0.140561095250829	0.417861445781338	1.39662698726736
140	-0.404543584749869	0.077973494556547	-0.145440412849867	0.277699791627665	-0.402903181843935	NA	-0.366548457431571	0.924705461817883	0.42668074887979	0.467426589620003	0.994038462762663	0.229564895152422	-0.441767416496769	0.354707191017808	0.23725081982256	-0.134055894163055	0.962076467301553	0.438309940739493	0.598477089598199	0.71714466328208
81	-1.56439121788636	0.33679696622306	0.462911024132268	0.935394291451594	1.19878647026927	0.142802764256273	-0.805194330669816	1.11937688950289	-0.16249027581718	-1.66412129995838	0.946944750574069	0.853159420770513	0.0576491799554942	-0.0100156658046885	-0.0295344415741882	1.41980108805372	-1.63934471943667	1.6478824243115	NA	1.53424605489482
147	0.53598326173072	NA	1.4083756016428	-0.335100453130771	-0.112424722697046	0.2802328989802	0.945016655866931	0.327479968748245	0.311457890477726	0.121879648503479	0.729696266087526	1.15808984928234	-0.858853060294169	-0.326060611298802	-1.19409771160492	0.986576834830738	-0.0633569079590705	0.214066557573355	0.349766107423241	0.117670497057949
43	1.26534359673389	0.0229483733297103	-0.443605626214699	1.25281699613845	0.825052583126262	-1.65736478172646	-1.64824100938973	0.841296452620927	NA	0.291714983258731	0.853851166555493	0.906683793714337	-0.370105501788614	-0.525584165706217	-0.343030327754464	1.54418622464881	-0.12253815275835	0.940307150428291	0.998109445634862	-0.223622362550042
211	0.937643613866326	-1.52160818135503	-0.202481751739176	-0.059285216643905	0.691116972375959	-0.0419715066665141	1.49705584308911	NA	-1.65283984126693	-0.23847656372424	0.00714294700723717	0.962185750743403	0.346025880957583	0.0388841336716706	0.14543406195515	0.249218289005702	1.18122583354545	0.527159016053069	0.10904043042006	1.37908009038856
94	-0.535533761625009	-1.2021009339907	0.733605658478749	-0.284643959046819	0.54123742914076	-0.540166485511516	0.139042974386342	-0.00561330254761701	0.386249348246215	-0.239313383125683	1.10094677291765	-0.398058602310207	0.60057404549408	0.980235587894371	NA	0.00469112201624339	0.367244681887935	-0.0341595243143002	1.48662731445475	1.11844660742018
113	-0.302247554639088	-0.450860963223201	0.954487437953815	-0.366535428152067	0.321685014078804	-0.0290473614215533	0.150429373926333	1.05794720937838	-1.99086695325179	0.029069264260923	0.98485002533602	0.201607468839504	-0.67164017425033	0.617329061548232	NA	-0.191213029741245	0.00485896371092454	0.733391809111647	0.74138740262499	2.3599328585687
316	-0.451717068458927	0.222806558359648	0.113880918250787	-0.0546499544759066	0.256089301382082	-0.0502401504285237	0.0944372688004144	-0.686472270680049	1.12980554211271	-0.75364407759797	0.409704797318541	1.80063986489575	1.48685603023525	NA	0.300461320920137	-0.668374627712541	-0.316772319774608	1.05939485607171	-0.534898282987996	0.150534286477094
380	0.852191678688967	0.856150288110444	0.306412726470171	-1.2877786018955	-0.432709807235199	-0.595375956582393	0.607627104262136	-0.241118029699138	0.705203291879747	0.271922260685503	NA	0.701283556800536	0.846685147077549	-1.49220949270016	0.322303038990839	0.275530718965663	0.855247871037699	0.811279007424989	0.0774572948363399	-0.153565867030579
44	-0.107034570251848	0.133755956650315	1.35224283549863	0.557700779831543	-0.47108762063487	0.591724433184497	-0.768796845457481	-1.06233514360911	0.121990520538494	1.69427730072205	0.151935277447222	1.28738637445442	-0.101792414177639	-0.236407170180646	-0.200135036571969	-0.036912699823619	0.280860467786211	0.178010066786264	NA	-0.115058793482471
139	1.10786865899129	-0.0366356010136978	0.313620351105752	0.563581092205995	-0.69297048285453	1.70915639043849	-0.0677699804504913	0.077379283726174	-0.396357451001089	0.0480502317503625	-0.0068275113901682	0.525097431560035	-0.41347298339779	-0.305179306195554	NA	0.110172691520732	-0.155982013742271	0.318521909191532	0.555079430842322	-0.0891308610271145
141	-0.623444444063748	0.414114070828963	0.0741310688588233	-0.235448099233774	0.560253154876508	NA	-0.536034742557254	-0.824398531750426	0.312032796773868	0.320868630461391	0.739768235197205	1.61440261417864	-0.680700992459004	0.329900292393457	-0.665176776607718	1.13203830377672	-0.526207964749642	0.338730639411006	0.777742914557008	0.617913723248992
95	-1.75094619903976	0.79224920632558	-0.345898635732955	0.434636813510054	-0.539626084442425	-0.197512255952467	-0.454761312495922	0.152151397414094	0.560216775127365	-1.47333708831096	1.3458050641589	-0.560390023514111	1.7187729203628	-0.105845547350335	-0.255542038132209	0.827344312262163	0.18198874717744	0.641360632497667	1.86172749177631	NA
76	-0.232188366347967	1.413773460559	0.754227861506607	1.25438750359276	0.808567043849505	0.837835111910981	-1.15644553392821	1.1158593666081	-0.169065838698918	-2.53336052064722	-1.19074161712664	-1.12875399161057	2.02696245193925	-0.981244417887876	-1.30900953496469	NA	0.199446204872804	1.34188822346706	1.18435987064051	0.384423202122573
146	-0.161795849575214	-0.0485080616561948	-0.169561114015066	0.0246645017490875	0.776877166899993	0.269841426916165	0.0389750670655456	0.481069534207822	0.169980488241727	-0.130789003765029	1.15777727218779	NA	-0.0279838735098771	-0.39997722840936	0.376221302810993	-0.0389531107819528	0.879878585269709	0.0400642864951626	-1.3696015041408	0.337648255784358
84	1.05524972906436	-0.182671037178039	1.03269642474896	1.63718311814825	0.406383703223873	0.0578185382347986	0.276406006631202	0.257466369459181	NA	-1.15108274150944	1.43720735407911	-1.33587389951487	-0.20037172206606	-1.22955237268183	1.23270899509697	0.511411485175135	-0.807182951085443	0.05395769071831	-0.08999698171288	-0.809687474933008
301	0.101692353435631	0.644477943021169	2.0673972744068	-1.14855195701973	NA	-0.147069024032137	-0.440748229223844	0.398352482474174	NA	0.45088615738145	-0.896196927728723	2.53054416230015	0.158815817605255	0.673553349262747	0.741248032768698	-0.971426609043498	-0.816721622161634	-0.113945940106358	-0.189987288863604	-1.13296798897956
282	-0.564840792632972	-0.631000342243028	NA	0.134679083879948	1.23544440259125	0.370286619325631	-0.247254295688354	-1.62533923146918	-0.3978785107168	-0.428451512054708	1.02983005825088	-0.00941230481475001	0.451944207372032	3.9111781145718	-0.101966795820863	0.0428911081452085	0.276670816831451	-0.652529395536801	-1.22819423476974	0.369404733734321
226	-0.0836576349692452	0.213990433465264	0.125578293631281	-0.00434114522773734	-0.834072862057318	0.259985685755162	-0.407916494349666	-0.14634513625576	NA	1.31421428385076	0.461793891196128	0.483841381195529	0.938858698314457	0.37717721463406	0.593393077662727	0.438419196282912	-0.931868697110848	-0.721051134601472	-0.320376487902491	0.125435215500319
111	-0.652229276084028	0.938534376573862	-0.0553420934899601	0.506032550397095	-0.926824342849813	0.600345914672495	0.360679485968096	1.60345339042062	0.890776496868789	0.116213188211448	-0.721983357484829	0.416776869424231	-1.55071165163461	-0.119625105353742	NA	0.150918114395801	-0.534094199079107	-0.0362544264730003	0.184280310481159	0.698794607752995
126	2.12214785220524	1.0871347419291	0.374722349137774	-0.0412434609528206	0.687577111671411	-2.81079592208696	-0.707440532099288	NA	-1.26636709852563	-1.69156076273928	0.125158898817449	1.43295184461229	0.141381119802376	-0.83512796708743	1.32109008462319	1.8627492249668	-1.95289466313022	0.387634100420752	0.992392655132281	0.596486471889103
48	0.274864871816477	0.309050541561867	-0.413186230949627	0.770787587057035	-0.749859814775319	0.319863446289683	0.497418774281865	0.41180709468852	-1.28373589672546	0.728841371045028	-0.0676548393762248	NA	0.541227056757013	0.440043101592219	0.274385139055319	0.114339186127792	-0.476797660648835	0.0803331097464188	0.0837601546943461	-0.074552737759027
5	NA	-0.747250903604491	0.835508525625728	-0.0331324822102546	0.196167549579052	0.680959628104054	-2.18741605362884	0.277018362190957	-1.03634442504538	-0.0416313501257332	0.175480935627423	0.202539838458794	1.17818060969797	0.193299628623044	0.303792699941512	0.10910883066551	0.896504796632026	0.36205445266414	0.374651445813763	0.0328632593470926
374	-0.00857272043824769	-0.0680867230449303	0.567745505957326	0.123001258166114	0.421130505674376	-0.160441196192506	-0.230428227161469	0.502229196840467	0.491932186576764	0.431979100207126	0.0325625043634968	-0.033304483986737	-0.0789668770149572	NA	-0.206183629985757	-0.0190479405874194	0.034046182596773	0.510156977914665	-0.780293528516657	0.169424211843844
318	0.466015347669222	-0.1980535116866	1.64451850165081	0.978359009572434	-0.629687839653352	0.611854737731074	-0.12165626402992	0.0221402729775483	0.56178768795817	-1.34905628746514	-0.120758906379341	0.494236034206509	NA	0.51456924143591	-0.336512744326231	-0.442701609888959	-0.578455628727224	0.556700293770902	-0.208667548307185	-0.176018334678071
319	0.46328545617402	0.504530091353817	-0.260384354769597	0.600688606326663	-0.42675551689499	-0.123571981385517	0.496855481808945	-0.104269760650741	NA	0.778218860703624	-0.0231469970848148	0.838658210411761	1.44546254381891	-0.339276404908987	-0.0372155023740144	-0.196310779838226	-0.464242491851721	-0.0453657080017455	-0.069611483860609	-1.39584160222958
299	-0.382533321361156	-0.547091972912495	-0.75896512083327	-0.613098514193314	0.981050718175961	1.70876577953648	-0.674205002744398	-1.53038567966608	0.70688540708851	0.220816228637233	-0.0916574747200123	0.214482983088263	0.111449149275248	-0.523807448941988	NA	0.0961074268737564	1.54626174912213	0.878890478254164	-0.307295682822753	0.525999212006931
74	1.1574958733666	2.44912182759034	1.30729266745995	0.482917769207098	-2.6932789453487	0.00444459986143993	1.73448049758049	2.16323401020893	-2.24592426601386	-2.99615045276941	0.978711699922446	NA	2.29930469569346	0.0396913756944842	-1.81337524363932	-0.0611796803181842	-3.6089012304165	-1.10108437916544	3.00980863719199	0.415628054869334
372	0.176611172841376	-0.0042046381786877	0.0288147872159433	-0.0228619071618664	0.299200818841058	-0.215105041470801	0.426267989536891	0.227250259373788	-0.41578880800154	0.133923157261052	0.153445378531485	0.349589668122645	0.178717372127483	0.387407076574117	0.138951061908648	NA	0.0591135264702517	-0.0495645420107967	0.0743808545429584	-0.432233042724376
39	0.114757294613987	1.49720052147983	0.0371798656112964	NA	1.6480165605836	-0.377113102230972	0.532068377313348	-0.495206873419502	-0.334340944439639	-0.582513039212866	0.440181853510931	0.0783557003409862	-2.39414845944458	-0.98110146525306	0.105988416021692	0.22523488464164	1.29817532279519	0.707672275443717	0.391131941231145	-0.487178624745529
302	0.360876355580059	-0.281873141154458	0.0423625375650533	-0.132562613263614	NA	0.233698796632689	-0.833969254910299	-0.204470948543067	0.794733406189142	-0.0781494683252126	-0.724680263367884	-0.402723545162993	-0.310067033197932	1.25050561095774	-0.145752822643194	0.21623441694659	0.381523926755916	1.13404206607632	-0.0960824272239379	0.133077554521366
127	-0.637764167886968	-1.31596807194072	0.335090875182576	0.315620873128427	-0.159441580804909	-0.10104133543153	0.989409759721065	-0.346466384023224	-0.44707407579172	-0.229315491980269	1.09818483498975	1.34789113933502	0.602421126751203	NA	-0.151255880806039	-0.248463408472677	-0.327058403192889	-0.54311059014226	0.603176474506673	0.218914787521493
150	0.224571462755909	-0.567739117040799	0.604527000161962	0.981218472359284	-1.54211856331871	-0.335422589487244	-0.483398620044394	0.891635666626128	1.27944852953145	0.9120289432162	-0.170946119867985	0.856883496375338	-1.43840170516882	-1.70845117234938	0.433409489517662	NA	-0.266459084954342	-0.170390229090895	0.947836755220478	0.400129409542226
64	0.0732058795732183	0.41653567907527	-0.419843842119954	0.0959683275576638	0.191960815850001	-0.174093684641544	-0.457683303805017	1.84837898526862	0.0609138849559419	-1.67206863691179	-0.156434951599539	-0.149915403430108	1.35121721645916	0.224402327541969	-1.18588105897566	-0.400866374446333	NA	1.11617444655414	-1.60942861524543	1.6890115598618
279	-1.75394135927706	0.40249823904588	-0.139836822412953	NA	0.428837388541209	-0.56501411331851	-1.33542369317955	0.515499686976064	0.648013080785584	-0.707549265023952	0.390695592746782	0.783244085604095	0.722477615000592	5.56707123682327	-0.903440377043546	0.315276632093924	-0.474203228788989	-1.11606940316516	-0.182885840529675	-1.85414511080348
73	-0.151145134097497	1.27498105604848	-1.060861399042	-1.45807139851199	-0.820833561994526	1.32504853749938	0.580448082592226	NA	0.132598829167873	-3.22055626115989	0.228897301816322	-0.0208769319792462	1.33059580700722	-0.711958796357789	0.842870956865251	0.918872087183372	0.320802158123119	-0.729181305533029	2.31583491347902	-0.373513199343037
227	0.224855229538497	-0.92268895551525	NA	-0.168014860624647	0.498814963421725	0.824391742092294	0.324636606709851	-1.192374257217	0.658690164906098	0.136877304567116	0.113350201143631	-0.914992205784265	-0.669739414680555	0.264818526288525	0.0794273812218681	-0.973465859657751	0.561777100510237	-0.113917548233414	0.669644878176185	1.32082462031377
321	-0.583487372434337	0.322290874738824	0.360590602092838	0.0032684839476003	0.479954844212386	-0.542450115574257	-0.0771734638246146	0.105682892479892	0.911913776914136	-0.271677728246501	-0.379412641154643	-0.0925159419790105	-6.7342245605904e-05	0.465583082953431	0.758099102951931	-0.0617651203299901	-0.818989872168526	NA	0.135070773164555	-0.0403541793120014
72	-0.910451434320516	-0.367240610656442	0.936717274935317	1.05033880163353	-0.471993170042267	1.61388715736032	-0.125562531271108	-0.596010029540559	0.0605510758324181	-3.49304979077933	1.27943763250155	-0.713834366835458	1.36304764538035	-0.184527195540992	1.52956323398728	NA	-2.42823101314004	-0.744636340758539	1.94889713310335	0.926757162975101
378	0.767508761460017	0.14003098819437	0.384321967417651	0.304438347072516	-0.347545408388413	0.266829016573648	0.591543844027535	-0.454397243637833	NA	0.411873003121719	-1.51147627499576	0.0292213333191162	0.774281889928857	0.595164001422169	-0.106092346670373	-0.418431474951158	0.332116585106279	-0.70144924989742	-0.378368184064275	-0.0841477471270638
34	-1.12981950592658	1.22194595988536	0.0892997071199996	0.340270878867003	0.123627836522513	-0.908050303120053	0.10443109341437	-0.0785907006257847	-0.356242891715126	0.0617113318072841	NA	-0.540030124299445	-1.48461840031821	0.508089553047681	0.166003828337714	-0.477684395663783	1.55159182101889	0.212586851163935	0.276093289295927	0.913917822046252
132	-1.55885668501571	0.881870687261023	-2.43498816254355	-1.14308103002748	0.0797250426537602	1.86202824816032	1.54698957545725	0.493045798411308	-0.303980105017306	0.561759123454287	-0.233458282680368	-1.66027023133297	1.69152975807333	-0.826164705754193	-0.492204625471489	0.727982278636601	NA	1.32870749818715	0.54833362208661	-0.593693931218791
144	NA	-0.279569297036481	-0.0779790120585587	-0.0576961071005964	-0.498197141635338	0.790302076774165	-0.361612396998513	-0.489086115872043	-0.206298835983146	0.344171279030176	0.921765206763786	-0.17389279455574	-0.147016687932053	0.0430929079563144	0.103406105669923	0.192453284768775	0.222444577604619	-0.683709774659424	1.01909763372738	-0.257561778805625
137	-0.837016363928642	0.462451232749591	0.537059393151079	-0.345145575504861	-0.0947099264083277	-0.515731506990497	-0.520533997924799	-0.453692255872464	0.804485317939583	0.199230656536972	NA	0.452737352351995	0.797212214531159	0.594404815530868	0.328102403445288	0.636056985805346	-0.916390299171038	-0.639342228557656	-0.0122249188585088	-0.0983210408740221
368	0.248104500254092	0.553398120557183	-0.398075250425641	0.21830362440404	0.0228006156186714	0.664597417152519	-0.264510610525765	0.422762453813871	0.376521617597605	-0.0670632619518649	-0.191611333291124	0.532134483542399	NA	-0.0715370163373404	-0.788327686593095	-0.724612129467172	-0.0432345022801524	0.0767254874106454	-0.0774886743299249	-0.2215814875824
320	-0.442978705802688	0.35361286694042	0.963631920757919	0.032549772637185	0.483280378120004	-0.312385766846261	0.606675009157587	0.408717909743082	-0.0947016938443109	0.243227189807665	0.940986886250467	-0.946855319901709	-0.266635535666114	0.487630574564395	NA	-1.48056606192423	-0.499291489754913	-0.497672005122764	0.315841756836528	-0.033368330996481
230	0.218912532035702	-1.22903490848556	0.582450833689889	1.02018148350815	-0.561684754537465	-0.167056735863017	-0.196397192332211	-0.8371639561197	1.28656432026162	-1.1787736364911	0.268571151339728	NA	1.32456365169408	-0.339190561778744	0.394806182121734	-0.673025689705466	-0.422276783398701	-0.578709185417768	0.0510759792696002	1.25815263265804
56	0.61743598211125	-0.624438433101547	0.312628574542557	1.51460474117706	0.582553258104612	-0.644519405810135	0.683639981485004	2.21134800459012	-2.03398315402279	-0.327450785170731	-1.06844020529964	0.695239011850327	0.568801822616973	0.653451165813245	-0.531453713417128	NA	-0.296035191121776	-3.9590284214553	1.55894775199463	0.267321294740138
222	0.503047712984921	-0.638952040186365	0.416862108714615	0.490888869709313	-0.303083129404928	0.0183072637215462	1.59741054971	-0.0865825018440847	NA	-0.549911170316769	1.87712061324442	1.41898533272054	-1.81328160761408	1.60978767119832	-0.376410294415401	-0.73098698835996	0.524294270943541	-2.27898647254113	-1.12565622506322	-0.389838100556484
121	-0.0635501270901978	1.53550041794238	-0.827280567109294	1.93058396234128	-0.112735428802739	-0.29716601058291	-0.332843710909366	0.990551731262986	-0.639771122135961	0.306572604296672	-0.364405587714957	0.360051703506651	-0.651995670205483	NA	0.223928295718568	0.239081327534427	0.0218265762759896	-0.908068911480965	-2.23862907831391	0.918011533271138
