AA_Substitution	Mutation_type	PHRED	all_reps_zscore
M1I	M	24.133333333333333	0.8670752920298945
M1K	M	23.6	0.4302068708269952
M1L	M	21.15	0.6384266275932461
M1R	M	23.6	-0.5439849163543751
M1T	M	23.1	-0.00154817947321525
M1V	M	22.8	1.7043720739624846
M2I	M	24.433333333333334	0.41724710622233374
M2K	M	23.7	2.0466004214879123
M2L	M	21.799999999999997	0.07275327906325996
M2R	M	23.9	0.9386039549546484
M2T	M	23.3	0.6215205757357751
M2V	M	21.2	2.198175690512609
M3I	M	22.933333333333334	1.5123561122332705
M3K	M	22.4	-0.36688376736934575
M3L	M	22.05	0.4767456479431805
M3R	M	24	1.115522276640887
M3T	M	23.4	-0.06945806570684417
M3V	M	21.3	1.4197513420731618
M4I	M	24.866666666666667	0.2026940958959812
M4K	M	24.2	-0.30230400043235406
M4L	M	22.2	0.8554975534135187
M4R	M	24.7	0.4858426692692338
M4T	M	23.8	0.6840155071756503
M4V	M	23.3	0.6070717980284676
A5E	M	26.9	0.03286325934709262
A5G	M	28.5	0.1961675495790525
A5P	M	24.2	0.20253983845879445
A5S	M	25.3	0.30379269994151153
A5T	M	25.8	0.10910883066551048
A5V	M	25.4	0.8965047966320258
L6M	M	19.59	0.24134739306695996
L6P	M	25.1	0.3672421417389933
L6Q	M	27.1	0.8119693530871475
L6R	M	26.7	0.5114679466944193
L6V	M	18.63	0.525516640854733
S7C	M	28.3	-0.1235645683725335
S7G	M	23.7	0.536575777750562
S7I	M	25.9	0.5608930148548839
S7N	M	25.3	0.41179359340765065
S7R	M	22.3	0.5006679936639211
S7T	M	23.6	0.325959217497316
K8E	M	27.2	0.720806686312348
K8M	M	29.5	-0.24884291310713005
K8N	M	28.049999999999997	-0.0034637638431629
K8Q	M	23.3	0.01909214240995468
K8R	M	22.9	-0.01763866989365987
K8T	M	25.3	0.225881310814626
T9A	M	24.8	0.11935138123546175
T9I	M	24.3	0.7955495138782666
T9N	M	25.3	-0.11491721188536086
T9P	M	28.8	-0.7484794303554889
T9S	M	24.15	-0.4008317027930339
F10C	M	28.5	1.1415861720313856
F10I	M	25	-0.1626714056386277
F10L	M	24.5	0.184684463848078
F10S	M	25.3	-0.5655068075045419
F10V	M	25	0.06085023517657743
F10Y	M	21.3	-0.42759742652026467
G11A	M	28.9	-0.18858201707410224
G11E	M	29.7	-0.2457380518276411
G11R	M	32	0.235729443768149
G11V	M	29.3	0.01485740217301137
G11W	M	33	0.6069016202579481
Q12E	M	21	-0.12830063168496977
Q12H	M	23.1	-0.1050094827111494
Q12K	M	22.9	-0.3950417239811414
Q12L	M	23.6	0.21609363927945963
Q12P	M	22.9	0.6659611478925793
Q12R	M	23	0.24530691943157024
K13E	M	25.8	0.2123401914043207
K13M	M	29.9	-0.8416686768788054
K13N	M	24.450000000000003	-0.41150019745013394
K13Q	M	25.7	-0.9072772485025794
K13R	M	23.4	0.8754765884068397
K13T	M	25.2	-0.9338757978068332
P14A	M	27.3	-1.0130897175355378
P14H	M	29.7	0.28995813869696585
P14L	M	31	-0.671858617325443
P14R	M	29.7	-0.30921002969083705
P14S	M	28.2	0.065397298126371
P14T	M	27.7	0.04197631007407034
V15A	M	22.6	-0.00723705942016161
V15E	M	22.9	0.2751132420896524
V15G	M	23.6	-0.02345840471295053
V15L	M	23.6	-0.4039390796374796
V15M	M	24.2	0.6675909934382085
K16E	M	22.7	0.06706617090949178
K16M	M	26.7	-0.17358245438189662
K16N	M	21.9	-0.6648032741228221
K16Q	M	23.7	-0.9607005919482062
K16R	M	22.9	0.3530001990446123
K16T	M	22.1	-0.17866676139257054
F17C	M	31	-0.2644903100370919
F17I	M	28.4	-0.608429242874228
F17L	M	26.733333333333334	-0.09243194050564266
F17S	M	31	-0.16906485070617375
F17V	M	29.3	-0.4885087618539985
F17Y	M	28.4	-0.25526103768255326
Q18E	M	24.3	-0.7597453810446604
Q18H	M	22.55	-0.265114975100069
Q18K	M	23.2	0.2969343159071609
Q18L	M	24.2	0.9550350044209396
Q18P	M	26	-0.09486332002860588
Q18R	M	22.1	-0.2930265317589464
L19M	M	24.4	0.3403417202144004
L19P	M	27.5	0.07474814144904793
L19Q	M	27.5	0.17735728948446852
L19R	M	28.1	0.32377540617735623
L19V	M	22.6	-0.1576374857836107
E20A	M	25.4	-1.4651737263177351
E20D	M	19.025	-0.5235562654795074
E20G	M	27.8	-1.6140715264667629
E20K	M	27.3	0.25771480887040343
E20Q	M	25.1	-0.8502287093105453
E20V	M	28.3	-1.356700908893388
D21A	M	24.1	-1.460576628900963
D21E	M	12.32	-0.4254954830567303
D21G	M	24.7	0.10596801625150756
D21H	M	29.8	-1.4738287026329324
D21N	M	26.2	-0.6086046480698275
D21V	M	28.5	-1.5562367601765623
D21Y	M	33	-0.3428714076243468
D22A	M	23.9	-1.958622045124024
D22E	M	21.490000000000002	-1.3342133512622814
D22G	M	21.8	-0.2539223370045295
D22H	M	25.5	-0.973482833798646
D22N	M	22.8	-0.5510621539469656
D22V	M	23.7	-0.8271112641477463
D22Y	M	25.5	0.3211611892111719
G23A	M	28.3	0.15757766600510562
G23C	M	32	-0.20079538646066075
G23D	M	28.4	2.9690741139611526e-4
G23R	M	32	-0.47675203906379976
G23S	M	31	0.08074017446708263
G23V	M	28.7	-0.6134875226605588
E24A	M	24.3	-1.0727838443120832
E24D	M	14.585	-0.31434266090698837
E24G	M	25.4	0.2164406811538234
E24K	M	27	0.1872719356128843
E24Q	M	27.2	-0.6155649240455024
E24V	M	26.5	-2.006724191259744
F25C	M	24.7	-0.9139090815998202
F25I	M	23.1	0.2948846340883747
F25L	M	23.066666666666666	0.4718118553021981
F25S	M	23	-1.482787877983764
F25V	M	23.6	-1.0482704707160453
F25Y	M	22.4	-0.45449670807841414
Y26C	M	29.4	-0.08457023683740582
Y26D	M	29.1	-0.0973006304329674
Y26F	M	23	-0.11767693488615016
Y26H	M	25.5	-0.03660209896618136
Y26N	M	28.4	-0.5304587741199357
Y26S	M	28.6	-0.4086359331285516
M27I	M	25.9	0.02996690701913731
M27K	M	25.4	0.6841777243937535
M27L	M	23.05	-0.12082850223898772
M27R	M	27.9	0.8103996202417753
M27T	M	24.6	0.4511664465887213
M27V	M	24.2	0.9537453656604068
I28F	M	28.7	-0.4741170556938765
I28L	M	23.4	0.6206823132935875
I28M	M	25	-0.1684120716861045
I28N	M	29.4	-0.481408518086926
I28S	M	29.4	-0.08860453091089757
I28T	M	25.2	-0.01052036688042578
I28V	M	25.5	-0.41198210581948674
G29A	M	26.5	-0.4103011494679511
G29C	M	32	0.11687727949647508
G29D	M	32	0.1398634441768255
G29R	M	29.9	-0.01309236674150887
G29S	M	26	0.4874695996971643
G29V	M	32	-0.04611930507529122
S30A	M	23.5	-1.0785231407974305
S30C	M	28.5	-0.04657302534245407
S30F	M	29.8	-0.9869698467985012
S30P	M	32	-0.12175676445374312
S30T	M	27.1	-0.9637552572627636
S30Y	M	27.8	0.4588671470246196
E31A	M	34	-0.35485129180562225
E31D	M	38.5	0.08107166447741607
E31G	M	35	-0.01111510888292504
E31K	M	34	0.3465374187400514
E31Q	M	35	-0.879291499454092
E31V	M	35	-0.8171194936543545
V32A	M	32	0.01893110774453917
V32E	M	33	1.2028334639690583
V32G	M	33	0.7919689750034873
V32L	M	32.5	-0.0926717628737412
V32M	M	34	-0.06280439774500579
G33A	M	29.6	-0.6791328065877933
G33E	M	32	0.23944329664605313
G33R	M	32.5	-0.3766553200651091
G33V	M	31	-0.07507167207880468
N34D	M	28	0.08929970711999956
N34H	M	27.5	-0.9080503031200532
N34I	M	29.2	0.10443109341437028
N34K	M	27.45	-0.0785907006257847
N34S	M	23	0.16600382833771418
N34T	M	27.3	-0.4776843956637827
N34Y	M	29	0.27609328929592664
Y35C	M	31	0.8190345215939273
Y35D	M	31	1.1561532544869622
Y35F	M	25.4	-1.5721886047357363
Y35H	M	29.5	-0.360907804685589
Y35N	M	29.9	-0.26685774096292086
Y35S	M	30	0.6868167962401085
L36F	M	29.1	-0.18050204363501213
L36H	M	32	0.5144385271679945
L36I	M	27.5	-0.36348356970863754
L36P	M	33	0.27419441827558316
L36R	M	32	0.7580582716591427
L36V	M	27.1	0.08696987124443133
R37C	M	34	-0.09852985195182956
R37G	M	32	-1.3005424433734063
R37H	M	29.9	0.2767539765940259
R37L	M	33	-0.13567280772110318
R37P	M	33	-0.5883782355331952
R37S	M	30	0.2880287022393648
M38I	M	25.1	-0.5805471604471099
M38K	M	25.8	0.601261856557734
M38L	M	21.2	0.7066439079306113
M38R	M	28.2	-0.28547261790950457
M38T	M	24.8	0.15434249445132356
M38V	M	24.3	0.9336419473916556
F39C	M	31	1.4972005214798283
F39I	M	28.5	0.5320683773133479
F39L	M	28.1	-0.33434094443963897
F39S	M	30	0.10598841602169172
F39V	M	28.4	1.2981753227951895
F39Y	M	27.8	0.3911319412311446
R40G	M	30	-0.29687434233848964
R40L	M	34	0.12862414615778814
R40P	M	34	0.5362810758173692
R40Q	M	33	-0.3098028911291909
G41A	M	29	0.3447533977703827
G41C	M	32	0.6614226657967858
G41D	M	30	0.07744590688469731
G41R	M	32	-0.00866401310737443
G41S	M	30	0.34198844655299826
G41V	M	31	0.48159597239093305
S42A	M	23.4	0.00487422762140918
S42C	M	29.7	-0.3253956603355098
S42F	M	29.9	0.2930230085670731
S42P	M	29.5	0.4092279617052995
S42T	M	22.8	-0.3441550040849624
S42Y	M	29.6	0.24690780135314044
L43M	M	28.1	0.29171498325873135
L43P	M	32	0.9066837937143374
L43Q	M	29.9	-0.3701055017886136
L43R	M	31	-0.5255841657062166
L43V	M	26.6	-0.12253815275835046
Y44C	M	29.9	0.13375595665031453
Y44D	M	29.5	1.352242835498631
Y44F	M	27.6	0.5577007798315434
Y44H	M	29.1	0.5917244331844969
Y44N	M	29.3	0.15193527744722188
Y44S	M	29	-0.20013503657196935
K45E	M	28.8	0.7933248680666736
K45M	M	29.9	-0.3528033031334535
K45N	M	30.25	0.572500684392316
K45Q	M	27.8	1.394033117720033
K45R	M	27.5	0.25849170077558464
K45T	M	28.5	2.112439810210849
R46G	M	28.8	0.7686559153129109
R46I	M	33	0.8091049888494383
R46K	M	22.2	0.00120867767375712
R46S	M	23.450000000000003	-0.5844989759057414
R46T	M	31	-0.3671198943508198
Y47C	M	30	-0.8081477300068092
Y47D	M	31	1.3674229806410012
Y47F	M	23.3	1.1238654918429545
Y47H	M	29.4	0.7179555527188354
Y47N	M	29.7	0.4739940416952017
Y47S	M	29.5	-0.05857834160183237
P48A	M	28.1	0.27486487181647695
P48H	M	31	0.3198634462896826
P48L	M	32	-1.2837358967254588
P48R	M	31	0.4400431015922195
P48S	M	28.4	0.2743851390553188
P48T	M	28.6	0.11433918612779197
S49A	M	23.4	-1.4816840036530845
S49L	M	24.8	-0.721762210559401
S49P	M	29.6	0.5187258993604107
S49T	M	23.3	0.0998039760301825
L50F	M	28.3	0.6385188325895418
L50H	M	29.8	0.8319504190658349
L50I	M	26.5	0.2109578469475888
L50P	M	32	0.5380262129015899
L50R	M	31	-0.5243994220989283
L50V	M	24.6	0.2558898360459561
W51C	M	30.6	-0.33997339170321816
W51G	M	27.2	-0.22850077283102505
W51L	M	28.2	0.26920276215227307
W51R	M	26.35	0.3234222853226965
W51S	M	28.1	-0.7271333339710119
R52G	M	28.1	0.4097821468988821
R52K	M	23.8	0.18258861041458715
R52M	M	32	0.14991700228202742
R52S	M	28.5	0.8886303692379809
R52T	M	29.6	0.17168906757234662
R52W	M	28.3	-0.3886059386404237
R53G	M	26.3	1.4869038351554902
R53L	M	27.8	0.684154466527468
R53P	M	29.2	0.9398191632846656
R53Q	M	28.7	0.4776780822471216
L54I	M	23.1	0.741477670501792
L54P	M	26.4	0.3445546010495792
L54Q	M	26.1	0.7053897555709999
L54R	M	26	0.4943881514110608
L54V	M	23.2	0.5170473361380249
A55D	M	26.3	0.37475126977794737
A55G	M	26.3	0.6454241205932283
A55P	M	31	0.39533010044685735
A55S	M	25.7	-0.04131135800197321
A55T	M	24.6	0.7423161189837123
A55V	M	23.7	0.3043987183183184
T56A	M	24.3	0.6174359821112495
T56I	M	25.5	0.6836399814850039
T56N	M	24.9	-1.0684402052996371
T56P	M	28.5	0.6952390118503272
T56S	M	22.35	-0.5314537134171283
V57A	M	22.7	-1.0577795683279168
V57E	M	22.6	0.21964384372749443
V57G	M	24.3	0.3710940241061725
V57L	M	23.25	-1.1488216537180245
V57M	M	24.3	-0.10151829484699536
E58A	M	27	0.26159116526011483
E58D	M	16.175	-0.2706019966164688
E58G	M	28.5	-1.456215054893975
E58K	M	29.7	0.9716876828607826
E58Q	M	32	0.164374822333829
E58V	M	33	0.03544182981286664
E59A	M	25.7	0.06107629789851967
E59D	M	22.200000000000003	0.05781493867554763
E59G	M	33	0.20985881984784485
E59K	M	32	0.20717305048038737
E59Q	M	31	0.9825863031761576
E59V	M	31	0.03183927555757295
R60G	M	27.9	-1.0535429005544683
R60K	M	24	0.34903519747521733
R60M	M	27.2	-0.4865431835160406
R60S	M	34	-0.00520535047508617
R60T	M	27.3	0.5727320166442921
R60W	M	28	-0.8355450452268331
K61E	M	24.8	-0.5741442744584352
K61M	M	29.1	-0.47971357777380746
K61N	M	28.35	-0.03524557210736619
K61Q	M	26.3	-0.3211203388864417
K61R	M	23.5	-1.343109350813639
K61T	M	25.2	0.7923511244484752
K62E	M	24.1	0.5582934454474106
K62I	M	23.3	0.0762469438220644
K62N	M	25	0.3382829473272426
K62Q	M	23.8	0.941143788569503
K62R	M	21.7	0.4531454250800557
K62T	M	23.7	1.0843144990981937
I63K	M	24.9	0.5378741772724804
I63L	M	21.9	0.8422847147745535
I63M	M	22.4	-1.6247378218851607
I63R	M	25.3	0.8940330001147896
I63T	M	25.1	-0.07417620001738358
I63V	M	22.5	-1.0094686700521995
V64A	M	23.1	0.07320587957321835
V64D	M	24.1	-0.41984384211995407
V64F	M	25.6	0.09596832755766375
V64G	M	27.5	0.1919608158500013
V64I	M	22.7	-0.4576833038050171
V64L	M	23.5	0.06091388495594191
A65E	M	22	-0.6472304463940773
A65G	M	23.4	-0.5125529627298967
A65P	M	26.6	-0.8017758148873453
A65S	M	23.7	-0.5955800108021745
A65T	M	24.9	-1.1039793730119831
A65V	M	24.1	-0.9588566538814524
S66A	M	22.1	0.4000725795647433
S66L	M	25.2	0.06597713815716125
S66P	M	23.8	0.11350027545773514
S66T	M	22.1	0.05376271767136243
S66W	M	29.8	0.5164850354875515
S67A	M	23.1	-0.10153522803140892
S67L	M	24.9	-0.7613593309989217
S67P	M	24.3	0.13338290733109476
S67T	M	23	-0.17515833737019926
H68D	M	23.4	0.20023249858930145
H68L	M	22.1	-2.6894330621294973
H68N	M	22.7	-1.2044956459763578
H68P	M	23.1	-1.1177240742974257
H68Q	M	22.15	-2.387589488553037
H68R	M	22.4	-1.3543184673558817
H68Y	M	22	-1.3570057576004138
G69A	M	25.3	-0.8717030644622014
G69C	M	34	-1.4347064891876682
G69D	M	29.3	0.08584414003378443
G69R	M	35	0.5329044569553321
G69S	M	31	-0.47107599925449567
G69V	M	29.9	-0.6070476109101705
K70E	M	22.6	-0.21754374696312376
K70I	M	24.6	-0.06599101226023958
K70N	M	23.4	1.1302174775643696
K70Q	M	23.6	1.069388944419474
K70R	M	23.9	-0.1246584811833998
K70T	M	23.6	0.14068611553081495
K71E	M	22.9	-0.6791293462164886
K71I	M	22.3	-1.138144397706152
K71N	M	23.45	0.4333944529469298
K71Q	M	22.6	-0.4352708065109496
K71R	M	22.5	-0.8824265435766736
K71T	M	22.5	0.7062886097859645
T72A	M	20.6	-0.9104514343205158
T72I	M	22.4	-0.12556253127110792
T72K	M	22.9	-0.5960100295405589
T72P	M	21.3	-0.7138343668354581
T72R	M	22.8	-0.18452719554099217
T72S	M	18.89	1.5295632339872782
K73E	M	21.8	-0.3735131993430367
K73I	M	23.1	0.5804480825922258
K73N	M	22.45	0.22889730181632176
K73Q	M	22	1.3305958070072168
K73R	M	22.3	-0.7119587963577894
K73T	M	21.9	0.9188720871833722
P74A	M	22.8	1.1574958733666043
P74H	M	25.3	0.00444459986143993
P74L	M	23.7	-2.2459242660138576
P74R	M	23.6	0.03969137569448422
P74S	M	23.1	-1.8133752436393176
P74T	M	22.7	-0.06117968031818418
N75D	M	22.6	-0.9465322877145508
N75H	M	21.5	0.9634735407460788
N75I	M	22.3	2.110124017761053
N75K	M	22.4	-0.5702431176782644
N75S	M	19.71	1.039834669016105
N75T	M	22.7	2.244368732899054
N75Y	M	21.2	1.0337989354709936
T76A	M	18.71	-0.23218836634796705
T76I	M	23.3	-1.15644553392821
T76N	M	22.1	-1.1907416171266385
T76P	M	20.4	-1.1287539916105696
T76S	M	19.32	-1.3090095349646926
K77E	M	22.3	1.1652682403755537
K77M	M	25.2	-1.328679811542537
K77N	M	23.6	0.3817000563290325
K77Q	M	22.1	2.0077820273522056
K77R	M	23.3	-1.2793138429732929
K77T	M	23.9	-0.48015668913320503
D78A	M	22	0.5357428223383873
D78E	M	17.33	-0.47147355451554673
D78G	M	20.4	0.424081297832154
D78H	M	32	-0.1138973229800615
D78N	M	31	0.3382591563443336
D78V	M	24.5	-2.510093259948094
D78Y	M	29.9	0.21136634127873435
H79D	M	20.9	0.8815308113532511
H79L	M	19.36	-0.5451007955114568
H79N	M	20.8	-1.498594762286208
H79P	M	20.3	-0.06074417142101554
H79Q	M	0.1715	-0.676870877259443
H79R	M	19.36	-0.3697996687038499
H79Y	M	19.71	-0.5934939946741102
G80A	M	23.5	0.32425083215927636
G80E	M	23.6	0.5099968894244981
G80R	M	24.45	-0.25395184406655624
G80V	M	23.9	-1.1681684232081622
Y81C	M	21.8	0.33679696622305977
Y81D	M	22.9	0.4629110241322677
Y81F	M	19.87	0.935394291451594
Y81H	M	20.4	0.1428027642562725
Y81N	M	21.2	0.9469447505740692
Y81S	M	20.6	-0.02953444157418816
T82A	M	19.46	-0.03850981723172265
T82K	M	22.8	0.4722021837944617
T82M	M	22.8	-1.2773919103144886
T82P	M	21.1	0.8529459740902092
T82R	M	22.7	0.10097130986445624
T82S	M	18.98	0.5319532864465013
T83A	M	20.2	-0.20336604930881683
T83I	M	21.6	-0.6535538369784754
T83N	M	20.7	-0.7361564242273152
T83P	M	21.2	0.1350238230340727
T83S	M	18.619999999999997	0.5652758019683427
L84I	M	19.18	0.2764060066312021
L84P	M	24.3	-1.3358738995148678
L84Q	M	26.3	-0.20037172206606033
L84R	M	26.1	-1.2295523726818285
L84V	M	18.89	-0.8071829510854428
A85D	M	24.3	-0.5828017082341125
A85G	M	24.1	0.08346774420751912
A85P	M	23.4	1.3325874089875356
A85S	M	22.2	-0.5300561157133122
A85T	M	24.6	0.11836203333674324
A85V	M	24.4	-0.485295647741431
T86A	M	22.1	-0.14650105168872649
T86I	M	24.2	0.3058203913304249
T86N	M	25.2	-0.768148246971326
T86P	M	26.5	1.1426182303398853
T86S	M	20.65	-0.664442732564756
S87C	M	27.2	1.0649990587771112
S87G	M	22.6	-0.420054438523344
S87I	M	29.1	-0.02219358278189986
S87N	M	21.2	0.136158247911011
S87R	M	20.403333333333332	-1.4191842645895287
S87T	M	24.7	-1.0941768711625015
V88A	M	24.2	-0.5554764905291719
V88E	M	27.2	0.03951245013935654
V88G	M	26.9	-1.696405357669085
V88L	M	23.35	-0.7833988056138033
V88M	M	28.3	-1.063241392006101
T89A	M	23.7	-0.3966225794918976
T89I	M	22.7	0.15082974377983083
T89N	M	23.7	-1.454191611288144
T89P	M	24.5	1.0329425103445926
T89S	M	20.65	-0.897541959782253
L90M	M	23.5	-0.8514799633570886
L90P	M	27.5	0.1341711267623941
L90Q	M	27.1	0.6999273207491254
L90R	M	27.2	0.6073314186604744
L90V	M	23	0.6563990402985962
L91F	M	20.65	-0.0496066783684411
L91I	M	18.39	0.4771957603761901
L91S	M	26.3	0.2115256792461327
L91V	M	10.48	0.21992264938818704
K92E	M	26.8	-0.8720971163155573
K92I	M	28.8	-1.5229860256910872
K92N	M	23.7	-1.0498359826615589
K92Q	M	26.6	-0.952523849876391
K92R	M	22	-1.232298896192571
K92T	M	26.7	-1.3539802839641186
A93D	M	27.7	-0.23539600949418493
A93G	M	27.6	-0.40303278003185833
A93P	M	29.7	-1.187920779584927
A93S	M	25	-0.9800275389001036
A93T	M	29.1	0.44832732270240655
A93V	M	25.3	-0.2913696109218779
S94A	M	22.8	-0.5355337616250088
S94L	M	26.2	0.3862493482462151
S94P	M	27.5	-0.3980586023102072
S94T	M	22.5	0.00469112201624338
S94W	M	31	-0.03415952431430016
E95A	M	28	-1.7509461990397608
E95D	M	22.95	-0.3458986357329548
E95G	M	29.5	-0.5396260844424249
E95K	M	32	0.1521513974140943
E95Q	M	29.1	1.718772920362804
E95V	M	29.8	0.18198874717743987
V96A	M	24.4	-2.3093267121149132
V96E	M	26.8	1.457711023548366
V96G	M	27.8	-1.355823084014225
V96L	M	24.75	-0.4253173052103052
V96M	M	28.5	-0.12748231017447306
E97A	M	25.1	-0.6848163867474931
E97D	M	14.79	-0.7161690211965372
E97G	M	29	-1.1454964983521716
E97K	M	31	1.1441726302953512
E97Q	M	25.7	0.786505724496393
E97V	M	29.4	-0.5997848993940129
E98A	M	27.7	-0.5843599931242633
E98D	M	21.200000000000003	-0.4773803854857491
E98G	M	29.6	-1.189084450489872
E98K	M	32	0.3577984382430647
E98Q	M	29.3	-0.2383037658164765
E98V	M	28.3	-1.037827068562604
I99F	M	26.8	-0.7112234822971161
I99L	M	22.4	-2.3299750384856255
I99M	M	19.66	-0.7991837308118328
I99N	M	27.6	0.5198871286996539
I99S	M	27.9	0.11075599524777972
I99T	M	26.2	-0.8498795527005406
I99V	M	22	-0.6030900660473542
L100M	M	22.5	-0.8121417179213387
L100P	M	27.5	0.23697821475147984
L100Q	M	27	0.5227336498950762
L100R	M	27.4	-0.3158704014390337
L100V	M	21.9	0.5658378278125561
D101A	M	21.8	-1.1381030998611057
D101E	M	0.002	-0.9223010670211876
D101G	M	23.4	-1.6084915675039562
D101H	M	25.6	-0.35712297803246096
D101N	M	23.6	-0.648177869216785
D101V	M	24.4	-0.793400073496552
D101Y	M	26.3	-0.6979192057318235
G102A	M	25.5	-0.551181102449814
G102C	M	28.6	-0.7891247942133075
G102D	M	25.9	0.9054570244330244
G102R	M	27.6	-0.5146800977690732
G102S	M	27.7	-0.15338080902882917
G102V	M	25.8	-0.8437336292492795
N103D	M	23.2	0.01288748638400971
N103H	M	21.3	-0.27729692561954666
N103I	M	23.8	-0.8961526458008935
N103K	M	0.016	-1.145979156895363
N103S	M	21	-0.8016170704229038
N103T	M	23.3	-0.7577197567821295
N103Y	M	23.5	-0.3983570310597176
D104A	M	24.8	-0.41063939968607177
D104E	M	13.48	-0.01317908822026726
D104G	M	23.6	-0.2783289122283288
D104H	M	28.6	1.258254155026714
D104N	M	29.4	-1.9822179966032445
D104V	M	27	0.9791783030250992
D104Y	M	29	-2.9453317949147904
E105A	M	24.6	-1.2497634668867272
E105D	M	20.55	-0.6852628549911381
E105G	M	23.8	-0.391702286097693
E105K	M	24.6	1.0204446218331666
E105Q	M	28.2	1.1356744458458896
E105V	M	27.4	-2.0688948315884677
K106E	M	27.2	-0.4603598831508776
K106M	M	28.5	-0.6355896432736723
K106N	M	23.25	-2.255156084254819
K106Q	M	27.2	-1.732244674375647
K106R	M	24.3	-1.5563568117857132
K106T	M	27.3	-2.4019544647181865
Y107C	M	28.5	0.32648400356925467
Y107D	M	28	2.1616800614709235
Y107F	M	24.2	-0.1216388341805332
Y107H	M	28	0.6172043858737658
Y107N	M	27.9	1.0410870995087356
Y107S	M	27.5	-0.8570284698167423
K108E	M	25	-0.1604075089147173
K108M	M	28.1	-0.7139440517236781
K108N	M	25.700000000000003	-0.5335339104511138
K108Q	M	26.4	-2.008103156321732
K108R	M	22.4	-0.3217950859385167
K108T	M	26.6	-0.4623428175571291
A109D	M	27.5	0.35023578553181545
A109G	M	24.2	-0.316984515066877
A109P	M	29.5	-0.6788172929803087
A109S	M	23.5	0.06739245577737885
A109T	M	24.1	0.2821012165353647
A109V	M	28.7	0.4222615149034274
V110A	M	22.6	-0.02225086448057178
V110E	M	24.9	0.3480882160583291
V110G	M	23.4	0.3428629477608848
V110L	M	23.05	-0.2823128956553881
V110M	M	25.6	-0.2830094524066791
S111A	M	22.7	-0.6522292760840276
S111C	M	28.2	0.9385343765738616
S111F	M	28.7	0.5060325503970953
S111P	M	27.3	0.41677686942423087
S111T	M	22.2	0.15091811439580058
S111Y	M	27.9	0.18428031048115948
I112F	M	24.5	-0.4551978442690141
I112L	M	22.2	-0.38621782534107896
I112M	M	19.74	0.2459136779239954
I112N	M	24.9	0.5545091122204824
I112S	M	23.2	-0.39446086819460024
I112T	M	22.7	-0.01287229939245925
I112V	M	20.4	0.8031520002531509
S113C	M	24.6	-0.4508609632232013
S113G	M	22.5	0.3216850140788035
S113I	M	25.4	0.1504293739263328
S113N	M	23.1	0.98485002533602
S113R	M	21.833333333333332	0.6173290615482316
S113T	M	23.1	-0.19121302974124524
T114A	M	22.4	-0.5339448537976822
T114I	M	22.6	0.5480691170312749
T114K	M	23.9	0.393076628271096
T114P	M	24.4	0.2287604616147556
T114R	M	24.1	-0.08434574699393878
T114S	M	21.3	0.16351725868097286
E115A	M	23.3	-0.49921969540768224
E115D	M	19.025	0.31701080680134025
E115G	M	23.9	-0.7111498274564803
E115K	M	24.6	0.8666561756912076
E115Q	M	24.1	-0.08655849382914098
E115V	M	23.7	0.6535212505732336
P116A	M	22.6	-0.6309905216119476
P116H	M	25.5	0.3704489801147303
P116L	M	23.7	-0.755980252775718
P116R	M	25	0.9313551062659652
P116S	M	23	0.35727616182776134
P116T	M	22.7	0.19377474106152384
P117A	M	22	-1.0585815627641364
P117H	M	28	0.10258564638340796
P117L	M	25.3	-0.8644424072497497
P117R	M	27.6	-1.0840432865063372
P117S	M	23	-0.3085420330697816
P117T	M	22.9	0.04561303063713023
T118A	M	21.2	-0.8817402378856233
T118I	M	23.2	-0.09810434909098044
T118N	M	22.5	-0.1449737787428554
T118P	M	22.9	2.269177635427103
T118S	M	21.3	-0.737200968443209
Y119C	M	23.5	-0.1996498088944081
Y119D	M	23	-1.589609340595934
Y119F	M	21.4	-0.1566330283917941
Y119H	M	23	0.9936170501195652
Y119N	M	22.8	0.2907729778278932
Y119S	M	22.3	2.0117767182252764
L120F	M	23.4	0.14553398550639307
L120H	M	24.6	-0.3985616694086575
L120I	M	22.4	-0.07626390747981747
L120P	M	22.6	0.1972539545060329
L120R	M	22.7	0.649011845711173
L120V	M	22.3	0.02481788286844439
R121G	M	27.8	-0.1127354288027394
R121K	M	34	0.9905517312629858
R121M	M	36	0.3065726042966724
R121S	M	19.490000000000002	0.22392829571856784
R121T	M	35	0.23908132753442707
R121W	M	34	-0.9080689114809656
E122A	M	22.1	0.6563881363958353
E122D	M	16.54	1.3080640139392092
E122G	M	23.9	1.332180939447138
E122K	M	24.8	1.0671144467299156
E122Q	M	24.5	0.6599947290714535
E122V	M	25.4	0.5375209889612065
Q123E	M	20.9	2.1975710235322916
Q123H	M	24.8	0.5185680871612839
Q123K	M	21.7	0.4577065094262187
Q123L	M	22.7	0.8832920093207371
Q123P	M	22.4	0.7752999432637743
Q123R	M	22.2	0.4865746695444366
K124E	M	27	-0.113661240792914
K124M	M	25.5	0.4074071901150298
K124N	M	18.055	0.4713450220107081
K124Q	M	27.2	2.750103415550839
K124R	M	23.9	-2.0738249165055365
K124T	M	26.5	1.5496852876277492
A125D	M	25	-0.01839591627515288
A125G	M	24.1	-0.11571877796625955
A125P	M	23.6	1.826682036458044
A125S	M	22.2	0.06593931556979409
A125T	M	23.6	0.5437369771366878
A125V	M	23.4	0.5054485050237016
K126E	M	25.5	0.5964864718891032
K126M	M	28.5	-1.6915607627392797
K126N	M	22.95	0.125158898817449
K126Q	M	27.5	0.14138111980237617
K126R	M	23.3	-0.8351279670874303
K126T	M	24.8	1.8627492249667992
R127G	M	28.6	-0.15944158080490903
R127K	M	23.7	-0.3464663840232237
R127M	M	32	-0.2293154919802695
R127S	M	23.75	-0.151255880806039
R127T	M	24.5	-0.24846340847267737
R127W	M	27.7	-0.5431105901422597
N128D	M	24.6	0.2484749573325493
N128H	M	25.3	0.04325308244103409
N128I	M	22.3	0.458484405389084
N128K	M	13.754999999999999	-0.6536604647530337
N128S	M	19.37	0.08677691342901078
N128T	M	21.3	0.5568757557236795
N128Y	M	27.8	0.34263395228041504
S129C	M	27.8	-0.3660861186881875
S129G	M	23.2	-0.27683234880965846
S129I	M	24	-0.24566864605860347
S129N	M	21.7	0.03814905849047011
S129R	M	20.463333333333335	-0.2948167346459824
S129T	M	22.8	-0.6618796986956418
Q130E	M	22.3	0.12429789297204508
Q130H	M	22.75	-0.8980919225132379
Q130K	M	23.7	-0.30901833948942437
Q130L	M	23.3	0.46628259180676945
Q130P	M	23.3	0.5125624480766071
Q130R	M	27.4	-0.04892308899850538
W131C	M	33	-0.7393057868263639
W131G	M	33	-0.36500621608959816
W131L	M	25.9	-0.6506973380107144
W131R	M	32.5	-0.4369844178195824
W131S	M	33	-0.1768015708009521
V132A	M	24.2	-1.5588566850157104
V132E	M	32	-0.5936939312187908
V132G	M	24.7	0.07972504265376017
V132I	M	25.7	1.546989575457251
V132L	M	25.700000000000003	-0.3039801050173065
P133A	M	27.3	1.1155164996971254
P133H	M	29.4	-0.18222057994650476
P133L	M	29.7	-0.5952090375251551
P133R	M	33	-0.6650548510712265
P133S	M	25.1	-0.10853868344948488
P133T	M	27.8	-1.3532386959618852
T134A	M	22.5	0.17541760704599835
T134I	M	27.6	-0.7790525414247864
T134N	M	23.1	-0.45073989359114514
T134P	M	24.4	-1.119437548590578
T134S	M	21.9	-0.6008719886582348
L135M	M	19.97	0.4882754732193581
L135P	M	28.2	-0.4034095279868433
L135Q	M	23.6	0.19192248858542948
L135R	M	27.9	-0.160192982976661
L135V	M	18.84	0.18442618559189417
P136A	M	24.2	-0.2588717689244754
P136H	M	28.2	0.08253614366101641
P136L	M	28.6	0.18036338543389885
P136R	M	28.1	0.09015547455846858
P136S	M	23.3	0.2336139700394737
P136T	M	23.2	0.37559852155112544
N137D	M	27.4	0.5370593931510793
N137H	M	26.3	-0.515731506990497
N137I	M	27	-0.5205339979247994
N137K	M	21	-0.4536922558724636
N137S	M	21.3	0.32810240344528785
N137T	M	24.2	0.6360569858053461
N137Y	M	27.4	-0.01222491885850884
S138C	M	28.1	0.3771767616659667
S138G	M	22.5	0.01669400795096657
S138I	M	29.1	0.12490227230681594
S138N	M	23.7	0.31799588904759446
S138R	M	24.166666666666668	-0.06232532455094513
S138T	M	23.5	0.2981100813846426
S139A	M	25	1.1078686589912894
S139C	M	29.3	-0.03663560101369781
S139F	M	29.2	0.563581092205995
S139P	M	28.8	0.5250974315600346
S139T	M	24.7	0.1101726915207318
S139Y	M	28.2	0.5550794308423216
H140D	M	28.1	-0.14544041284986664
H140L	M	26.4	0.4266807488797899
H140N	M	26.8	0.9940384627626632
H140P	M	27.4	0.22956489515242215
H140Q	M	18.79	-0.4417674164967694
H140R	M	25.8	0.35470719101780757
H140Y	M	26.4	0.5984770895981989
H141D	M	27.7	0.0741310688588233
H141L	M	26.3	0.3120327967738683
H141N	M	26.6	0.7397682351972052
H141P	M	27.3	1.6144026141786387
H141Q	M	17.314999999999998	-0.6807009924590038
H141R	M	25.7	0.3299002923934568
H141Y	M	26.8	0.7777429145570078
L142F	M	20.95	-0.41433903295636737
L142I	M	23.4	0.9045926673875356
L142S	M	26.7	0.3687505463786634
L142V	M	23.3	0.5035277941478835
D143A	M	26.1	0.05400963839944373
D143E	M	0.32399999999999995	0.4959933685544798
D143G	M	27.1	0.18865458804107071
D143H	M	28.7	1.224877058379743
D143N	M	28.6	-0.31299792699483897
D143V	M	26.6	0.00844922728747045
D143Y	M	28.8	-0.862926346707843
A144D	M	25.7	-0.07797901205855874
A144G	M	25.5	-0.4981971416353384
A144P	M	24.6	-0.17389279455573983
A144S	M	22.4	0.1034061056699232
A144T	M	25	0.19245328476877527
A144V	M	26.1	0.2224445776046188
V145A	M	25.4	0.7469275003968573
V145E	M	25.8	0.8320889664209024
V145G	M	25.9	0.6577987156121067
V145L	M	26.35	-0.4513126778916038
V145M	M	29	-0.2056293148154629
P146A	M	24.9	-0.16179584957521434
P146L	M	26.6	0.1699804882417272
P146Q	M	25.8	-0.02798387350987711
P146R	M	26	-0.39997722840936
P146S	M	25.4	0.3762213028109926
P146T	M	25.1	-0.03895311078195281
C147F	M	26.8	-0.3351004531307711
C147G	M	23.9	-0.11242472269704612
C147R	M	25.5	-0.32606061129880176
C147S	M	21.9	-1.1940977116049174
C147W	M	21.6	0.21406655757335535
C147Y	M	26.9	0.3497661074232407
S148A	M	21.7	-0.8367459079384435
S148C	M	27.8	0.5808926777337391
S148F	M	28.1	0.03981959874113711
S148P	M	23	0.106196659674531
S148T	M	22.1	-0.523561611132391
S148Y	M	27.1	0.21953120168345405
T149A	M	26.4	0.23789114575372344
T149I	M	27.5	0.4340621585644726
T149K	M	27.8	-0.33766545202697895
T149P	M	27.3	1.1059566732313024
T149R	M	27.1	-0.5659226020626129
T149S	M	25.3	-0.7457921227122234
T150A	M	22.3	0.2245714627559091
T150I	M	24.6	-0.48339862004439393
T150N	M	24.2	-0.170946119867985
T150P	M	20.6	0.8568834963753382
T150S	M	22	0.4334094895176618
I151F	M	26.9	0.21407021747344265
I151L	M	24.4	-0.01991335713542733
I151M	M	25	0.4768873739748365
I151N	M	27.8	0.5993105014361012
I151S	M	27.5	-0.1664244703837425
I151T	M	24.4	0.13970247146396805
I151V	M	21.8	0.20595527173547865
N152D	M	24.8	-0.4085479821058642
N152H	M	26.3	0.28576936540127384
N152I	M	24.9	1.0094828781968288
N152K	M	20.55	-0.1337432302607773
N152S	M	21.8	-0.36532136217507166
N152T	M	22.8	-0.6599174416870675
N152Y	M	26.9	-0.90749464730858
R153G	M	25.2	-0.4249690351310937
R153K	M	24.3	-0.02601991663557977
R153M	M	31	0.925617586587636
R153S	M	27.65	0.5738705237263726
R153T	M	29	-0.05829202547919333
R153W	M	27.3	-0.16156643504378262
N154D	M	24.8	0.42605741506345735
N154H	M	23	-0.7341501129137209
N154I	M	22.9	0.0993486158421324
N154K	M	18.314999999999998	0.267475337777675
N154S	M	21.3	0.7060980818034075
N154T	M	22.8	-1.2080437629401426
N154Y	M	33	-0.20995922782155765
R155C	M	33	-0.0709887844447432
R155G	M	28.5	0.1478706309189372
R155H	M	32	-0.14524068852367464
R155L	M	26	-0.2699523900701211
R155P	M	26.4	-0.4889459673814671
R155S	M	28	0.7288051350460395
M156I	M	22.166666666666664	1.023029875504534
M156K	M	22.5	1.150809986986387
M156L	M	19.295	0.3265467383396586
M156R	M	23	-0.11337537030499172
M156T	M	22.1	-0.6337888028156023
M156V	M	18.94	0.434120274881133
G157A	M	23.6	-1.060377701321211
G157C	M	32	0.20228962724612248
G157D	M	26.3	0.60887808800374
G157R	M	26.3	0.5208513997102169
G157S	M	24.1	0.480400679681126
G157V	M	24.2	0.25783315404572776
R158G	M	24.6	-0.6455240214893692
R158L	M	26.9	0.01679224260440642
R158P	M	24.8	-0.03770083552282766
R158Q	M	25.4	-0.2632234663820804
D159A	M	23	-0.3734780877871847
D159E	M	20.75	-0.6493417387658819
D159G	M	28.5	-0.16785825164990362
D159H	M	26	0.8283649168922069
D159N	M	23.8	-0.07351294629992315
D159V	M	23.1	-0.8249492373247955
D159Y	M	29.1	0.2659430842507719
K160E	M	27.5	0.24473034217517312
K160M	M	28.3	0.13542380056335232
K160N	M	25.35	0.7921716131536527
K160Q	M	27.1	0.4532129393762217
K160R	M	22.7	0.353080291701775
K160T	M	27.2	-0.5102240827656749
K161E	M	22.3	0.36678708876463634
K161M	M	23.8	0.07301067375704165
K161N	M	20.65	0.4060137677626949
K161Q	M	22.5	-1.0005723948840113
K161R	M	22.4	0.34812437920955674
K161T	M	22.2	0.07785718520657647
R162G	M	24.4	-0.3093250877908706
R162I	M	32	0.6671888391683384
R162K	M	23.3	0.5061352542662109
R162S	M	22.4	0.12256189733973263
R162T	M	28.3	1.51953409989259
T163A	M	25.9	-0.1666196691960272
T163I	M	26.8	-0.5306833398534315
T163N	M	26.1	0.00592392626997146
T163P	M	26.9	-0.6421460494813044
T163S	M	22.200000000000003	-0.1751859385187394
F164C	M	28.9	0.5808226897257247
F164I	M	27.3	0.30972378148868723
F164L	M	20.506666666666668	-0.03220448055294063
F164S	M	27.6	0.09831923322701316
F164V	M	27.4	0.27581854990855664
F164Y	M	23.3	0.04342787932452986
P165A	M	24	-0.7087790357652216
P165H	M	27.6	0.23040007049338895
P165L	M	27.8	0.6203683809421648
P165R	M	27.6	-1.1930698288361077
P165S	M	26.7	-0.41338861557035833
P165T	M	26.5	0.4304805180130551
L166F	M	21.5	0.6971750703346877
L166H	M	24.8	0.27209865168060265
L166I	M	20.8	0.22500264181393984
L166P	M	27.3	-0.6223882913976971
L166R	M	27.4	0.27706951219536746
L166V	M	22.5	-0.9094206930256228
C167F	M	32	0.5433563319342456
C167G	M	24.8	-0.6944827215736343
C167R	M	25.2	0.05506036068747
C167S	M	24.35	1.344524356677324
C167W	M	24.7	-1.0799377811296351
C167Y	M	32	1.0254852257815943
F168C	M	28.7	-0.0948758886734332
F168I	M	25.6	1.054794251924341
F168L	M	21.31	0.29947602386733924
F168S	M	25.7	0.8348333559890486
F168V	M	25.4	0.5138168673761583
F168Y	M	22.7	0.8821037077423055
D169A	M	27.9	-1.343661044972104
D169E	M	15.85	0.7723329350421354
D169G	M	28.5	0.4328476885528885
D169H	M	32	-1.1459848898109195
D169N	M	29.6	0.599505998884439
D169V	M	32	-0.339475167941786
D169Y	M	34	1.1618130979851942
D170A	M	27.3	-2.255208079267925
D170E	M	20.85	-0.2294664436267859
D170G	M	28.1	0.2698903659218042
D170H	M	26.6	-0.3374473957438412
D170N	M	34	1.7384146297997278
D170V	M	31	-0.2249222842293712
D170Y	M	34	1.6893813014932413
H171D	M	22.7	-0.411814423922076
H171L	M	21.8	-0.02588505726741979
H171N	M	23	0.4699876240124594
H171P	M	23.3	1.9723694278132045
H171Q	M	0.1195	-0.24929861134241016
H171R	M	21.8	-0.2161508482525658
H171Y	M	22.4	-0.11699477438025248
D172A	M	27.5	-0.4413911977568293
D172E	M	19.5	0.08634796226506318
D172G	M	26	0.34008697417344214
D172H	M	26.5	1.3517503699470768
D172N	M	29.3	1.7146604549687483
D172V	M	26.5	-0.1322895993639063
D172Y	M	33	0.9124874945488658
P173A	M	23	-0.2442691563465446
P173L	M	28	-0.4677362283756233
P173Q	M	25.4	1.6366442527836085
P173R	M	28.1	-0.1545162074755416
P173S	M	24.9	-0.1765987034217732
P173T	M	23.4	-0.15374808731144257
A174D	M	25.4	0.252425934141315
A174G	M	25	0.11519607952859363
A174P	M	28.3	-0.350169042999349
A174S	M	24.2	-0.2208298736549051
A174T	M	25.3	-0.800139854944477
A174V	M	25.3	0.48865039525851567
V175A	M	21.5	0.7254473040190761
V175E	M	23.5	0.09640499732531928
V175G	M	23.6	-0.20246436738578652
V175L	M	23.450000000000003	-0.24114563051669485
V175M	M	25	0.555245604998296
I176F	M	24.3	0.5104328195651048
I176L	M	23.8	1.0649171020067263
I176M	M	21.1	-1.166370598266592
I176N	M	24.5	-1.099741492465132
I176S	M	27.5	0.4956821365817571
I176T	M	25.4	0.08731493726144199
I176V	M	22.2	1.1824927784800463
H177D	M	24.7	-1.110128544167772
H177L	M	22.4	-2.073780282778136
H177N	M	22.8	-0.8639106004912093
H177P	M	24.7	-2.312778213833981
H177Q	M	0.0605	0.20202188422953749
H177R	M	22.4	-0.7930535503686227
H177Y	M	22.8	-0.3069811757156518
E178A	M	24.8	-1.467768731103475
E178D	M	20.85	-0.19882031541322892
E178G	M	25.6	-1.0070936296077744
E178K	M	24.7	0.1936643914379311
E178Q	M	25.1	-1.1876789590304475
E178V	M	27.9	0.06580135390775935
N179D	M	26.4	-0.24310678792060464
N179H	M	24.4	-0.379939254923048
N179I	M	26.9	-0.5081474619382581
N179K	M	1.6885	-0.4512788489257612
N179S	M	25.1	0.08411982948455403
N179T	M	26.1	0.19018645433196288
N179Y	M	27.9	-0.06073595216757281
A180E	M	26.2	-0.20763622090092676
A180G	M	26.1	0.01801033779981429
A180P	M	28.7	1.558255242882664
A180S	M	22.7	-0.2805050265193471
A180T	M	28.9	-0.44066019374907794
A180V	M	26.4	-0.3101738616092514
S181A	M	19.46	0.02753063023757227
S181C	M	27.3	-0.6024689463121938
S181F	M	25.4	0.04144600084737235
S181P	M	23.7	0.1127771304247592
S181T	M	19.92	0.4695187709466587
S181Y	M	27	0.21734452598360415
Q182E	M	23.9	-0.6141302548966044
Q182H	M	22.9	-0.09252110428211607
Q182K	M	24.9	0.3080090118750259
Q182L	M	24.7	0.4871354831934608
Q182P	M	27.5	0.762427862127122
Q182R	M	26.4	-0.09044282128235295
P183A	M	21.6	-1.1937633037372066
P183H	M	24.5	0.21581178885492663
P183L	M	23.3	0.2147599022469096
P183R	M	24.5	-0.986304078404397
P183S	M	22.2	0.06194910893056406
P183T	M	22.2	0.30164339358248604
E184A	M	28.6	-0.08744546031937588
E184D	M	20.5	0.17153063164530488
E184G	M	26.7	-0.07994931202655314
E184K	M	33	0.7528876981607755
E184Q	M	31	-0.7309870101763374
E184V	M	26.5	-0.27104077943936333
V185A	M	23	-0.12913699962621686
V185E	M	23.2	0.04864442584486474
V185G	M	24.4	0.05070742912007223
V185L	M	23.4	-0.7045159069556731
V185M	M	24.4	0.30442342912531567
L186M	M	25.8	-0.09183290036403804
L186P	M	33	0.21618906520606035
L186Q	M	32	-0.443354469527761
L186R	M	32	-0.9378672784960044
L186V	M	25.5	0.286474423714427
V187A	M	29.9	0.1183833010071486
V187D	M	33	0.7059099824861641
V187F	M	33	-0.8286349893379595
V187G	M	33	0.374390378137821
V187I	M	24.1	0.16429960725079945
V187L	M	31	0.3608199451640139
P188A	M	29.2	0.4444050635181976
P188H	M	32	0.7106521676197227
P188L	M	32	0.3863448089959749
P188R	M	32	-0.03515076765907409
P188S	M	31	0.25806131413596295
P188T	M	29.7	0.47386707936987926
I189F	M	29.4	0.08954441177083766
I189L	M	27.3	0.5192415920129269
I189M	M	24.5	-0.15202984396553973
I189N	M	33	0.0703299358973051
I189S	M	29	0.11411985642981708
I189T	M	32	0.79349133181545
I189V	M	24	0.0712631991420003
R190G	M	28.5	0.3898766117542134
R190L	M	34	0.46387921685663985
R190P	M	34	0.17702618991222233
R190Q	M	34	0.3219173353246995
R190W	M	33	0.1950574757583354
L191M	M	24.2	-0.4737098360775373
L191P	M	33	0.5097284463227819
L191Q	M	33	0.06257394146478579
L191R	M	33	1.209581167092191
L191V	M	24.5	0.5876509417030413
D192A	M	32	-1.947211954666064
D192E	M	23.2	-1.5504564593210932
D192G	M	28.4	-0.3774241110934874
D192H	M	33	0.14922462655723007
D192N	M	33	1.6248410674371094
D192V	M	32	-0.8981307708499962
D192Y	M	33	0.4039705607187071
M193I	M	24.366666666666667	-0.3937523824692024
M193K	M	30	-0.15512940015115842
M193L	M	23.5	0.15476355491288848
M193R	M	33	-0.17138112247869913
M193T	M	28.4	-0.6872295030212313
M193V	M	24.7	-0.5251121543465729
E194A	M	29.6	-1.0998872552159178
E194D	M	20.799999999999997	-0.7763925551008515
E194G	M	33	-0.6925443516395401
E194K	M	33	0.3937061788048673
E194Q	M	32	-0.19728063399991272
E194V	M	32	-0.28719907444888726
I195F	M	25.6	-1.3346432846533278
I195L	M	23.3	1.109162609803808
I195M	M	2.613	-0.3365182787401865
I195N	M	30	-0.4919648993867798
I195S	M	29.9	0.4353036332396846
I195T	M	25.8	-0.34105771708119054
I195V	M	22.8	-0.4130958000379671
D196A	M	26.4	-1.5357110994896634
D196E	M	5.862	0.5359644963388951
D196G	M	26.6	-0.3172297686252752
D196H	M	27.7	-0.8198529301332574
D196N	M	29.8	-0.8569406074525345
D196V	M	29.9	-0.3974213590374307
D196Y	M	33	-0.5713616374331829
G197A	M	32	-0.18715904141950743
G197E	M	32	-0.4506139044329267
G197R	M	33	-0.4643040205469679
G197V	M	32	0.15409209475258537
G197W	M	34	0.912795342976038
Q198E	M	23.7	-0.05213457790059579
Q198H	M	20.700000000000003	-0.5481898430488609
Q198K	M	23.9	0.03887349914896566
Q198L	M	24	-1.294947548361134
Q198P	M	27	-0.5919692727033827
Q198R	M	23.8	-0.03288239745312815
K199E	M	32	0.1815589011119199
K199M	M	32	-0.13545326237710728
K199N	M	25.85	0.07047031654666172
K199Q	M	31	-0.21728149495285332
K199R	M	24.2	-0.1376083278325241
K199T	M	31	0.2006754777682236
L200M	M	24.4	0.30855253034810365
L200P	M	33	0.1681774401163807
L200Q	M	32	-0.7142428899921895
L200R	M	32	-0.08956923748177319
L200V	M	33	-0.7942712244760065
R201G	M	26.6	0.00815798560317671
R201L	M	33	0.3375296313794748
R201P	M	34	0.9331357610661554
R201Q	M	33	0.5391051139886012
D202A	M	32	-0.4823423566829127
D202E	M	7.6225000000000005	-0.2610493480219129
D202G	M	32	0.2777888300268253
D202H	M	29	-0.17975233415179198
D202N	M	32	0.7978300864129566
D202V	M	33	0.1983755295813706
D202Y	M	33	0.8794279386320017
A203D	M	26.7	0.01679851275639378
A203G	M	25.6	-1.2984339245001588
A203P	M	27.6	-0.9907541834340474
A203S	M	23.6	-0.23228122426478
A203T	M	22.8	-0.13524165544270011
A203V	M	25.6	0.2178168779572147
F204C	M	29.5	-0.929159525642814
F204I	M	32	-0.5240611797757804
F204L	M	27.4	-0.3413604809617945
F204S	M	34	-0.13431590222127648
F204V	M	32	0.44553242694944256
F204Y	M	32	-0.931236744484365
T205A	M	28.5	-0.7839530065424687
T205I	M	30	-0.03284586411231465
T205N	M	29.5	-0.4704847700444571
T205P	M	28.1	-0.06592707204182316
T205S	M	25.3	0.7615307612778877
W206C	M	34	-0.05546412445091986
W206G	M	33	0.7372123645214123
W206L	M	29.9	-0.4479112011563991
W206R	M	32.5	0.25870625399963604
W206S	M	34	-0.7582972647691986
N207D	M	26.6	-0.24303464913393671
N207H	M	27	-0.636598222449137
N207I	M	32	-0.1666418261858633
N207K	M	23.9	-0.03216742170059702
N207S	M	25.2	-0.35000513329070637
N207T	M	29.9	-0.6350308326365237
N207Y	M	36	-1.458561684683479
M208I	M	26.166666666666668	1.728912282208766
M208K	M	21.4	-2.492095067815928
M208L	M	24.6	0.02726069918372331
M208R	M	23	1.8458518817152456
M208T	M	25	-1.458177513164238
M208V	M	24.7	-1.2585524151505831
N209D	M	31	1.6695567500324928
N209H	M	27.7	1.3782183410716091
N209I	M	34	-0.3172073529964406
N209K	M	23.85	1.5140594742756337
N209S	M	28.7	-0.5742716525387954
N209T	M	33	2.548668997182266
N209Y	M	36	-1.1249679198910412
E210A	M	33	0.13945403792953492
E210D	M	25.2	0.7248441849524198
E210G	M	33	-0.00171334820714524
E210K	M	35	2.3568183154031463
E210Q	M	35	-0.6928913906157189
E210V	M	34	0.27843713331064235
K211E	M	24.1	1.3790800903885572
K211M	M	28.3	-0.23847656372424
K211N	M	22.55	0.00714294700723716
K211Q	M	26.2	0.3460258809575825
K211R	M	26.6	0.03888413367167059
K211T	M	22.9	0.24921828900570203
L212F	M	23.549999999999997	0.6826388604144967
L212M	M	23.5	-0.4002733323287806
L212S	M	29.8	-0.21144434949790744
L212V	M	23.8	0.414594784611849
L212W	M	31	1.0235210974510078
M213I	M	23.066666666666666	1.317554960949081
M213K	M	26	1.4657040887678603
M213L	M	23.799999999999997	0.6957659756219353
M213R	M	26.7	-0.5295547239186957
M213T	M	24.7	0.706152195290697
M213V	M	23.5	1.164627482119443
T214A	M	27.2	0.1523795309878381
T214K	M	32	-0.07892112743894074
T214M	M	33	0.32832301127679525
T214P	M	29.3	0.49039510661777824
T214R	M	31	0.2698409365495801
T214S	M	22.5	0.16460501660467677
P215A	M	26.9	-0.3648660014898941
P215H	M	33	0.6372820251873835
P215L	M	34	0.2927167062677083
P215R	M	33	0.841158146623768
P215S	M	32	-0.5898402776159364
P215T	M	27.6	-0.6892635108399545
E216A	M	35	0.7351024626726946
E216D	M	33.5	0.32650965088480777
E216G	M	35	-0.7437334636518891
E216K	M	34	0.635925081737704
E216Q	M	33	-0.05357594582459123
E216V	M	35	-1.2251690362534982
M217I	M	27.233333333333334	-0.3675511710219821
M217K	M	23.8	-0.5221627903864691
M217L	M	25.85	-0.17447873126043617
M217R	M	26	1.7263283933425326
M217T	M	23.3	0.48649912813482554
M217V	M	22.6	0.6044244461638361
F218C	M	33	-0.5779634382954546
F218I	M	26.5	-1.2909021969265464
F218L	M	23.133333333333333	0.10582515826532964
F218S	M	33	-1.0747585019902306
F218V	M	29.7	0.3564118143530792
F218Y	M	31	-0.6610301328043464
S219A	M	20.2	-0.9825064471435968
S219L	M	29.2	0.5583922155575172
S219P	M	26.2	0.4652076231017396
S219T	M	24.7	0.11464507144831364
E220A	M	29.4	-0.16804662621082994
E220D	M	23.299999999999997	0.8035154663857413
E220G	M	34	-0.5637909656012097
E220K	M	29	0.13857631830634892
E220Q	M	25.1	0.2846771163915159
E220V	M	33	-0.17924318541396098
I221F	M	28.6	-0.5514067456037649
I221L	M	23.4	0.37894313688828873
I221M	M	22.5	0.19320454861913547
I221N	M	29.3	0.18129440050102835
I221S	M	29.1	0.20910741149748008
I221T	M	23.6	1.1774110355383272
I221V	M	21.8	0.34482525196101016
L222F	M	28.4	0.4908888697093128
L222H	M	32	0.01830726372154623
L222I	M	28	1.5974105497099962
L222P	M	33	1.4189853327205388
L222R	M	33	1.6097876711983157
L222V	M	28.8	0.5242942709435405
C223F	M	33	-0.07806753234398685
C223G	M	32	0.30437887275274295
C223R	M	32	0.6280385866944731
C223S	M	30.6	0.02772865453990326
C223W	M	24.6	-0.25353465745327824
C223Y	M	33	0.6946181259554096
D224A	M	29.5	-1.3967656620187523
D224E	M	13.825	0.459110352635013
D224G	M	26.5	1.1010194146769323
D224H	M	33	0.13469105828180017
D224N	M	33	0.8729546968661575
D224V	M	32	0.12882090697865037
D224Y	M	34	1.8184712203994289
D225A	M	32	0.26648429568801846
D225E	M	22.7	-0.04184226382340254
D225G	M	32	0.535275949852029
D225H	M	33	0.9829715446038962
D225N	M	33	1.204027069716116
D225V	M	32	0.377713215299841
D225Y	M	33	0.9392132443399696
L226M	M	23.4	1.3142142838507576
L226P	M	33	0.48384138119552905
L226Q	M	33	0.9388586983144568
L226R	M	33	0.3771772146340603
L226V	M	23.5	-0.9318686971108482
D227A	M	32	0.22485522953849685
D227E	M	17.77	1.3208246203137712
D227G	M	32	0.4988149634217254
D227H	M	33	0.8243917420922939
D227N	M	28.1	0.11335020114363144
D227V	M	33	0.561777100510237
D227Y	M	34	0.6696448781761851
L228F	M	27.9	1.176807299713233
L228M	M	23.1	0.3872968376753833
L228S	M	33	0.12549172462354144
L228V	M	23	0.4244265802434406
L228W	M	33	0.18517847634967585
N229D	M	25.7	1.287968989075151
N229H	M	27.9	-0.37936643010830506
N229I	M	28.8	0.4793948743189819
N229K	M	21.6	-0.134756590098548
N229S	M	22.7	0.4525216799905014
N229T	M	23.6	-1.221930701466914
N229Y	M	31	-0.16771535859876907
P230A	M	23.4	0.21891253203570196
P230L	M	28.2	1.2865643202616228
P230Q	M	29.8	1.3245636516940755
P230R	M	31	-0.33919056177874396
P230S	M	23.8	0.3948061821217339
P230T	M	23.5	-0.6730256897054662
L231M	M	21.6	0.6748181927533438
L231P	M	24.4	0.20150778595092184
L231Q	M	32	-0.3815177582653156
L231R	M	26.6	-1.6893662502481024
L231V	M	17.96	-1.05715978243483
T232A	M	20.4	1.309048829752227
T232K	M	25.3	-0.7078285056613046
T232M	M	29.8	-0.2423747845991207
T232P	M	21.9	-0.7371816176295667
T232R	M	25.3	-0.5112733889290849
T232S	M	19.66	-0.2852307714814817
F233C	M	32	-1.3268392386212775
F233I	M	28.7	-0.3012717462645478
F233L	M	23.333333333333332	0.7996441179330664
F233S	M	32	0.2819399466275588
F233V	M	29.1	1.230151770717787
F233Y	M	29	-0.8204469026938175
V234A	M	25.4	0.07245516977491061
V234E	M	31	-0.567334925928138
V234G	M	29.7	0.9703725755608024
V234L	M	24.6	-0.4424173099427601
V234M	M	32	0.5707707580941707
P235A	M	25	-0.5637389576661779
P235L	M	32	-0.0506484941174756
P235Q	M	26.3	-0.01461224345360625
P235R	M	27	0.0951124404575661
P235S	M	28.6	-0.6158628065239737
P235T	M	28.7	0.6813411565298882
A236D	M	32	0.20769962073280068
A236G	M	29.8	-0.8942475079777575
A236P	M	25.9	-0.9208053754266964
A236S	M	31	-1.028597318684174
A236T	M	33	0.43539807622567694
A236V	M	29.4	-0.3232463068641912
I237F	M	28.8	0.183819534991273
I237L	M	28.4	-0.8965463309220482
I237M	M	17.02	-0.04039206072518057
I237N	M	32	0.24967116151088012
I237S	M	33	-0.6787578893917673
I237T	M	29.6	0.2498713993355066
I237V	M	24.4	1.3692709605399105
A238D	M	31	0.0468565700037182
A238G	M	28	-0.3348244865111406
A238P	M	29.1	0.6827164175410257
A238S	M	24.2	0.03780027486333214
A238T	M	25.6	0.29901545747616975
A238V	M	24	-0.14858337457900925
S239A	M	22.2	-0.9310115058843308
S239C	M	28.4	0.01679017211287863
S239F	M	29.5	0.5405679921836295
S239P	M	29.5	0.7255916749167358
S239T	M	22.5	-0.13231331767967308
S239Y	M	28	-0.04120092809116522
A240D	M	31	0.21284253220978827
A240G	M	28.6	0.4200151308733898
A240P	M	33	0.9405491038151946
A240S	M	23	0.18392923115403187
A240T	M	29.9	-0.11067215331385193
A240V	M	29.8	0.43860445732282777
I241F	M	29.9	0.42282017472452105
I241L	M	28.3	0.7219355153817711
I241M	M	24.1	-0.0589714074565312
I241N	M	33	1.0792791252108112
I241S	M	33	0.5874019447933413
I241T	M	29.4	-0.11508748977770136
I241V	M	24.2	0.3486155185811401
R242G	M	26.4	0.18942212516438584
R242I	M	33	-0.24338014087457135
R242K	M	24.3	0.16722772416767673
R242S	M	22.5	0.5161290851891013
R242T	M	32	0.19987684172014192
Q243E	M	26.5	-0.758997865928367
Q243H	M	24.1	0.23614228979680435
Q243K	M	25.3	-0.13225980796383924
Q243L	M	28.6	-0.3394824944604127
Q243P	M	31	-0.14259996566806118
Q243R	M	28.1	-0.2335083330899751
Q244E	M	28.5	-0.4997412750933481
Q244H	M	23.700000000000003	0.5740715161451254
Q244K	M	30	-0.21800103955439343
Q244L	M	31	0.6916105451037282
Q244P	M	32	0.4669271776113302
Q244R	M	29.8	0.672514931278351
I245F	M	28.9	-0.6427297597953868
I245L	M	22.3	0.16457124875477294
I245M	M	15.35	-0.4082579328092978
I245N	M	32	-0.45514955835236015
I245S	M	32	-1.0725079339354764
I245T	M	26.2	0.0391057739261928
I245V	M	22.4	0.2643309157308239
E246A	M	25.8	0.34522252528403113
E246D	M	17.939999999999998	-0.3306235669297811
E246G	M	32	-0.2562420975089543
E246K	M	29.8	0.6259334728304142
E246Q	M	26.5	-0.5279281165410935
E246V	M	31	-0.7230819243734007
S247A	M	21	-0.363857169581544
S247C	M	29.8	-0.5656882702363873
S247F	M	31	-0.9344164075712686
S247P	M	29.6	0.1571123856555045
S247T	M	24.4	-0.8584003514198548
S247Y	M	29.4	0.09111644722509056
Y248C	M	26.2	-0.2645327087112944
Y248D	M	32	-0.52147850358174
Y248F	M	21.9	-0.19950831587566223
Y248H	M	23.2	-0.07974182903518785
Y248N	M	27	0.06754157053366483
Y248S	M	24.5	0.29651293331570516
P249A	M	23.5	-0.7855773981330785
P249H	M	28.8	0.6416946589778583
P249L	M	28.8	-0.7262648689139851
P249R	M	28.8	0.28881485906862886
P249S	M	25.3	-0.462275555221648
P249T	M	23.7	0.2448426655558006
T250A	M	22.7	0.15438651530614322
T250K	M	22.3	0.05925173681574167
T250M	M	23.1	0.16125154804187478
T250P	M	24.9	-0.4349099876610666
T250R	M	22.5	-0.4816608930275039
T250S	M	22.1	-0.1615073243938858
D251A	M	24	-0.29872015990816303
D251E	M	20.45	-0.27918593851410656
D251G	M	26.3	0.0260793164340589
D251H	M	32	-0.46984704096568686
D251N	M	27.2	0.08321383871267816
D251V	M	28.9	-0.46229798987800497
D251Y	M	33	0.3723157412402454
S252C	M	27.5	0.3043097781314512
S252G	M	23.1	0.3521818355170195
S252I	M	24.2	-0.00913445084861401
S252N	M	22.6	0.3388720757811474
S252R	M	21.7	0.5284775254299658
S252T	M	23.3	-0.12950293375071406
I253F	M	22.1	0.42665128599411617
I253L	M	20.5	0.4667245178777969
I253M	M	22.2	-0.4224676434015341
I253N	M	29.5	-0.2656560745335109
I253S	M	26.1	-0.9657179852788812
I253T	M	23.8	0.536056739637616
I253V	M	20.4	0.40683839573289626
L254M	M	23.4	0.986539794503068
L254P	M	26.4	0.1496601197205373
L254Q	M	31	-0.12449281245437936
L254R	M	32	-0.6339339709909323
L254V	M	21.1	-0.4565165292664355
E255A	M	24	0.7552172279763942
E255D	M	17.66	-0.17195644961234574
E255G	M	24.9	-0.3170167759110646
E255K	M	25.3	0.498785955990399
E255Q	M	24.9	-0.5397428148703841
E255V	M	24.2	-1.0502771753750606
D256A	M	24.3	-0.35544402262035185
D256E	M	14.855	0.3022544234547559
D256G	M	23.9	0.6187492515080748
D256H	M	27.8	-0.17451092310323166
D256N	M	25.2	0.7930475500250491
D256V	M	25.9	0.1050910642985462
D256Y	M	27.9	0.5459211140510929
Q257E	M	23	-0.90095340288696
Q257H	M	18.19	-0.1812825964794829
Q257K	M	25.1	0.7033583490312085
Q257L	M	25.3	-0.3015192802686232
Q257P	M	25.7	0.9805894918252948
Q257R	M	25.4	0.3419548041485732
S258A	M	22.5	-0.35269844487479685
S258L	M	26.2	0.14464688601494338
S258P	M	23.6	0.4822133909962696
S258T	M	20.3	-0.03541790754759209
D259A	M	32	-0.2265050689138608
D259E	M	23.3	0.0342914760677964
D259G	M	32	0.6462539223906607
D259H	M	33	-0.2565270043814577
D259N	M	32	0.6121846990357787
D259V	M	32	0.833380458742699
D259Y	M	33	0.9646765278832397
Q260E	M	27.1	0.03050960662752339
Q260H	M	20.9	0.23563455751423917
Q260K	M	28.2	0.8305387279071142
Q260L	M	25.8	-0.2077323569624153
Q260P	M	29.8	0.3306757019107885
Q260R	M	25.1	0.36151024036535273
R261C	M	34	0.04900219784888982
R261G	M	32	0.25102641338365506
R261H	M	33	0.18070151276774807
R261L	M	33	0.30987612314764684
R261P	M	33	-0.14530632513917482
R261S	M	28.9	0.43193634190906727
V262A	M	24.7	0.29621229342203015
V262D	M	31	-0.06929690395994013
V262F	M	31	-0.06960285439486057
V262G	M	29.7	-0.11407584222936187
V262I	M	26.2	0.5556288043245412
V262L	M	28.8	0.10724399731355364
I263F	M	27.1	0.1335392858639662
I263L	M	22.4	0.19428704578450545
I263M	M	21	-0.4059039327966782
I263N	M	28.6	-0.22376100861870207
I263S	M	28.7	-1.2349802438319375
I263T	M	23	0.34735748530732347
I263V	M	21.2	-0.10902143910713982
I264F	M	27.2	-0.4778894037554366
I264L	M	22.2	-0.00786172406362286
I264M	M	21.2	-1.2383450822169662
I264N	M	29.6	-1.0180279203861342
I264S	M	29.9	-0.6003104148541998
I264T	M	27.4	0.7965631706299777
I264V	M	21.6	0.189009254305674
K265E	M	29.5	0.12115148633235098
K265M	M	34	-1.3619592913784342
K265N	M	35	-0.02782291507805606
K265Q	M	26.1	-1.439899499189052
K265R	M	25.6	-0.2517585620823878
K265T	M	32	-0.6806842188178488
L266M	M	25.6	0.29123444194452314
L266P	M	33	-0.11198761792509372
L266Q	M	37	-0.9094808625189452
L266R	M	33	0.4916426094241336
L266V	M	23.8	-1.0720833380799606
N267D	M	27.4	-0.02118942774448579
N267H	M	27.1	-1.1334152445801973
N267I	M	29.2	-1.089700400748662
N267K	M	22.5	-0.20678096458166376
N267S	M	26.5	-9.413772578813392e-4
N267T	M	28.1	-1.5528040809736536
N267Y	M	29.1	-1.595704137190394
I268F	M	29	-0.37938309022686234
I268L	M	23.4	-0.18841817559035173
I268M	M	25.4	-0.8189867888239261
I268N	M	32	-0.1971093830077772
I268S	M	32	-0.20010048873503383
I268T	M	29.3	0.3898254992511325
I268V	M	22.5	-0.04901802662713173
H269D	M	28.9	1.134632670747024
H269L	M	28.7	0.2523117763211185
H269N	M	24.7	0.28881588327308355
H269P	M	29.6	0.5950409723633834
H269Q	M	10.835	0.5408249696587195
H269R	M	27.6	0.3882019731298005
H269Y	M	27.1	0.2511983856336129
V270A	M	29.1	-0.3035050933467117
V270E	M	32	-0.5679618551505535
V270G	M	32	-0.12369160984092374
V270L	M	29.65	-0.34974247211052373
V270M	M	31	-0.1437631058008696
G271A	M	32	0.04868432050836361
G271E	M	32	-0.07644879717787097
G271R	M	33	-0.27425343643826305
G271V	M	33	0.2835943680363988
N272D	M	29.1	0.1372991673575762
N272H	M	28.2	-0.9574081035061542
N272I	M	31	-0.5344078998644043
N272K	M	27.3	-0.2303718121408404
N272S	M	27.2	0.22971622481017556
N272T	M	28.9	-0.5881311880795623
N272Y	M	31	-0.5853476740276958
I273F	M	28.1	0.2333235910043524
I273L	M	23.2	0.20041900124238551
I273M	M	21.5	-0.5465226686984371
I273N	M	28.7	0.4356140089529451
I273S	M	25.9	0.6274661969134886
I273T	M	23	-0.09677219939702086
I273V	M	22.1	-0.288656325451834
S274A	M	27.9	-0.8849873066708268
S274C	M	29.5	0.6039516196572846
S274F	M	32	-0.4893352817489165
S274P	M	31	0.7127962909802713
S274T	M	27.3	0.17887808089698026
S274Y	M	29.6	0.6797492228692934
L275M	M	24.4	1.0535248469088618
L275P	M	32	1.1709197092945058
L275Q	M	34	-0.1478433500394042
L275R	M	32	0.6915735509516369
L275V	M	24.1	0.337225418589714
V276A	M	28.1	0.45201799887045446
V276E	M	31	-0.4143599736555153
V276G	M	32	0.5678894821190517
V276L	M	26.3	-0.5392721280564853
V276M	M	26.6	0.9155237880937096
D277A	M	33	0.6869375332424202
D277E	M	25.55	-0.06429806456627894
D277G	M	32	0.921024787833875
D277H	M	33	-0.5505922089446227
D277N	M	33	1.4098799270665816
D277V	M	33	1.3534807905429662
D277Y	M	33	0.37084480137125697
Q278E	M	28.4	-0.5626485167252657
Q278H	M	26.85	-0.4979724386134347
Q278K	M	29.4	0.5847163550988972
Q278L	M	25.6	-0.4978789963611005
Q278P	M	29.4	3.1085192479416306
Q278R	M	28.1	-0.03886228922978918
F279C	M	33	0.40249823904588006
F279I	M	24.2	-1.335423693179547
F279L	M	22.666666666666668	0.6480130807855838
F279S	M	33	-0.9034403770435456
F279V	M	24.2	-0.4742032287889892
F279Y	M	29.5	-0.182885840529675
E280A	M	31	-0.9698062000218484
E280D	M	24.4	-1.3371244347346491
E280G	M	33	0.6496258129161905
E280K	M	33	2.766265201935065
E280Q	M	32	1.1616295954221212
E280V	M	32	0.2753044306407167
W281C	M	34	1.742414302154672
W281G	M	34	2.418640284564785
W281L	M	33	0.6878578824864319
W281R	M	33	2.063449859069519
W281S	M	34	1.520603550633444
D282A	M	32	-0.5648407926329722
D282E	M	23.5	0.36940473373432064
D282G	M	32	1.23544440259125
D282H	M	33	0.37028661932563134
D282N	M	33	1.0298300582508833
D282V	M	32	0.27667081683145095
D282Y	M	33	-1.2281942347697383
M283I	M	23.766666666666666	0.5341873676781385
M283K	M	29.5	-0.19990076045527716
M283L	M	22.7	-0.10900069816365196
M283R	M	31	0.5250221101876326
M283T	M	25.1	0.45423335181495406
M283V	M	24.5	-0.03789483379496722
S284A	M	23.2	-0.5879762658404495
S284L	M	32	0.26091690139506657
S284P	M	31	0.1655449027367633
S284T	M	24.4	0.6043187303576956
E285A	M	28.8	-0.7038953868295925
E285D	M	23.200000000000003	-0.05166803648416544
E285G	M	31	-0.3923004000155972
E285K	M	32	0.5418779174955708
E285Q	M	29	-0.4637859469259432
E285V	M	30	-0.7398123616807547
K286E	M	23.3	0.2048888971522473
K286M	M	26.4	1.993282620026194
K286N	M	23.25	0.2972128920032246
K286Q	M	23.6	-0.7786589774290802
K286R	M	22	-0.5305315048645083
K286T	M	22.2	-1.0282714549996657
E287A	M	24	0.2187893862384691
E287D	M	22.5	0.41620012501372794
E287G	M	24.8	0.03617808378748135
E287K	M	25.1	0.5169942703805994
E287Q	M	24.1	-0.7122808443725956
E287V	M	26.7	-0.7045427897251371
N288D	M	28.1	0.4329388381711108
N288H	M	28.3	-1.1176444442126507
N288I	M	29.6	0.30115840096908175
N288K	M	24.5	-0.3726382750796456
N288S	M	26.7	0.8966779580909106
N288T	M	28.2	-0.33206109006868406
N288Y	M	29.8	-0.38778019264754654
S289A	M	26.3	-0.1015811487451883
S289L	M	28.7	-0.20139540948247556
S289P	M	29	1.1959802299739288
S289T	M	22.6	0.05272451169106779
P290A	M	24.9	-0.44449013954996225
P290L	M	27.3	0.6156128127721467
P290Q	M	26.4	0.2643894549383493
P290R	M	27	0.1634208765322458
P290S	M	25.6	0.7924515336504517
P290T	M	25.1	-0.47531545204731185
E291A	M	28.8	0.07583565136761669
E291D	M	24.05	0.7878385252569465
E291G	M	29.5	0.0219073413752741
E291K	M	32	0.7236630530382415
E291Q	M	29.1	0.11381691668204665
E291V	M	29.7	0.5813629769654657
K292E	M	20.4	0.08330329625690075
K292M	M	24.6	-0.7952955106441039
K292N	M	21.35	-0.04019622965933166
K292Q	M	20.7	-0.9154288082251536
K292R	M	23	-0.333150843337879
K292T	M	22.3	-0.5445300342524727
F293C	M	33	-0.5301032832905985
F293I	M	32	-0.1167382358465707
F293L	M	26.033333333333335	0.4398170029348348
F293S	M	33	2.0685600569701093
F293V	M	32	0.269557433050198
F293Y	M	31	0.11555181991428454
A294D	M	33	0.8321074657279292
A294G	M	29.7	0.26244590246728877
A294P	M	33	-1.0800722341254738
A294S	M	26.1	-0.5891113769292013
A294T	M	32	0.8161903215745815
A294V	M	31	0.5805348520620441
L295M	M	20.9	0.9608454505005898
L295P	M	27.1	0.07408147966760002
L295Q	M	23.2	-0.085733373052275
L295R	M	23.1	-0.699817361234453
L295V	M	20.4	-0.6810767818809627
K296E	M	28.8	1.2953588378665295
K296M	M	31	0.00411741908613737
K296N	M	22.9	1.0149623110174313
K296Q	M	23.8	-0.22725446586466716
K296R	M	23.7	-0.5447118187082262
K296T	M	24	-0.17500439951144817
L297M	M	24.9	0.513009730235553
L297P	M	33	1.2698575499293032
L297Q	M	32	0.4679377027234523
L297R	M	32	1.382388706518782
L297V	M	25.2	0.3983895602773144
C298F	M	33	0.7051733578304454
C298G	M	31	-0.0552749557963112
C298R	M	32	0.4471289548967479
C298S	M	28.700000000000003	0.4358322691370612
C298W	M	27.6	0.250911900458908
C298Y	M	33	1.4786820343302736
S299A	M	21	-0.3825333213611565
S299L	M	27.6	0.7068854070885096
S299P	M	29.8	0.2144829830882632
S299T	M	22.7	0.09610742687375638
S299W	M	28.4	0.8788904782541644
E300A	M	28.9	1.2939043375913768
E300D	M	19.145	0.6045826480200637
E300G	M	27.1	0.9029950972877836
E300K	M	33	3.1968565026584077
E300Q	M	31	0.21967044069477537
E300V	M	32	1.526393911749841
L301M	M	24.4	0.4508861573814502
L301P	M	33	2.530544162300147
L301Q	M	32	0.15881581760525496
L301R	M	33	0.6735533492627468
L301V	M	24.5	-0.8167216221616339
G302A	M	31	0.3608763555800588
G302E	M	32	0.13307755452136638
G302R	M	33	1.2505056109577386
G302V	M	32	0.38152392675591634
G302W	M	34	1.1340420660763235
L303F	M	22	0.15279529131442118
L303M	M	23.4	0.8837831232667623
L303S	M	31	-0.33130016745219193
L303V	M	23.2	-0.7886944665410388
L303W	M	32	0.0530931146313863
G304A	M	30	-0.6490637913074477
G304C	M	33	-0.08641183253353671
G304D	M	32	1.0314761801859813
G304R	M	33	0.5219022683149461
G304S	M	32	0.4544151779505523
G304V	M	32	-0.34001616988001154
G305A	M	31	-0.09341381632132204
G305E	M	32	0.7226445341360214
G305R	M	33	0.00155718820962216
G305V	M	32	0.8310852020933859
G305W	M	34	0.9560671542386894
E306A	M	31	0.17068790319294727
E306D	M	23.9	-0.224163873849296
E306G	M	33	-0.7032973617647017
E306K	M	33	1.34831223621075
E306Q	M	31	0.07862382178629693
E306V	M	32	-0.351294383181546
F307C	M	33	-0.5903009487935215
F307I	M	32	0.10942537500044346
F307L	M	26.333333333333332	-0.01223439501846025
F307S	M	33	0.1647914132935084
F307V	M	32	0.5789161617503275
F307Y	M	29.6	-0.13690268103923772
V308A	M	27.7	0.4100816524838138
V308D	M	32	0.5932091507993276
V308F	M	32	0.1392470125832767
V308G	M	26.8	-0.35591940677118145
V308I	M	24	0.46906430284443446
V308L	M	26.3	-0.4553215585778034
T309A	M	23.6	0.6167876155019428
T309I	M	29.3	0.1997638515772497
T309N	M	28.1	-0.23836433724244688
T309P	M	24.2	-0.2366834243993393
T309S	M	23.15	-0.3091680908673592
T310A	M	20.3	0.162058081521458
T310I	M	25.1	-0.12047110170770324
T310N	M	26.9	-0.1958374460431699
T310P	M	29.1	-0.9254878804363992
T310S	M	24.1	-0.22710420331531855
I311F	M	29.3	0.7178890579973806
I311L	M	28.1	0.2083609529574647
I311M	M	15.94	-0.7658198627631043
I311N	M	32	-0.4099391091893329
I311S	M	32	-0.5772559631880407
I311T	M	28.9	-0.07458769443144138
I311V	M	23.8	0.36192643293876
A312E	M	32	0.3504129996157415
A312G	M	29.7	0.03296118863609113
A312P	M	33	-0.08585915993509675
A312S	M	26.5	0.01171017283300885
A312T	M	33	-0.03923725410720237
A312V	M	31	0.4593151446076926
Y313C	M	32	0.7904105416423954
Y313D	M	32	-0.15848517017140576
Y313F	M	28.3	-1.0535765569991309
Y313H	M	29.2	0.5213036918329025
Y313N	M	32	-0.8148270925690555
Y313S	M	32	-0.5456342343554558
S314C	M	29.3	0.9782886179905704
S314G	M	29.3	0.7553507314070619
S314I	M	33	0.5197617676776718
S314N	M	32	0.7933378151655245
S314R	M	26.866666666666667	0.3717680243337743
S314T	M	29.7	-0.2812138542006517
I315F	M	29.8	-0.04959527968247398
I315L	M	28.5	0.6680015318750454
I315M	M	22.6	-0.5605985673603646
I315N	M	33	0.7855542741031543
I315S	M	31	0.22792351474459097
I315T	M	29.8	1.1404099514499362
I315V	M	24.2	0.7646152352135714
R316G	M	32	0.2560893013820815
R316L	M	33	1.1298055421127124
R316P	M	34	1.8006398648957542
R316Q	M	34	1.486856030235253
R316W	M	34	1.0593948560717066
G317A	M	31	-0.2358542851021881
G317E	M	32	0.4158674561231055
G317R	M	33	0.3746348422864495
G317V	M	33	0.6014636497560624
Q318E	M	28.3	-0.1760183346780715
Q318H	M	24.1	0.6118547377310738
Q318K	M	29.8	0.02214027297754832
Q318L	M	29.6	0.5617876879581705
Q318P	M	31	0.4942360342065094
Q318R	M	29.5	0.5145692414359103
L319M	M	26.4	0.778218860703624
L319P	M	33	0.8386582104117606
L319Q	M	32	1.445462543818907
L319R	M	32	-0.33927640490898664
L319V	M	34	-0.4642424918517211
S320C	M	29.4	0.3536128669404203
S320G	M	28.6	0.48328037812000446
S320I	M	32	0.6066750091575867
S320N	M	26	0.9409868862504668
S320R	M	26	0.4876305745643949
S320T	M	23.9	-1.4805660619242282
W321C	M	33	0.32229087473882445
W321G	M	33	0.4799548442123859
W321L	M	33	0.911913776914136
W321R	M	32	0.4655830829534315
W321S	M	33	0.7580991029519311
H322D	M	31	-0.3058357419305545
H322L	M	29.1	0.3889810862637652
H322N	M	23.6	0.04944157106206088
H322P	M	26.3	-1.69512421427721
H322Q	M	23.2	0.2835855483356711
H322R	M	28.1	-0.13652749196802036
H322Y	M	26	0.30126011818836573
Q323E	M	27.9	-0.7613810235239269
Q323H	M	29.5	-0.2291103713484323
Q323K	M	28.7	0.2796178031746352
Q323L	M	28.9	-1.006892200957516
Q323P	M	30	-0.6083680503947214
Q323R	M	23.7	0.5625154725710305
K324E	M	26.2	0.35980585172147433
K324M	M	32	-1.6417114737609733
K324N	M	26.95	0.3279496187289443
K324Q	M	27.8	0.17418014910814994
K324R	M	21.2	0.16254862736506176
K324T	M	28.7	-1.0364176736489978
T325A	M	25.1	0.16574959899342875
T325I	M	25.9	-0.635993018409558
T325N	M	27.3	-0.4944357243053843
T325P	M	31	-0.7416571208811604
T325S	M	27	-0.04455129264604101
Y326C	M	26.5	0.15477433507374885
Y326D	M	32	-0.6737340927530996
Y326F	M	25	-0.6323225033864612
Y326H	M	29.7	0.13317203511638834
Y326N	M	31	-1.08110769710039
Y326S	M	30	-0.33725052201667033
A327D	M	31	0.3464763616385045
A327G	M	29.4	-0.36551439388854495
A327P	M	33	-1.0384687559625465
A327S	M	26.1	-0.05725771213991771
A327T	M	33	0.281776829579087
A327V	M	28.7	-0.2301582719476549
F328C	M	31	-1.5598383987823827
F328I	M	28.7	0.02012937869953022
F328L	M	28.96666666666667	0.25553990767243684
F328S	M	26.9	0.09561911651300987
F328V	M	29.2	-0.16704101633818452
F328Y	M	23.6	-0.09837044220136602
S329C	M	34	-0.294408292113186
S329G	M	33	0.04718882819324026
S329I	M	35	-0.03830502340484203
S329N	M	33	0.6242774537643475
S329R	M	21.06	0.47415398063019254
S329T	M	34	-1.0854622317387268
E330A	M	28.7	0.3415588399719715
E330D	M	27.75	0.9111392317675164
E330G	M	32	0.1857151605036549
E330K	M	36	0.3504981236024927
E330Q	M	36	0.13285240629281114
E330V	M	33	-0.19732040640382176
N331D	M	22.5	0.2750621819466595
N331H	M	24.7	-0.1292417681905907
N331I	M	27.3	-0.06556632442578034
N331K	M	19.165	-0.27594614459517774
N331S	M	19.33	0.5877822814550839
N331T	M	22.9	-1.2641701170302408
N331Y	M	33	-0.21532048002217777
P332A	M	25.6	-0.7625222926182038
P332H	M	28	0.36016724504253106
P332L	M	32	-0.35944580231703643
P332R	M	28.3	-0.926206901402744
P332S	M	27.8	-0.2044219911942493
P332T	M	26.6	0.01931820748373047
L333M	M	20.4	0.6611295227771161
L333P	M	28.8	-0.1848652501407561
L333Q	M	28.6	-0.04664321350118568
L333R	M	28.9	0.10345015476734629
L333V	M	20.9	0.08258151235881996
P334A	M	26.4	-0.04717998065902457
P334H	M	29.7	0.44546061951338134
P334L	M	29.7	0.3646641277866873
P334R	M	30	0.02701626150663593
P334S	M	31	0.18275157449589255
P334T	M	27.7	0.1335964713269536
T335A	M	26.6	0.3133505742127202
T335I	M	28.7	0.1275356125774847
T335K	M	25.5	-0.8084773105378638
T335P	M	24.5	-0.1140302390534652
T335R	M	28.9	-1.1167050790434498
T335S	M	23.1	-5.90997381895488e-4
V336A	M	28.5	0.16952074488283114
V336E	M	31	0.02786434588886765
V336G	M	35	0.18131071804989515
V336L	M	29.45	0.09843853207404649
V336M	M	32	0.109736687706095
E337A	M	32	-0.13087123049012875
E337D	M	20.75	0.25333362877902144
E337G	M	32	0.243869748618092
E337K	M	26.2	0.7698671140211051
E337Q	M	34	0.29815438721574733
E337V	M	33	-0.1918940277422156
I338F	M	23.7	-0.5463507714226195
I338L	M	23.2	-1.1667942839545642
I338M	M	16.68	-0.3604801746677788
I338N	M	24.3	0.6365049767124674
I338S	M	24.2	0.3456056715465616
I338T	M	23.7	-0.7624421161609396
I338V	M	20.6	-0.06233539869491961
A339D	M	29.8	-0.0831740630990626
A339G	M	25.6	-0.4755216273138396
A339P	M	23.2	-0.2179537645402373
A339S	M	23.8	-0.6157254499479038
A339T	M	26.3	0.2854064746574357
A339V	M	23.7	0.08302755687253305
I340F	M	21.8	0.143917714671582
I340L	M	22.8	-0.06091676802137429
I340M	M	22.2	0.02228011419302131
I340N	M	29.9	0.17397473641177014
I340S	M	29.2	-0.847882516975803
I340T	M	23.9	0.0553575676863298
I340V	M	22.1	-0.03797863850397104
R341G	M	26.2	0.07892278867063596
R341L	M	33	0.47462786698081366
R341P	M	34	0.05715188638248088
R341Q	M	34	0.6612183778831102
R341W	M	31	0.556319066478598
N342D	M	27.8	0.275294906490236
N342H	M	27.3	-0.2596916030440608
N342I	M	28.3	-1.1224301448905736
N342K	M	24.05	-0.6916938069897154
N342S	M	22.1	-0.3652340957715763
N342T	M	22.7	-0.8571523226652136
N342Y	M	29.6	-0.7191639067868509
T343A	M	21.7	0.5085390736435865
T343K	M	22.7	-0.01114549725358003
T343M	M	26	0.21715317698211428
T343P	M	21.9	-0.2665189418392025
T343R	M	23.3	-0.38726703286770536
T343S	M	21.1	-0.3880830394008189
G344A	M	22.6	-0.986060307547827
G344C	M	29.3	-0.227355966986429
G344D	M	23.5	0.3832423070741045
G344R	M	27.7	0.3599759773360077
G344S	M	22.1	-0.1900998302323027
G344V	M	25	-0.3345108112414042
D345A	M	24.6	-1.1264305534615728
D345E	M	1.3575	0.11275054816144016
D345G	M	24.6	-0.29649544267570777
D345H	M	29	0.08313951700572497
D345N	M	26.8	-0.6634038295999696
D345V	M	25	-1.105849664151571
D345Y	M	29.6	0.41679216238812167
A346E	M	26.6	0.02204800854681329
A346G	M	27.8	-0.11769923910287244
A346P	M	28.6	0.2540833599259569
A346S	M	24.5	-0.2903430618757932
A346T	M	28.2	-0.3121599518683089
A346V	M	24.1	0.834086278442645
D347A	M	29.7	-0.9215677572976904
D347E	M	18.185000000000002	-1.1987960218834048
D347G	M	31	0.7501953355551979
D347H	M	32	-0.6433958734144324
D347N	M	31	0.2178640858950019
D347V	M	29.9	-0.26268114884182303
D347Y	M	33	0.19854358517922263
Q348E	M	22.7	-3.396438574571862
Q348H	M	22.65	-1.4882340599095734
Q348K	M	23.3	0.2567983491507537
Q348L	M	25	-3.124302660705452
Q348P	M	25.2	-1.7130198119778428
Q348R	M	24.8	0.7659472383225557
W349C	M	33.5	0.31465197245410537
W349G	M	33	0.9175579247752226
W349L	M	33	0.25839380584523136
W349R	M	33	1.019588345281113
W349S	M	33	-0.05648788054922239
C350F	M	32	0.3857153403337573
C350G	M	23.4	0.537112729839425
C350R	M	32	0.36156281619453834
C350S	M	23.2	0.0115968967139167
C350W	M	25.7	-0.07638548178026759
C350Y	M	32	0.6935916645057079
P351A	M	28.4	0.1249439440333184
P351L	M	29.8	0.3010798791666922
P351Q	M	29.2	0.5993514046732216
P351R	M	31	0.2678436955167811
P351S	M	29.1	0.1938510000997604
P351T	M	28.6	0.4646783003570597
L352M	M	25.6	0.02212319411699974
L352P	M	29.5	0.8083101449402854
L352Q	M	23.7	-0.24392841142293997
L352R	M	28.3	-0.05817371927797379
L352V	M	21.6	-1.5818259736973603
L353M	M	25.1	0.32965355501554294
L353P	M	32	0.3835589429312751
L353Q	M	31	0.02706290236632227
L353R	M	32	-0.12533063398478786
L353V	M	23.2	-0.12210700494667204
E354A	M	31	0.2710039866028431
E354D	M	25.5	0.8121354345038557
E354G	M	33	0.04990348025176364
E354K	M	33	-0.13189395438946278
E354Q	M	31	-0.39477460771321743
E354V	M	32	-0.215537432995482
T355A	M	27.4	0.00846238610974515
T355I	M	23.6	0.4155897556864643
T355N	M	27.3	0.00423045945451358
T355P	M	29	0.21171578330154395
T355S	M	24.65	-0.04079397227945235
L356M	M	21.4	0.8884874398400614
L356P	M	31	0.38857010187433566
L356Q	M	29.7	0.01652750049021293
L356R	M	31	-0.08205763580045461
L356V	M	21.2	-0.2124233836981515
T357A	M	27.3	0.3702299957175703
T357I	M	28.8	0.4865605596259841
T357K	M	29.2	-0.810435670731667
T357P	M	28.1	0.45878265952348773
T357R	M	28.9	-0.2191631904992026
T357S	M	24.2	-0.8673208856728751
D358A	M	27.7	-0.26730092853943366
D358E	M	2.2195	0.23789547841697767
D358G	M	28.6	0.29538899494903165
D358H	M	31	-0.20082788313229769
D358N	M	30	0.568148552383484
D358V	M	27.7	0.295658539049455
D358Y	M	32	0.7013159099191923
A359D	M	26.7	-0.07679991952131345
A359G	M	29.4	0.17204533419465792
A359P	M	25.4	-0.4163518186326371
A359S	M	26.3	-0.47810006707726826
A359T	M	27.9	0.9651596042840728
A359V	M	26.4	1.3922886574590094
E360A	M	28.5	-0.8589283683334902
E360D	M	24.55	-0.3339196380918359
E360G	M	31	-0.13577067078190083
E360K	M	32	1.3721585487196577
E360Q	M	29.1	-1.0520022834070606
E360V	M	29.7	-0.2664073062486295
M361I	M	23.766666666666666	-0.7284555869614731
M361K	M	29.1	-0.6456712869236746
M361L	M	22.9	-0.13858630286468404
M361R	M	31	-2.3480207510892046
M361T	M	27.5	-0.7454170278193556
M361V	M	25.7	-0.2560937950232285
E362A	M	29.1	2.1938343166129037
E362D	M	21.65	1.2177930738179792
E362G	M	33	0.8653454250219954
E362K	M	33	3.114883719950019
E362Q	M	32	-0.25634167799860813
E362V	M	32	-0.7198137860263091
K363E	M	29.6	-0.23410652400545753
K363M	M	31	-0.1877427590572071
K363N	M	26.8	-0.08844589657721269
K363Q	M	28.9	-0.802502041894075
K363R	M	27.9	-0.8616539550563878
K363T	M	29.5	-0.8068489205723725
K364E	M	32	-0.0710229804619615
K364M	M	31	-0.4542486965048063
K364N	M	28.35	0.21926955774416185
K364Q	M	29.8	-0.3599239774960119
K364R	M	28.1	-0.8097718519236051
K364T	M	29.7	0.12144091284139052
I365F	M	29.3	-1.2820903174373073
I365L	M	23.3	-0.6009783245437933
I365M	M	17.25	-0.22180748762281763
I365N	M	29.7	-0.4616311011680675
I365S	M	31	-0.272755759244793
I365T	M	28.6	0.3752887623875993
I365V	M	29.4	0.20943559071109805
R366C	M	31	-0.35682811709575085
R366G	M	27.4	0.3599564816762093
R366H	M	32	0.4959352979418745
R366L	M	31	0.23965280217917947
R366P	M	33	0.44083791140285594
R366S	M	26.6	0.42246468023291134
D367A	M	31	-0.25861660421203836
D367E	M	23.35	-0.29567619649939864
D367G	M	26.5	-0.5773069583007343
D367H	M	32	0.6650214996797017
D367N	M	32	0.9312224126538832
D367V	M	29.9	-0.27509583477645255
D367Y	M	33	-0.13415688393585914
Q368E	M	28	-0.22158148758240037
Q368H	M	25.15	0.6645974171525193
Q368K	M	28.7	0.4227624538138705
Q368L	M	29.4	0.3765216175976048
Q368P	M	30	0.5321344835423987
Q368R	M	28.9	-0.07153701633734043
D369A	M	31	-0.3924890856047036
D369E	M	24.5	-0.26587021415745915
D369G	M	32	0.39884084267280234
D369H	M	32	-0.15052227800615184
D369N	M	32	0.13068462177929235
D369V	M	36	-0.10299343209009834
D369Y	M	33	0.14247845814506527
R370G	M	24.7	0.5474329755010293
R370K	M	29.1	-0.13086764332130443
R370M	M	33	0.5143856165794639
R370S	M	24	0.4114747248466576
R370T	M	30	0.5101574009323877
R370W	M	25.5	0.1418924029820652
N371D	M	28.7	0.29599203985165895
N371H	M	27.2	-1.1022737992169465
N371I	M	28.6	0.08947791693495219
N371K	M	23.3	0.12608328210907027
N371S	M	26.3	0.4730605280950821
N371T	M	27.3	0.04217074734116213
N371Y	M	36	-0.17913001295110936
T372A	M	26.5	0.17661117284137554
T372K	M	28	0.22725025937378796
T372M	M	29.6	0.13392315726105167
T372P	M	28.8	0.3495896681226454
T372R	M	28	0.3874070765741168
T372S	M	26	0.1389510619086475
R373G	M	31	0.5228452417524213
R373K	M	35	0.4250234686100699
R373M	M	35	0.5796236701166867
R373S	M	26.799999999999997	0.28853304208542885
R373T	M	35	0.2241009012959632
R373W	M	36	0.41517318103779866
R374G	M	26.2	0.421130505674376
R374L	M	32	0.4919321865767643
R374P	M	33	-0.03330448398673703
R374Q	M	36	-0.07896687701495722
R374W	M	32	0.5101569779146654
M375I	M	23.666666666666668	0.1772580686190621
M375K	M	24.8	0.27861522842702563
M375L	M	23.299999999999997	0.03493631948747509
M375R	M	24.9	0.26209422198448434
M375T	M	23.9	0.1547532491531635
M375V	M	23.6	0.2292987468328634
R376G	M	23.9	0.3631875878186685
R376K	M	25.8	0.30513808729056136
R376M	M	31	0.5943574835142151
R376S	M	24.15	0.28407061837953984
R376T	M	29.6	0.48587229607308313
R376W	M	24.6	0.26207570194355384
R377C	M	33	1.0099837771816318
R377G	M	28.2	0.5695746793215293
R377H	M	33	0.984964005430657
R377L	M	32	0.4582449314062278
R377P	M	33	0.6761495646257808
R377S	M	26.2	0.6755573168762391
L378F	M	26	0.30443834707251644
L378H	M	27	0.2668290165736485
L378I	M	25.1	0.5915438440275355
L378P	M	27.8	0.02922133331911622
L378R	M	27	0.5951640014221691
L378V	M	23.7	0.33211658510627945
A379D	M	28.4	0.987116393737714
A379G	M	27.2	0.257503009555562
A379P	M	29.8	0.4989465305910947
A379S	M	27	0.37487955219277486
A379T	M	28.1	1.1487660564326752
A379V	M	23.1	0.9449136618035612
N380D	M	26.8	0.3064127264701715
N380H	M	26.4	-0.595375956582393
N380I	M	27	0.6076271042621358
N380K	M	21.3	-0.24111802969913845
N380S	M	24.6	0.3223030389908385
N380T	M	25.7	0.2755307189656626
N380Y	M	27.5	0.07745729483633994
T381A	M	22	-0.1775937566818246
T381K	M	26.6	-0.4745934608422795
T381M	M	28.1	0.5033973912489308
T381P	M	26.7	-0.4133802358673906
T381R	M	27	-0.01107789245089339
T381S	M	23.3	-0.33175894777257947
A382D	M	24.7	0.23907081964749416
A382G	M	22.6	-0.49992424004472064
A382P	M	27.8	0.21171607717684013
A382S	M	22.9	-0.13516133869641
A382T	M	22.6	0.49202176416588617
A382V	M	22.9	-0.04652274403301285
P383A	M	25.3	0.23521306017270407
P383L	M	29.4	0.7313310114846915
P383Q	M	27.1	-0.03050175500711244
P383R	M	27.5	0.4769970038096368
P383S	M	24.3	-0.7633759204421892
P383T	M	23.9	-1.2115650515573329
A384D	M	24.8	-0.27935778000938666
A384G	M	22.6	-0.46075184921029777
A384P	M	25.8	-0.6997141725513651
A384S	M	22.2	-0.5413811107386918
A384T	M	22.9	-0.05864701685834155
A384V	M	23.1	-0.3092097527920301
W385C	M	32	-0.2296778766795708
W385G	M	29.1	0.3464680493041061
W385L	M	31	-0.5904106592141624
W385R	M	28.45	-0.43512420601128093
W385S	M	31	-0.25766826630520495
A109A	S	2.005333333333333	-0.33998273160187864
A125A	S	6.397	0.503252553222774
A144A	S	4.892333333333333	0.212642013813228
A174A	S	6.789666666666666	-0.38350713554418137
A180A	S	0.208	0.10703634561993725
A203A	S	9.67	-0.13974043109799147
A236A	S	7.9830000000000005	-0.07122340891706551
A238A	S	9.599666666666666	0.0345250467456312
A240A	S	10.48	0.23568234466710136
A294A	S	8.762	-0.2205341216090548
A312A	S	0.8166666666666667	0.3598921162385186
A327A	S	9.766333333333334	0.6025637380783282
A339A	S	10.257666666666667	-0.08157212274121958
A346A	S	5.000666666666667	0.10464347507533787
A359A	S	0.007333333333333333	0.05628089828288402
A379A	S	13.01	0.5253295363589273
A382A	S	9.369	0.2505914717132776
A384A	S	9.560666666666666	-0.4638738487162497
A55A	S	13.203333333333333	-0.3649976173531752
A5A	S	13.63	0.433641155411585
A65A	S	11.616666666666667	-0.5271545171349176
A85A	S	7.586666666666667	-0.15407305838017307
A93A	S	8.004666666666667	-0.29119091449634693
C147C	S	5.961	-0.11066708904750716
C147X	Stop	35	3.868801371451646
C167C	S	17.89	0.01116886465085688
C167X	Stop	41	3.4256597797717183
C223C	S	9.124	-0.21460720931402524
C223X	Stop	39	6.781154748714353
C298C	S	11.56	0.37942403404720537
C298X	Stop	41	2.0480076525005537
C350C	S	12.41	0.6663034550370264
C350X	Stop	38	0.5337305597861586
D101D	S	0.243	-0.9351859792083612
D104D	S	6.197	-0.31259101401359546
D143D	S	0.248	0.8683051437755224
D159D	S	12.34	-0.5864770130941398
D169D	S	5.891	-0.01417521164768718
D170D	S	7.486	-0.9826494903013984
D172D	S	9.82	0.3683493231901296
D192D	S	9.381	0.11104366049008103
D196D	S	2.666	-0.4004943354605832
D202D	S	3.059	-0.13538825076839972
D21D	S	11.48	-0.13733994449508344
D224D	S	9.018	1.0432325903491038
D225D	S	9.631	-0.3606652520799606
D227D	S	10.44	0.5370329946872671
D22D	S	12.39	0.9039349272703744
D251D	S	12.2	-0.1040017767369537
D256D	S	8.979	0.3619449037493005
D259D	S	8.003	1.00995747981987
D277D	S	10.93	-5.264807284918738e-5
D282D	S	10.22	0.10491265714525091
D345D	S	1.51	-0.5296884961772539
D347D	S	8.807	0.01186938454205503
D358D	S	0.461	0.00301499791106045
D367D	S	9.339	-0.19427869239698764
D369D	S	11.26	0.13331388831184296
D78D	S	12.71	-0.7322394838335848
E105E	S	10.9	0.7323358617756248
E105X	Stop	45	1.3189073231294817
E115E	S	9.194	0.3338010959605069
E115X	Stop	49	0.8717578858485322
E122E	S	6.32	0.6093612993159859
E122X	Stop	48	2.128842387087094
E178E	S	11.21	0.46138756090120864
E178X	Stop	47	0.1883938645517408
E184E	S	9.317	0.433287263097784
E184X	Stop	47	1.4916506360848063
E194E	S	10.72	0.1911548084651883
E194X	Stop	50	1.7418779469584729
E20E	S	10.84	-0.01699039347338789
E20X	Stop	45	-3.427820514772859
E210E	S	16.38	0.8617007765641443
E210X	Stop	60	1.5310867102519798
E216E	S	21.3	0.7434855466181186
E216X	Stop	60	2.347590634374046
E220E	S	6.697	0.18632048618109637
E220X	Stop	55	3.402908088495808
E246E	S	7.657	0.147480565769489
E246X	Stop	54	0.36461748995898746
E24E	S	8.17	0.476260693741026
E24X	Stop	46	0.05843166341823112
E255E	S	8.528	0.523694797930259
E255X	Stop	56	0.8513172551837264
E280E	S	8.234	1.0009061674199793
E280X	Stop	50	1.7936904551867645
E285E	S	11.83	0.6221249990559837
E285X	Stop	49	2.4649083136455627
E287E	S	12.37	1.079953067044415
E287X	Stop	51	1.3722887696263573
E291E	S	8.268	1.0818999310287527
E291X	Stop	49	0.8416747429257638
E300E	S	8.153	0.996325540229274
E300X	Stop	50	1.2846601195856286
E306E	S	7.82	0.3404754765773773
E306X	Stop	51	0.5737159011246625
E31E	S	33	-0.35459145933904834
E31X	Stop	74	0.3335586355970473
E330E	S	17.16	1.105419634514864
E330X	Stop	63	0.9935688174987128
E337E	S	9.623	0.9003027824748924
E337X	Stop	56	0.2138283483852312
E354E	S	10.46	0.610245689954499
E354X	Stop	49	1.2554249747998365
E360E	S	9.789	0.3123072158672922
E360X	Stop	47	-0.07488219318921024
E362E	S	7.423	-2.0464616575043735
E362X	Stop	49	-0.7871467867799977
E58E	S	8.26	-0.6105833032667632
E58X	Stop	51	1.6543966728916004
E59E	S	8.951	0.5140339596412306
E59X	Stop	47	2.092143553427376
E95E	S	8.798	-0.44834174974358726
E95X	Stop	46	3.9383508893049566
E97E	S	7.827	0.25914938181539093
E97X	Stop	46	3.4959594865825245
E98E	S	11.16	-0.01990211822286931
E98X	Stop	46	1.6513940535490303
F10F	S	15.73	0.48599992427391714
F164F	S	9.507	0.13039339478547013
F168F	S	8.407	1.0450252731036749
F17F	S	14.82	-0.544331439205089
F204F	S	9.791	-0.2748166345715137
F218F	S	10.55	0.768870878279486
F233F	S	3.565	0.3884955929923681
F25F	S	16.39	-0.39277899668834
F279F	S	6.9	-0.6915351707191795
F293F	S	7.776	0.06497346274737596
F307F	S	8.326	0.18971230913091355
F328F	S	19.57	0.1118968321665989
F39F	S	14.38	-0.35695862403544365
G102G	S	9.732333333333333	-0.164106483555011
G11G	S	15.826666666666666	-0.349758019333289
G157G	S	8.353666666666667	0.506008466914283
G197G	S	11.11	-0.06815089296986453
G23G	S	15.923333333333332	-0.20582492932573915
G271G	S	5.362333333333333	-0.46290524473047234
G271X	Stop	51	0.9816517075771148
G29G	S	17.056666666666665	0.21546515818485065
G302G	S	4.762666666666666	0.22421334379312935
G304G	S	4.325333333333333	-0.03406539200398399
G305G	S	9.067	0.08163278796498907
G317G	S	9.884	-0.02755366318174538
G317X	Stop	49	1.1688429880652351
G33G	S	9.147333333333332	0.16815007200636548
G33X	Stop	46	-1.338019335899324
G344G	S	0.34933333333333333	-0.1293250378445877
G41G	S	12.426666666666666	0.17903870388818025
G69G	S	16.06	-0.29467892288883213
G80G	S	0.81033333333333335	0.4305626608559924
G80X	Stop	40	2.19156922507766
H140H	S	9.03	0.46050268526838867
H141H	S	2.791	-0.3561050722277296
H171H	S	0.429	0.3425115386292673
H177H	S	0.188	-0.23723189579344117
H269H	S	0.226	0.3300966566254539
H322H	S	7.707	0.7932637296969268
H68H	S	12.15	-0.7221352057945345
H79H	S	2.352	-0.8206941360827089
I112I	S	11.68	0.16076479822542478
I151I	S	12.870000000000001	0.41225150696073815
I176I	S	12.09	-0.07018420250199107
I189I	S	11.305	-0.3087014631160713
I195I	S	0.787	0.22226378729177731
I221I	S	9.09	0.6006372142671323
I237I	S	4.384	0.331198736817383
I241I	S	11.43	0.3917830177715973
I245I	S	3.9765	-0.07613149667048191
I253I	S	10.715	0.5865468942291803
I263I	S	6.1795	0.07844838760904115
I264I	S	8.475	0.1662155594785605
I268I	S	10.825	-0.03803620147146693
I273I	S	7.21	0.40159275426914504
I28I	S	15.295	0.2809297609773206
I311I	S	3.5599999999999996	0.11845353292048304
I315I	S	7.8035	0.41093042986701694
I338I	S	5.029999999999999	-0.23650451975240375
I340I	S	10.95	0.4024126724650257
I365I	S	6.9105	0.11321426728771147
I63I	S	13.845	0.782087996831575
I99I	S	7.039	-0.04113151363528151
K106K	S	8.156	-0.10388351821594496
K106X	Stop	43	5.787540181419546
K108K	S	11.11	0.7660674980788338
K108X	Stop	44	4.570469028503418
K124K	S	5.612	-0.19178996838207207
K124X	Stop	52	5.393542130842002
K126K	S	6.943	-0.18875703330512025
K126X	Stop	47	4.675241215310841
K13K	S	14.18	-0.2397919231334628
K13X	Stop	46	-0.777621398639731
K160K	S	9.643	0.6974964868391516
K160X	Stop	47	3.92000926503167
K161K	S	8.013	0.710606246474961
K161X	Stop	56	2.4602066657595185
K16K	S	13.48	0.3572808177837793
K16X	Stop	48	-1.6111108040500044
K199K	S	11.1	-0.1801994381667577
K199X	Stop	49	3.901740139700525
K211K	S	13.94	0.0925550507430592
K211X	Stop	58	6.458686418928036
K265K	S	20.1	0.3695771973233026
K265X	Stop	55	1.2043402822025615
K286K	S	10.38	0.4113320432196528
K286X	Stop	48	1.3323022940235358
K292K	S	11.02	0.17506404072371978
K292X	Stop	47	1.9187544569937296
K296K	S	10.41	0.8667814516625598
K296X	Stop	50	1.6281006866343892
K324K	S	10.91	0.3474571787156545
K324X	Stop	49	-0.03642227034845383
K363K	S	11.48	-0.12882186496137946
K363X	Stop	46	0.13978070347891092
K364K	S	10.74	-0.31922781855348137
K364X	Stop	47	-0.4580787614747389
K45K	S	12.64	0.8087460572115728
K45X	Stop	44	0.3935592420998706
K61K	S	14.44	-0.09810429657956082
K61X	Stop	53	2.018450427484632
K62K	S	13.45	0.732566993092018
K62X	Stop	47	0.9411848802864212
K70K	S	10.92	0.7182872347805846
K70X	Stop	46	3.10517918835231
K71K	S	12.6	-0.5713139487364296
K71X	Stop	41	2.34190271490157
K73K	S	13.22	0.02777303565676269
K73X	Stop	43	3.2859838638573517
K77K	S	18.45	0.03443980681824143
K77X	Stop	43	3.836127366225946
K8K	S	15.2	0.7368365834051315
K8X	Stop	43	-1.7089184001631366
K92K	S	9.649	-0.8411893479104006
K92X	Stop	41	1.3102296351859273
L100L	S	8.02825	0.3173958186467948
L120L	S	19.426666666666666	0.1145023222193004
L135L	S	8.0725	-0.19124946621480007
L142L	S	7.477499999999999	-0.22806986790680728
L142X	Stop	42	3.88568796976105
L166L	S	6.852666666666667	-0.5187249387671926
L186L	S	8.29775	-0.1988972498312432
L191L	S	9.687249999999999	0.1411189904825774
L19L	S	12.7925	-0.224125320856651
L200L	S	6.50675	-0.2805676506461534
L212L	S	15.22	0.04442071558503949
L212X	Stop	53	4.3248935333895915
L222L	S	7.916666666666667	-0.3888685560197287
L226L	S	10.2275	0.7449896449992424
L228L	S	10.719	0.14638400458711676
L228X	Stop	52	4.474271303139613
L231L	S	9.033249999999999	-0.13684865599257684
L254L	S	7.63675	0.12996846176011145
L266L	S	9.664250000000001	-0.10376388090531856
L275L	S	12.11625	-0.1955585581216282
L295L	S	12.3725	0.3056379334421813
L297L	S	8.5695	0.20089875913908117
L301L	S	8.93	0.6032998528981063
L303L	S	8.146	0.14153407536273072
L303X	Stop	46	5.555140708495672
L319L	S	10.43625	0.5934811210134089
L333L	S	12.412749999999999	-0.16588960678501613
L352L	S	11.7325	-0.17319678286538073
L353L	S	8.583	0.4260759079597875
L356L	S	7.614	0.14759478137997595
L36L	S	8.789333333333333	-0.7279791225204787
L378L	S	0.14466666666666667	0.25687907106039404
L43L	S	10.493500000000001	-0.09462857589633122
L50L	S	9.866333333333333	0.5207268762053198
L54L	S	12.925	0.18347612531348068
L6L	S	11.7325	0.4894945946814057
L84L	S	6.597	-0.01456486896622829
L90L	S	7.21425	0.1391942535462258
L91L	S	6.679	0.3906868677486795
L91X	Stop	39	0.47841218945299463
N103N	S	1.126	-0.05107893806612017
N128N	S	4.483	0.15163040408578565
N137N	S	3.137	-0.04406023384882603
N152N	S	7.341	-0.3230948633445721
N154N	S	9.015	0.5079756033438441
N179N	S	0.254	-0.08384795988399144
N207N	S	8.569	-0.9269961589280008
N209N	S	11.68	0.7854093162920895
N229N	S	7.952	0.4099704902842072
N267N	S	5.578	-0.13880171157762417
N272N	S	12.19	0.29991704498811944
N288N	S	9.494	-0.31211867537207055
N331N	S	9.892	0.43446405993204096
N342N	S	10.31	-0.39258730164784694
N34N	S	13.16	0.5256976634832656
N371N	S	8.319	0.20923038233326663
N380N	S	5.728	-0.17496603198443725
N75N	S	14.08	-0.5962408317851556
P116P	S	11.34	0.11444847967874903
P117P	S	8.618	-0.17259540204047755
P133P	S	10.326333333333334	-0.05197262948641882
P136P	S	11.333333333333334	0.09020089067400897
P146P	S	0.15766666666666665	0.19547872016831497
P14P	S	13.673333333333334	-0.09945003599413428
P165P	S	4.222666666666667	0.4019716492633571
P173P	S	6.091666666666667	-0.26172323503967476
P183P	S	3.021333333333333	-0.17086415313567738
P188P	S	11.7	-0.07015928353047664
P215P	S	5.397666666666667	-0.2784956215180439
P230P	S	2.8626666666666667	0.29605147600140214
P235P	S	7.6306666666666665	-0.09250817666050254
P249P	S	7.721333333333333	0.09834149391614928
P290P	S	0.005333333333333333	0.04029645822315663
P332P	S	8.787666666666667	-0.16422651283316198
P334P	S	10.337666666666667	0.26409918768959045
P351P	S	0.11833333333333333	0.03162090896084036
P383P	S	1.062	0.2810268067025256
P48P	S	13.450000000000001	0.17422191900040335
P74P	S	14.02	0.118485116361236
Q123Q	S	8.657	0.34835897790477527
Q123X	Stop	44	2.206606529622577
Q12Q	S	13.56	0.8149243178561184
Q12X	Stop	47	-0.9219182357026752
Q130Q	S	12.45	-0.6251933333164049
Q130X	Stop	45	1.7525813586562338
Q182Q	S	7.857	0.04257059914431988
Q182X	Stop	44	3.288038663323443
Q18Q	S	12.26	0.7010174524852915
Q18X	Stop	46	-0.16520238127064546
Q198Q	S	9.471	0.6213704300083539
Q198X	Stop	49	2.858390901269457
Q243Q	S	8.358	0.6559188724184556
Q243X	Stop	52	3.513293547357106
Q244Q	S	7.204	0.5232250452425967
Q244X	Stop	53	3.322510900987821
Q257Q	S	5.519	0.4509387604217493
Q257X	Stop	53	2.006800732736237
Q260Q	S	5.616	0.00105054555661718
Q260X	Stop	54	1.6873284002893043
Q278Q	S	10.05	-0.3743446331346298
Q278X	Stop	48	3.953914285126625
Q318Q	S	5.938	0.5751399657450692
Q318X	Stop	48	3.495037620935501
Q323Q	S	10.28	0.17286555909371024
Q323X	Stop	51	2.7850760137782467
Q348Q	S	8.914	-0.29299101585431364
Q348X	Stop	46	3.3582873999147025
Q368Q	S	8.822	0.23615114595203665
Q368X	Stop	48	0.1188736684142286
R121R	S	16.425	-0.15016571506129994
R127R	S	11.0805	-0.4539702135432999
R153R	S	12.775	-0.07833359616117908
R155R	S	13.393333333333333	-0.367301055431676
R158R	S	7.608499999999999	-0.6116432438617828
R158X	Stop	47	4.348138824082551
R162R	S	9.583	-0.40182821735386304
R162X	Stop	44	2.059813083062607
R190R	S	7.39425	0.03809059859460274
R201R	S	9.13275	-0.32860280014936577
R201X	Stop	45	4.463810018969146
R242R	S	10.721499999999999	-0.4263456392164506
R242X	Stop	46	3.102523704141448
R261R	S	2.7176666666666667	-0.09774965795128772
R316R	S	10.05625	0.32749019204298463
R341R	S	9.913499999999999	0.04711185145542373
R366R	S	0.6273333333333333	-0.33020517268854765
R370R	S	9.649999999999999	-0.17250362813270242
R373R	S	16.3	0.04883566648441401
R374R	S	6.775250000000001	0.04381381399692901
R376R	S	9.094999999999999	0.29557360970439134
R377R	S	10.95	0.11539222176069185
R37R	S	10.533333333333333	0.5051915661325259
R40R	S	13.895	0.04108728092817981
R40X	Stop	46	-0.822446781881853
R46R	S	12.07	0.1795572718449413
R46X	Stop	42	0.8072438740225164
R52R	S	13.45	-0.2307168303670311
R53R	S	10.83625	0.4138330066831388
R53X	Stop	42	2.194752616276971
R60R	S	13.895	-0.4022697958844773
S111S	S	10.282666666666666	0.0929224235834084
S113S	S	11.69	-0.01376873828307754
S129S	S	12.08	0.39300590149512177
S138S	S	9.089	-0.17827479760471948
S139S	S	10.446666666666667	0.3785009390197443
S148S	S	7.693	-0.26563201806224457
S181S	S	4.838666666666667	-0.3465956395758547
S219S	S	8.341	-0.4505415364759485
S219X	Stop	51.5	3.4130722398418705
S239S	S	0.3213333333333333	-0.26594535300861594
S247S	S	11.12	-0.42128155738949385
S252S	S	12.11	-0.21854578884620657
S258S	S	6.858	-0.4435448883119367
S258X	Stop	51	0.30415875014681226
S274S	S	5.710333333333334	-0.3310765359303225
S284S	S	2.369666666666667	-0.40374922024956866
S284X	Stop	48	0.5274211259411178
S289S	S	0.158	-0.45663927270324944
S289X	Stop	46	0.8489255377529372
S299S	S	0.07066666666666667	0.14068268283595578
S299X	Stop	48	0.6822507188582001
S30S	S	13.413333333333334	-0.37493554324899225
S314S	S	10.34	-0.2604949974898504
S320S	S	11.6	-0.19955184267177672
S329S	S	12.5	-0.3774844312007321
S42S	S	14.186666666666667	0.40691869069940073
S49S	S	7.307666666666667	0.0860318425981297
S49X	Stop	42.5	1.1172491199630437
S66S	S	14.856666666666667	0.3042666021326747
S66X	Stop	49	1.0382490519329448
S67S	S	14.246666666666666	0.45606360770846993
S67X	Stop	43.5	1.204688099530144
S7S	S	16.3	-0.2980456961615716
S87S	S	4.746	0.7776357022800198
S94S	S	1.9723333333333333	-0.41746483149867697
S94X	Stop	42	4.5048516766458
T114T	S	0.296	0.0078913093430757
T118T	S	12.040000000000001	-0.00261331383538844
T134T	S	9.958	0.038735202100642
T149T	S	5.758	0.08174716006849994
T150T	S	7.593	0.07618886110882866
T163T	S	8.720333333333333	0.145975815858271
T205T	S	8.320666666666666	0.438552905155149
T214T	S	7.1739999999999995	0.23776476506028615
T232T	S	0.207	-0.24481884989399533
T250T	S	1.2823333333333333	0.1939288878501816
T309T	S	10.906666666666666	-0.05511998732634685
T310T	S	13.116666666666667	-0.25970185775043303
T325T	S	10.009	-0.2931848242114365
T335T	S	0.267	-0.3691475038454739
T343T	S	0.13266666666666668	0.41896866201084343
T355T	S	2.782	0.01265312866575286
T357T	S	0.27366666666666667	0.05415653003875675
T372T	S	0.8906666666666667	0.23073319747368437
T381T	S	2.066666666666667	-0.6375663387966156
T56T	S	12.09	0.1945683696689227
T72T	S	12.596666666666666	-0.00245534814139884
T76T	S	14.01	0.1278996614363384
T82T	S	0.302	0.1912792532568376
T83T	S	5.11	-0.2801252510039248
T86T	S	11.8	-0.29486960062456663
T89T	S	5.488333333333333	-0.4955339987163289
T9T	S	13.836666666666666	0.36836422680004893
V110V	S	6.258333333333334	0.5381675311320216
V132V	S	7.532	0.2843263674089998
V145V	S	4.439666666666667	-0.2380376016967622
V15V	S	13.08	0.04633360042533129
V175V	S	9.361666666666666	0.5820037775974156
V185V	S	11.336666666666666	0.17176600662961394
V187V	S	3.359	0.33963351408688125
V234V	S	7.028333333333333	0.2107141112003151
V262V	S	3.128	0.12310552703973474
V270V	S	8.477666666666668	0.2497790983074469
V276V	S	10.805666666666667	0.41883630138901967
V308V	S	7.666666666666667	0.07008893545459333
V32V	S	17.643333333333334	0.17325872615962143
V336V	S	8.555	0.1487515720704382
V57V	S	14.056666666666667	0.4854625883130924
V64V	S	9.297666666666666	-0.6515840409607573
V88V	S	10.155	-0.33815918140669576
V96V	S	4.757333333333333	-0.22821932214338875
W131X	Stop	54	1.2338087312589383
W206X	Stop	52	4.806717648864654
W281X	Stop	50	3.9561545854318982
W321X	Stop	50.5	2.2896299570614445
W349X	Stop	48.5	3.415529367981658
W385X	Stop	46.5	-0.17565993535092397
W51X	Stop	46	1.1933990700958703
X386E	M	18.64	-0.9477399976751216
X386K	M	18.82	-0.8277856284848114
X386L	M	14.22	-0.48081363766056223
X386Q	M	19.02	-1.2436822482611205
X386S	M	12.53	-1.1663427586703397
X386Y	M	15.855	-0.7863196044818964
Y107X	Stop	36.5	3.5329470839083013
Y107Y	S	7.679	0.04721550317860941
Y119X	Stop	42.5	3.0267580327953434
Y119Y	S	11.6	-0.06765326727892589
Y248X	Stop	37	1.818892920090632
Y248Y	S	4.766	0.368057237882092
Y26X	Stop	38.5	-0.6971188385963611
Y26Y	S	13.62	-0.10555721868848995
Y313X	Stop	44	1.8891235073785988
Y313Y	S	10.87	0.6333104285866709
Y326X	Stop	33	0.19816438531653816
Y326Y	S	2.932	-0.2663247836021757
Y35X	Stop	43.5	-1.9097660507705216
Y35Y	S	11.16	-0.33837801896178643
Y44X	Stop	42	-0.9953452824547632
Y44Y	S	12.54	-0.00956113897912942
Y47X	Stop	37	1.5326656132590677
Y47Y	S	7.73	-0.565572400020749
Y81X	Stop	34	1.5882387816777666
Y81Y	S	1.308	-0.45486303880168266
