Residue	Substitution	Wildtype_Amino_Acid	Mutant_Amino_Acid	Mutation_Type	G401_R1_zscore	G401_R2_zscore	BT16_R1_zscore	BT16_R2_zscore	RCRF1009T_R1_zscore	RCRF1009T_R2_zscore	G401_average_zscore	BT16_average_zscore	RCRF1009T_average_zscore	all_reps_zscore	all_reps_zscore_sd	Single_Nucleotide_Substitution
1	M1C	M	C	M	12.387440213373972	-0.2422486149693429	-8.735920383991177	1.7461481543492083	11.764327800506427	0.4417673201780084	6.072595799202315	-3.494886114820984	6.103047560342218	2.8935857482411826	8.015363171212364	FALSE
1	M1Q	M	Q	M	2.6379989570424245	-3.950585224807576	7.887417316246806	-0.4396538738803882	6.924419343597482	1.4818980211564	-0.6562931338825757	3.7238817211832087	4.203158682376941	2.423582423225858	4.469270723134842	FALSE
2	M2D	M	D	M	3.065029143237646	-1.7648957611114269	3.3365107177538533	2.180845315906352	2.9399593411578966	3.347845659079269	0.6500666910631097	2.7586780168301024	3.1439025001185827	2.1842157360039316	1.9811255363715086	FALSE
2	M2E	M	E	M	6.961290481105713	3.8665224319264055	6.455561644143337	8.236765639506483	2.820702200155795	1.325367011892924	5.4139064565160595	7.34616364182491	2.0730346060243594	4.944368234788443	2.681806868194658	FALSE
2	M2K	M	K	M	6.525630803510505	1.027683966927358	1.748109588136331	1.6735942341677503	0.7004321353964407	0.604151800789089	3.7766573852189316	1.7108519111520408	0.6522919680927648	2.0466004214879123	2.2459279318653187	TRUE
2	M2V	M	V	M	2.9277875796969597	1.259029451862756	1.2519046164595722	2.0104778377886148	5.133505650085319	0.6063490071824298	2.093408515779858	1.6311912271240936	2.8699273286338745	2.198175690512609	1.6428671740127438	TRUE
38	M38A	M	A	M	3.925427648333893	1.6321491762369749	2.86133227169198	1.7257010485308095	1.5548763770665632	0.3590016727954853	2.778788412285434	2.2935166601113948	0.9569390249310242	2.0097480324426176	1.2288335492904867	FALSE
42	S42M	S	M	M	3.4135655941260112	2.7333156618399657	1.8520202852457084	2.046877647054282	2.1560575264288526	5.131177254613971	3.0734406279829884	1.9494489661499952	3.6436173905214115	2.888835661551465	1.2368077466172267	FALSE
45	K45T	K	T	M	0.026461799296675803	4.409312425728091	-0.6938421609366943	9.280105911065538	-2.323155436983793	1.975756323095276	2.2178871125123836	4.293131875064422	-0.17369955694425854	2.112439810210849	4.208818634283151	TRUE
47	Y47A	Y	A	M	0.41124509630012074	2.598241167585184	1.9590254145608048	4.4398025137635475	2.983549023790859	-0.0562328869303886	1.5047431319426525	3.199413964162176	1.4636580684302352	2.0559383881783546	1.674099017938008	FALSE
47	Y47M	Y	M	M	2.67319940877177	3.549452502422326	1.5957243568971755	1.2268392068444816	2.321550025378306	2.966414230752407	3.111325955597048	1.4112817818708285	2.6439821280653564	2.388863288511078	0.8654801962175911	FALSE
50	L50D	L	D	M	1.3487999073254602	1.6322254294770144	3.4157784364177894	1.443627638709981	3.5172790385385415	1.8658002231096535	1.4905126684012373	2.4297030375638853	2.6915396308240975	2.2039184455964067	0.9943789365261977	FALSE
51	W51P	W	P	M	0.5213088567202725	2.6825859983321547	7.094553960409221	0.5681085435787006	3.0575647347597132	NA	1.6019474275262136	3.831331251993961	3.0575647347597132	2.7848244187600124	2.678429608353747	FALSE
52	R52P	R	P	M	1.1584499838143276	1.8969214235379308	2.563418647818646	2.419630114326112	4.226050194561078	1.6664849145012126	1.5276857036761293	2.491524381072379	2.946267554531145	2.3218258797598845	1.06371631818714	TRUE
56	T56K	T	K	M	2.1367966296396803	2.7473074269698765	2.3598411220700193	0.8798015629539827	3.8361520394491944	1.3081892464579945	2.4420520283047784	1.619821342512001	2.572170642953594	2.211348004590125	1.052953981539791	TRUE
57	V57F	V	F	M	2.640226381744921	0.9355906924066868	3.270086663024562	0.44774166691267575	7.010388466302281	0.7546089604289917	1.787908537075804	1.858914164968619	3.8824987133656363	2.5097738051366862	2.4763383649446147	TRUE
57	V57T	V	T	M	3.490736446137537	4.45453105727805	2.653750263094467	2.5647213375503326	2.745612648139003	4.314621757115498	3.972633751707794	2.6092358003224	3.5301172026272507	3.3706622515524813	0.8525772118884934	FALSE
58	E58Y	E	Y	M	1.2817578015558035	2.158197481807485	3.784819311685793	-0.4432177782067411	0.2592989279537112	5.078704719753555	1.7199776416816444	1.670800766739526	2.669001823853633	2.019926744091601	2.1072195855611997	FALSE
63	I63E	I	E	M	2.6297940964643147	2.5712389525481485	1.9260871934116095	0.943758493009644	3.078837968556388	1.7536319723347995	2.6005165245062316	1.4349228432106267	2.416234970445594	2.1505581127208173	0.7658519262278874	FALSE
73	K73Y	K	Y	M	1.1605478992772174	0.6726274642208582	0.3172568348045855	2.2354437043047297	5.678266058628198	3.830867519638532	0.9165876817490377	1.2763502695546576	4.754566789133365	2.31583491347902	2.0802337798020214	FALSE
74	P74C	P	C	M	2.7844240213764526	1.2736231862997802	0.991839673554592	3.7892435360359618	4.580336872012843	1.275263676262421	2.0290236038381164	2.3905416047952768	2.927800274137632	2.449121827590342	1.5055791318800766	FALSE
74	P74K	P	K	M	2.4220933130897	0.9598921231357836	2.2345602454376015	2.4475109148165006	2.082785936332312	2.832561528441694	1.690992718112742	2.341035580127051	2.4576737323870033	2.163234010208932	0.6411570549330212	FALSE
74	P74Q	P	Q	M	2.9779899453394623	1.3269300105482642	1.1141487045822551	4.490344634965615	0.4723638238270033	3.4140510548981298	2.152459977943863	2.8022466697739348	1.9432074393625665	2.299304695693455	1.5615216508141678	TRUE
74	P74Y	P	Y	M	3.598389157010287	2.0167739386371424	1.708213171823896	3.3185948091755018	4.0954707624212405	3.321409984083872	2.8075815478237147	2.513403990499699	3.7084403732525564	3.00980863719199	0.9378488413236579	FALSE
75	N75I	N	I	M	1.901166204220096	2.3440038370734655	2.5601140889725995	1.805984706165347	2.847132554438377	1.202342715696433	2.1225850206467807	2.1830493975689733	2.024737635067405	2.110124017761053	0.5933975730118374	TRUE
75	N75T	N	T	M	2.684093748387854	0.226259468760487	4.014165980089617	3.1702302155338975	2.4303770516019587	0.9410859330205108	1.4551766085741706	3.592198097811757	1.6857314923112348	2.244368732899054	1.413412184999447	TRUE
76	T76Q	T	Q	M	1.8451203841617967	1.2316085446434415	-1.595878179785693	2.0785403111775524	6.266171429008453	2.336212222429958	1.538364464402619	0.24133106569592977	4.301191825719205	2.0269624519392515	2.5242748291625356	FALSE
77	K77I	K	I	M	2.894361988096282	3.223549976797092	3.294826263740401	5.219346695158375	4.6292688996261875	1.1584763247718777	3.0589559824466868	4.257086479449388	2.893872612199033	3.403305024698369	1.4243140943499493	TRUE
77	K77Q	K	Q	M	1.6327734837430323	2.5266605117790504	2.8287992595966607	2.5673100493633294	2.588769942216709	-0.09762108258554776	2.0797169977610412	2.698054654479995	1.2455744298155806	2.0077820273522056	1.110610319148275	TRUE
77	K77S	K	S	M	4.602790123229291	0.17797806654368842	7.300956251365914	-0.1539606456878866	0.7234894687072385	1.0069396401552178	2.39038409488649	3.5734978028390136	0.8652145544312282	2.276365484052244	2.9997114769186437	FALSE
77	K77Y	K	Y	M	2.432571034428958	0.8376892780822631	3.616878247058184	4.546915625908836	2.684352550764392	1.269407578736442	1.6351301562556106	4.08189693648351	1.976880064750417	2.5646357191631792	1.3948749845800783	FALSE
78	D78F	D	F	M	3.420492014040585	4.447608984609579	2.9312490528105464	4.875208552295548	3.37387603123522	2.075554288443502	3.934050499325082	3.903228802553047	2.724715159839361	3.5206648205724966	1.0160070021011425	FALSE
78	D78I	D	I	M	2.001222609153182	1.097976648360309	3.5728248968118552	1.5369274424505102	2.9402747586140205	1.237213200122929	1.5495996287567455	2.5548761696311826	2.088743979368475	2.0644065925854678	0.9942769272195374	FALSE
78	D78K	D	K	M	2.79584177473203	2.4792927545075085	4.388730721740105	2.0326982474418025	3.313232062323568	2.289659647083278	2.6375672646197694	3.2107144845909534	2.801445854703423	2.8832425346380486	0.8599960723169313	FALSE
78	D78P	D	P	M	2.414967053785866	2.6335781740844095	4.929645609635669	3.4866881194460517	3.268792480156589	2.6103798745066564	2.5242726139351377	4.2081668645408605	2.9395861773316225	3.2240085519358734	0.933798721202293	FALSE
79	H79T	H	T	M	2.0936258283203273	1.3488590211232665	1.854853712965104	2.571311204048346	3.2474400153682517	1.9637051001049877	1.721242424721797	2.213082458506725	2.6055725577366196	2.179965813655047	0.6547231558155857	FALSE
79	H79V	H	V	M	2.794828306945067	2.6658863261910275	1.4099511284508668	0.9166097182454196	3.8627281686922914	1.758564420551996	2.730357316568047	1.163280423348143	2.8106462946221438	2.2347613448461114	1.076514639529386	FALSE
96	V96N	V	N	M	1.4774191561073466	4.509187728895188	1.595315175477135	4.21723903499297	-1.1652482693824435	4.916991033587588	2.9933034425012672	2.9062771052350524	1.8758713821025723	2.5918173099462973	2.3696066960356066	FALSE
96	V96Q	V	Q	M	11.329949321515356	5.65914051333805	-2.74326869631318	14.197504372176406	-2.244528871677174	-3.9957330002782383	8.494544917426703	5.727117837931613	-3.120130935977706	3.7005106064602034	7.852762521432931	FALSE
96	V96R	V	R	M	-4.214818166847218	3.585069056821895	2.648478050310507	7.230165427662318	0.8999723304969663	4.447940213485518	-0.3148745550126615	4.939321738986413	2.6739562719912424	2.4328011519883312	3.872728600968944	FALSE
96	V96Y	V	Y	M	-2.404521709027216	4.536890182673648	-0.34246035853579854	10.546759311712927	1.545258709333786	5.020765415476584	1.0661842368232162	5.102149476588564	3.283012062405185	3.1504485919389884	4.599140356816935	FALSE
107	Y107D	Y	D	M	3.747019919241924	2.7005676615465575	-0.42458639538960274	4.547667008025257	0.7879483842516677	1.611463791149739	3.2237937903942404	2.061540306317827	1.1997060877007033	2.1616800614709235	1.8641505770878064	TRUE
107	Y107K	Y	K	M	3.447380964595661	5.17691454831021	0.00297085590467157	-0.5075996640441912	2.850980923112235	5.291965631138711	4.312147756452935	-0.2523144040697598	4.071473277125473	2.7104355431695497	2.4898503354028074	FALSE
108	K108Y	K	Y	M	0.6221473424612217	7.214206238717728	0.9909908622909104	2.100830461678218	0.13450409791164253	2.610594959333113	3.918176790589475	1.5459106619845642	1.3725495286223777	2.278878993732139	2.5884725640405537	FALSE
110	V110H	V	H	M	2.4168871875610916	5.1673027846024775	1.5202596598174765	1.5854617829721294	3.687993261070899	1.84868157887798	3.7920949860817847	1.552860721394803	2.7683374199744395	2.7044310424836757	1.449308423778879	FALSE
113	S113E	S	E	M	2.67717746456716	1.8625035202447928	1.853454178967965	2.092882813345202	3.769699944186757	1.9038792301003449	2.2698404924059767	1.9731684961565836	2.836789587143551	2.359932858568704	0.7578053330421524	FALSE
118	T118P	T	P	M	2.3481029578954087	1.9369270636940887	3.0411117743815166	2.5143154738249622	2.5378435740617213	1.236764968704919	2.1425150107947486	2.7777136241032396	1.8873042713833201	2.269177635427103	0.6181669393670515	TRUE
119	Y119S	Y	S	M	0.3279063636305496	0.47077289487428015	5.423523747173789	2.339234711355055	1.8210681452236823	1.688154447094302	0.39933962925241484	3.881379229264422	1.7546112961589921	2.0117767182252764	1.8492409153843214	TRUE
122	E122I	E	I	M	1.862589071494479	1.924575366620962	2.4928201676202275	3.2092980647997056	1.4713010471348738	3.0676688071005063	1.8935822190577205	2.8510591162099663	2.26948492711769	2.338042087461792	0.7019471080897187	FALSE
122	E122S	E	S	M	1.8874015553513457	2.557738641110592	4.210252448439788	1.3860570858997534	3.6155295211602168	3.590853471305468	2.222570098230969	2.7981547671697706	3.603191496232842	2.874638787211194	1.107852421712601	FALSE
123	Q123C	Q	C	M	0.9851463174067192	2.083842050553168	2.0820344196334206	2.3099838574584868	2.433457305771872	2.508397625612569	1.5344941839799437	2.1960091385459535	2.4709274656922204	2.067143596072706	0.5584050377812863	FALSE
123	Q123E	Q	E	M	0.8241319902744674	2.045660762395736	3.3886158053777473	2.648905864742628	2.3229573999871187	1.9551543184160525	1.4348963763351017	3.0187608350601876	2.1390558592015854	2.1975710235322916	0.8492573130784682	TRUE
124	K124F	K	F	M	1.3688530721045893	2.609924854183019	1.0855742412010243	5.656579422101473	4.808868409368414	6.140318799492519	1.9893889631438042	3.3710768316512487	5.474593604430467	3.611686466408506	2.2101531267034873	FALSE
124	K124P	K	P	M	1.6652557823862486	1.6412847207326522	1.6239502142917048	4.7116294214400165	2.91176272877533	4.015637957817927	1.6532702515594504	3.167789817865861	3.4637003432966287	2.7615868042406464	1.3527083049627102	FALSE
124	K124Q	K	Q	M	0.41247826046858954	4.787496123734077	1.38207520973839	5.680821472472777	2.4546383506320315	1.7831110762591669	2.5999871921013336	3.5314483411055835	2.1188747134455994	2.750103415550839	2.0541880976645994	TRUE
125	A125F	A	F	M	1.903543085030416	2.674749714032129	0.42169242177186966	1.9654901127683095	2.572936610735134	3.284495071007111	2.2891463995312726	1.1935912672700897	2.9287158408711225	2.1371511692241616	0.9820547993758676	FALSE
125	A125I	A	I	M	1.935180544702648	1.5887611534520132	2.04992910732769	1.5268199615002678	4.587579843541609	1.0345008514931833	1.7619708490773305	1.788374534413979	2.811040347517396	2.120461910336235	1.2601906868968193	FALSE
125	A125K	A	K	M	2.1972216792237265	0.9260276658861324	0.7692974183874106	3.3294454899028256	3.6694271451707823	4.585434701181227	1.5616246725549294	2.0493714541451182	4.1274309231760045	2.5794756832920176	1.5447377966602163	FALSE
125	A125N	A	N	M	1.7169106558192395	4.272783765087707	1.3868369960395743	2.9443231762428437	5.530822179276193	2.984414977049395	2.9948472104534734	2.165580086141209	4.257618578162794	3.1393486249191587	1.5595183310449974	FALSE
125	A125Y	A	Y	M	1.308821554938358	1.6505668207051267	0.6021818498605578	2.972612027812815	2.906241197903878	3.879600790858939	1.4796941878217424	1.7873969388366864	3.3929209943814085	2.2200040403466126	1.2299156477074484	FALSE
126	K126A	K	A	M	1.214740227345089	3.428955916646077	1.282580184274801	1.1040303769028168	5.139993054093211	0.5625873539694277	2.321848071995583	1.193305280588809	2.8512902040313195	2.122147852205237	1.7783245816052855	FALSE
130	Q130A	Q	A	M	7.114250183292965	-0.4997148656450006	NA	1.8248162866345317	1.7078671329738917	3.1412412073638367	3.307267658823982	1.8248162866345317	2.4245541701688644	2.6576919889240447	2.8133520053565584	FALSE
156	M156F	M	F	M	2.165877846194058	1.4997681080459324	2.277503866029898	3.3360846440418737	2.2362168540880543	0.5383966504032759	1.8328229771199953	2.8067942550358858	1.387306752245665	2.008974661467182	0.9307499625257991	FALSE
208	M208D	M	D	M	2.0873931985079786	1.2798577793384311	-0.01617526226809784	8.319849010637911	3.530462725625549	2.097703675527404	1.6836254889232047	4.151836874184907	2.8140832005764764	2.8831818545615295	2.905288200091273	FALSE
208	M208S	M	S	M	1.5540411863867876	2.5233986561108797	2.0497879753329498	12.001477502776602	-0.6202393190327894	0.3929563658954478	2.0387199212488336	7.025632739054776	-0.1136414765686708	2.983570394578313	4.563959585755947	FALSE
209	N209T	N	T	M	2.0380302112567406	0.8168771350462111	6.491126363980398	3.9764568882550226	0.24657167268836555	1.722951711866853	1.4274536731514758	5.233791626117711	0.9847616922776092	2.5486689971822654	2.3161547660326	TRUE
210	E210K	E	K	M	1.8378122031168391	2.3098609382403374	1.2732588603363897	1.4859029852107206	2.229628855645904	5.004446049868687	2.0738365706785884	1.3795809227735552	3.6170374527572955	2.3568183154031463	1.3586961929639587	TRUE
215	P215F	P	F	M	2.7233173961470167	4.195580073146484	2.143186539226717	1.7046351843530512	0.03037127084108146	1.787402879587957	3.4594487346467506	1.9239108617898841	0.9088870752145193	2.0974155572170514	1.3652251678102716	FALSE
215	P215G	P	G	M	2.328750788419537	NA	8.422705024127593	3.765245134245452	2.6954273286940458	-5.799445273418122	2.328750788419537	6.093975079186523	-1.5520089723620383	2.282536600413701	5.133009311833793	FALSE
220	E220C	E	C	M	2.378648242268884	3.750817310599791	4.546482599247078	1.2553130360834928	7.963304317930258	5.300365572794763	3.0647327764343375	2.9008978176652853	6.6318349453625105	4.199155179820711	2.3530226654966806	FALSE
223	C223N	C	N	M	3.649822495760591	1.6764175356504083	1.4268407900729927	1.4805584566860364	4.6783439072560435	-0.5633987000845975	2.6631200157054997	1.4536996233795145	2.057472603585723	2.058097414223579	1.8519847731280612	FALSE
275	L275H	L	H	M	0.28508856001655997	0.5455074673004215	-1.469146381585146	-0.08505225244192685	15.873931124704477	-1.691672193821712	0.41529801365849073	-0.7770993170135364	7.091129465441382	2.243109387362112	6.74090030606123	TRUE
277	D277K	D	K	M	2.9408036496302556	4.215603956623076	4.607720868154511	2.2774807078950827	5.155775700570529	6.647724201106349	3.578203803126666	3.442600788024797	5.901749950838439	4.3075181806633	1.5673950150829854	FALSE
277	D277L	D	L	M	0.6375041805065932	1.8342374849385643	2.4613602965003087	4.486188800168892	2.1897843130187127	0.47370628229470374	1.2358708327225787	3.4737745483346005	1.3317452976567081	2.013796892904629	1.4589248517631264	FALSE
277	D277P	D	P	M	1.213683635174014	4.106324536100266	3.691266010807763	-0.2054684416946578	1.4687851053971894	1.935543753030125	2.66000408563714	1.7428987845565524	1.7021644292136573	2.0350224331357833	1.6160663780105466	FALSE
277	D277R	D	R	M	2.3081372049054867	3.929965802599127	2.1074013567379684	0.2219324432202172	3.897019653041626	3.2007706190328924	3.1190515037523068	1.1646668999790928	3.548895136037259	2.6108711799228863	1.3995947897121919	FALSE
278	Q278P	Q	P	M	3.32567692084437	2.429753522351729	3.7587799616531212	2.746212029715196	1.8403616997390864	4.550331353346282	2.8777152215980495	3.252495995684159	3.195346526542684	3.1085192479416306	0.9745800732280704	TRUE
279	F279R	F	R	M	3.1844994138354026	5.612700767432721	2.95188565098966	1.4759211787506186	4.172283816972016	16.005136592959218	4.398600090634062	2.2139034148701393	10.088710204965617	5.567071236823272	5.294413571252626	FALSE
280	E280K	E	K	M	-2.1010530286824727	1.7112083666705395	3.020430309879322	-2.8227205790654786	2.4487801178624906	14.340946024945989	-0.19492233100596656	0.09885486540692168	8.39486307140424	2.766265201935065	6.167322378135397	TRUE
280	E280N	E	N	M	4.733915333300232	5.7946322559062935	1.8132085658493575	2.2840960991349974	3.867889614976942	5.861895177341901	5.2642737946032625	2.0486523324921775	4.864892396159421	4.059272841084954	1.7290891712672967	FALSE
281	W281G	W	G	M	4.844140418563418	1.3662810321934011	0.7900506005925574	-0.5820557633634691	2.619197866377717	5.474227553025084	3.1052107253784094	0.10399741861454415	4.046712709701401	2.418640284564785	2.367438654988609	TRUE
281	W281P	W	P	M	8.125066543579356	6.935799802824928	2.263281189508339	1.010009260246962	6.618518443169935	8.489389039583239	7.530433173202142	1.6366452248776504	7.553953741376587	5.573677379818793	3.154166169788151	FALSE
281	W281R	W	R	M	2.6930309371701306	1.750203037022871	2.010428714699979	0.27236775253260676	2.37589966210243	3.2787690508890974	2.2216169870965006	1.141398233616293	2.827334356495764	2.063449859069519	1.027609641542148	TRUE
282	D282R	D	R	M	6.620001855752081	3.3106980829935773	3.567929318206569	2.8606140358839447	3.3304160265358225	3.7774093680588	4.965349969372829	3.214271677045257	3.553912697297311	3.911178114571799	1.361982792048793	FALSE
293	F293S	F	S	M	1.8090841030089724	2.58494136298241	2.162076850290495	1.2896655639502015	2.4540694759173274	2.1115229856712485	2.197012732995691	1.7258712071203481	2.282796230794288	2.0685600569701093	0.46901231777263147	TRUE
294	A294E	A	E	M	2.037650999660803	3.2579665776903948	0.6302946174909958	1.1960685079575613	2.9466560341652577	3.5344867885916926	2.647808788675599	0.9131815627242785	3.2405714113784754	2.2671872542594507	1.177180476009093	TRUE
294	A294F	A	F	M	2.2376345638696185	4.189478940064211	4.496440994151713	1.2983927909322528	3.1594716413572828	2.622070888758792	3.2135567519669146	2.8974168925419828	2.8907712650580373	3.0005816365223117	1.2082320586465276	FALSE
297	L297C	L	C	M	4.983913121841002	5.479910014273111	2.766939907266237	2.1452964789879996	6.106694038041639	2.317446044249184	5.231911568057057	2.4561181931271183	4.212070041145411	3.966699934109862	1.753914207846372	FALSE
300	E300K	E	K	M	4.215568477748232	4.197509571861062	5.659341626502582	0.023873526765910147	3.113863915413041	1.9709818976596178	4.206539024804647	2.841607576634246	2.5424229065363297	3.1968565026584077	1.9839551870076193	TRUE
300	E300P	E	P	M	5.051389603496544	1.4577627594390148	1.635690215388144	0.39586981003149974	4.363943386193084	1.0164778381510644	3.254576181467779	1.015780012709822	2.690210612172074	2.3201889354498917	1.9105692069421154	FALSE
300	E300W	E	W	M	4.954017666655795	3.1905112953806514	2.7023988354751527	1.2020919530985594	1.6598010692597986	1.503931395485282	4.072264481018223	1.952245394286856	1.5818662323725403	2.5354587025592066	1.4081961606760622	FALSE
300	E300Y	E	Y	M	2.1995113760311455	2.5462559927471617	2.723754974547034	0.9227462796430552	2.5540722262345117	1.6631792526201057	2.3728836843891536	1.8232506270950446	2.1086257394273087	2.101586683637169	0.6900757004819275	FALSE
301	L301D	L	D	M	4.114269247244136	1.036339531436554	0.16134375416513294	1.4175193406558402	3.9229215602694874	1.751990212669661	2.575304389340345	0.7894315474104866	2.837455886469574	2.067397274406802	1.6031592736436304	FALSE
301	L301P	L	P	M	4.888790558446976	3.3354131257052257	2.2825146385400377	1.4337405593233585	1.7792512912710512	1.4635548005142351	4.1121018420761	1.858127598931698	1.6214030458926432	2.5305441623001474	1.354735706887159	TRUE
315	I315P	I	P	M	0.9952885732174253	4.0629814650823395	-1.6343099140559705	0.3618263469616933	6.6087510689663045	3.3252001825073747	2.5291350191498823	-0.6362417835471386	4.96697562573684	2.2866229537798612	2.9550290922056863	FALSE
315	I315R	I	R	M	3.398975381705967	5.605917667177436	1.153607759241506	2.525008236451381	4.820927843227124	5.460646432173381	4.502446524441702	1.8393079978464435	5.1407871377002525	3.827513886662799	1.780261408005906	TRUE
315	I315W	I	W	M	2.134309422412644	4.026170679146972	4.060911995843527	-0.4069861785239126	3.579747527993776	3.4221981463580984	3.080240050779808	1.826962908659807	3.5009728371759374	2.8027252655385175	1.7214174431731646	FALSE
334	P334I	P	I	M	3.1737963730250303	2.1349891590190704	3.913992564765271	3.180619223280877	2.7194391960945064	3.336285054026921	2.6543927660220503	3.547305894023074	3.0278621250607136	3.076520261701946	0.6005205318888532	FALSE
362	E362A	E	A	M	-1.1057068352123571	17.89500031402108	-1.181373417677889	-0.17777320157832988	-0.7920461553196088	-1.475094804555472	8.394646739404362	-0.6795733096281094	-1.1335704799375403	2.1938343166129037	7.704630530395832	TRUE
362	E362K	E	K	M	0.4185140397210436	16.10241818067637	1.8815959721176583	0.3104077405575079	0.24630781792246845	-0.26994143129493237	8.260466110198706	1.096001856337583	-0.01181680668623196	3.1148837199500194	6.403410247971767	TRUE
362	E362Y	E	Y	M	-4.1659005019099755	28.53988473215775	-4.507943354720144	-5.11083856624014	-1.3540054037169995	-1.1546780428698125	12.186992115123886	-4.809390960480142	-1.254341723293406	2.0410864771167794	13.088104367170704	FALSE
