Residue,avg_zscore,rank
300,1.045970974948228,1
125,1.0291492041098347,2
122,0.9174022788131648,3
281,0.8689824242930259,4
123,0.8156047694892187,5
63,0.7954170363097709,6
315,0.784260818337506,7
277,0.783381180184105,8
90,0.7572548930008061,9
91,0.7358221114023057,10
77,0.7319262526874188,11
55,0.684165770221978,12
52,0.6814390317444647,13
297,0.6277424098272067,14
377,0.6220395889769879,15
294,0.569591535744227,16
53,0.5652709052257998,17
50,0.5465161354357937,18
209,0.5288664817062891,19
124,0.5170452080869676,20
82,0.4827379451637183,21
78,0.4730618330231204,22
88,0.4672649736646716,23
379,0.46692033633332275,24
66,0.43904933906400095,25
42,0.43498443651484103,26
80,0.4170724397576539,27
47,0.40765360311299764,28
142,0.39481689831121286,29
373,0.3871887800391598,30
87,0.3852861573905564,31
136,0.38214566656179266,32
54,0.3800509440277282,33
2,0.3755022731193896,34
79,0.3621719802748172,35
376,0.3522889639273405,36
370,0.3406102972383396,37
151,0.3302008702772577,38
85,0.3295252110769925,39
86,0.3266537557296845,40
62,0.32063703153796874,41
241,0.3059870469716897,42
41,0.2850096849495155,43
45,0.2822238010976964,44
46,0.28141398953289837,45
32,0.2683326047851241,46
67,0.2633855164759127,47
112,0.2571879441836404,48
83,0.25328053057311456,49
140,0.2531998246654526,50
81,0.2516136512235884,51
147,0.24191571427476144,52
43,0.23201151780532536,53
211,0.22918683166755185,54
94,0.22206903104554848,55
113,0.21866128550836844,56
316,0.18462326277408475,57
380,0.17297559105724253,58
44,0.17106966940578902,59
139,0.16653690948736716,60
141,0.16528867858636953,61
95,0.14907337766532777,62
76,0.137943183150372,63
146,0.11609621798815066,64
84,0.11326685441571485,65
301,0.10607511030538858,66
282,0.10186640678712262,67
226,0.09910830415863467,68
111,0.09840741330092122,69
126,0.09610505518874367,70
48,0.093733381814689,71
5,0.09328186043980857,72
374,0.08941485806380377,73
318,0.08887433957002944,74
319,0.08640561403932588,75
299,0.08219310072964213,76
74,0.08011776373553411,77
372,0.0786271128315593,78
39,0.07496634236006386,79
302,0.0703538501806466,80
127,0.05282897266647375,81
150,0.0446506328412666,82
64,0.04429227639591664,83
279,0.039005491793395825,84
73,0.03810272325069806,85
227,0.03804819037773267,86
321,0.035503192430847784,87
72,0.03545582288547191,88
378,0.031337989890083545,89
34,0.03129124478199705,90
132,0.02501441438525224,91
144,0.021269112087243185,92
137,0.019928013576371913,93
368,0.014068756187712809,94
320,0.013773650260830625,95
230,0.01168238749730604,96
56,0.009506435769834821,97
222,0.008579782244462113,98
121,0.004719049358121366,99
362,-0.00528023948906307,100
89,-0.006802404257778281,101
107,-0.008554194627634244,102
129,-0.009223453501795674,103
350,-0.011160607724374955,104
311,-0.011516598214999303,105
275,-0.013939252938146175,106
375,-0.0152536751139113,107
259,-0.017129887332951104,108
334,-0.021446462305404132,109
237,-0.025539657242844915,110
223,-0.026770994084163714,111
128,-0.027017234088467984,112
290,-0.038627684136200983,113
6,-0.03930910385551552,114
100,-0.04417981578595363,115
119,-0.04464832271596129,116
291,-0.047219255681029484,117
59,-0.05069972119848625,118
298,-0.05101780397384534,119
130,-0.057162439956117826,120
7,-0.057716135682946576,121
175,-0.06943677328877784,122
115,-0.07003568849159923,123
256,-0.0708695384774277,124
138,-0.0770006764465268,125
228,-0.0833054087664325,126
154,-0.0862620005796518,127
369,-0.0868789782826621,128
120,-0.08941449423666621,129
382,-0.09165284589760928,130
160,-0.09261203086992942,131
296,-0.09841598248004611,132
148,-0.09876758820103972,133
293,-0.10014349839682438,134
303,-0.1005887017333237,135
330,-0.10344634537033409,136
238,-0.10622653014112335,137
75,-0.11243582197148,138
358,-0.12196560335951337,139
225,-0.1272259053977336,140
149,-0.1289242047762626,141
171,-0.12896431747445483,142
383,-0.13141981128643526,143
366,-0.1324787973857662,144
135,-0.1341603570927762,145
37,-0.137885919391825,146
182,-0.13898424241130047,147
29,-0.13981067834169042,148
283,-0.14282784357837705,149
69,-0.14568490546775426,150
229,-0.14844570280746805,151
210,-0.1640798167338871,152
367,-0.1666138820201098,153
93,-0.16681616544395525,154
168,-0.16759221980507935,155
202,-0.17014601597375423,156
305,-0.17402165473390757,157
312,-0.17609047566410954,158
304,-0.17828251890314045,159
331,-0.17855753780235017,160
133,-0.1880892106717238,161
162,-0.19239263904042295,162
36,-0.19615548591791698,163
96,-0.19673952954528062,164
371,-0.19768973168073964,165
254,-0.19948696119673426,166
273,-0.20179509271162338,167
239,-0.2022585466982274,168
71,-0.20607277971849577,169
314,-0.20608938971274568,170
9,-0.2081754964061108,171
341,-0.20834819276765557,172
260,-0.20943866045165466,173
153,-0.21130294244967168,174
8,-0.21646655211154212,175
40,-0.21671563931848628,176
4,-0.21716446511459958,177
145,-0.22042868576382588,178
38,-0.2237067175243123,179
261,-0.22960111930720536,180
224,-0.22968883277494667,181
355,-0.23108769991622607,182
161,-0.23232604231708942,183
351,-0.23414993059096018,184
333,-0.24321368349922812,185
33,-0.2438129289207849,186
337,-0.24556093859313702,187
51,-0.24733040702729156,188
288,-0.248739841791568,189
220,-0.24941227515376366,190
217,-0.2558094738692964,191
35,-0.2643029577629497,192
131,-0.2679793486258029,193
172,-0.27443021111229343,194
188,-0.277371211635804,195
143,-0.27828138651277934,196
274,-0.2880698972518931,197
221,-0.2908272043072935,198
357,-0.29206037411348884,199
213,-0.2949472624914476,200
240,-0.2955974881190308,201
61,-0.30011151375174755,202
179,-0.3002327322274561,203
219,-0.3004055967018812,204
286,-0.30129422046875864,205
280,-0.30717258751389087,206
354,-0.31230752003766754,207
60,-0.31281105900475537,208
191,-0.318880842849115,209
252,-0.32295588462277797,210
262,-0.3245824571722851,211
327,-0.3262476678166277,212
189,-0.3284729873654536,213
206,-0.33454749608799855,214
365,-0.336476977775222,215
248,-0.3380958878427833,216
307,-0.34044313985151486,217
134,-0.34239333770454344,218
190,-0.344318073911689,219
214,-0.3454499812079303,220
258,-0.35380451675051683,221
155,-0.36548773643557597,222
110,-0.3684635658291847,223
276,-0.36851227982330975,224
329,-0.36967026639569806,225
27,-0.37120150800520435,226
181,-0.37125707403168307,227
313,-0.3776498368237728,228
250,-0.37972840226393023,229
335,-0.3836350096647695,230
114,-0.38918559447376117,231
17,-0.3918103636169812,232
180,-0.39259148786339043,233
295,-0.39928079476197365,234
308,-0.40484077308810934,235
251,-0.4051768748841974,236
385,-0.4055788603468807,237
163,-0.40884040907802444,238
336,-0.4098586501725936,239
157,-0.4150213367449105,240
353,-0.4168343121544097,241
245,-0.41945679167634364,242
340,-0.4206482748525566,243
309,-0.4267744670380436,244
263,-0.427508584644815,245
164,-0.42786306995576995,246
253,-0.4312669879049155,247
257,-0.432393179135098,248
97,-0.43552092066981557,249
184,-0.43594471245331323,250
289,-0.43830181820625774,251
349,-0.44051152570663155,252
356,-0.4442523776441168,253
199,-0.45114577058537975,254
103,-0.45251912176082193,255
322,-0.45268013733824775,256
247,-0.45553249674878665,257
167,-0.456559910459561,258
328,-0.4607249166158091,259
13,-0.460941677886157,260
332,-0.4638375586230726,261
264,-0.47021052342864045,262
49,-0.4709568121590293,263
28,-0.47237983046905735,264
12,-0.48172410245477243,265
235,-0.48364982530037015,266
384,-0.48392915010603527,267
268,-0.48561739326161824,268
187,-0.4861327527503881,269
156,-0.48807366178526357,270
178,-0.4882227666149136,271
19,-0.4890045233509043,272
165,-0.489167381285097,273
284,-0.49085221337390395,274
242,-0.4954049243381509,275
306,-0.4984923616312507,276
269,-0.49858439521635134,277
26,-0.49967482958866116,278
287,-0.5006918636993835,279
212,-0.5009059445783244,280
183,-0.5049012494250921,281
266,-0.5071285196897872,282
31,-0.5186420947880452,283
108,-0.5191001068185491,284
152,-0.5231036304566309,285
278,-0.5311641534320193,286
381,-0.5374148213326245,287
272,-0.5392911903865674,288
70,-0.539805998008902,289
57,-0.5431785423980353,290
339,-0.5489742819908069,291
173,-0.5528667010799972,292
271,-0.5575354984688712,293
1,-0.5628174774311201,294
317,-0.563032303492182,295
233,-0.5633631316861059,296
174,-0.5697868211981812,297
116,-0.581972882598407,298
249,-0.5859745824203586,299
343,-0.5937852566770201,300
292,-0.6038676893745333,301
99,-0.6138135560191419,302
344,-0.6144935821694703,303
352,-0.6222469441607487,304
285,-0.6281959984185288,305
338,-0.6306185526883519,306
246,-0.6338498316535012,307
236,-0.6375012537999871,308
359,-0.6378507866380484,309
244,-0.6384585220150518,310
364,-0.6456713163571418,311
203,-0.6510900647452506,312
198,-0.6536577181453165,313
109,-0.6636565573652241,314
234,-0.6655751902731234,315
243,-0.6843759924546098,316
201,-0.6866621002247516,317
342,-0.6937250217332116,318
30,-0.6961922756986699,319
204,-0.696441217322507,320
326,-0.7007134863883968,321
310,-0.7149742743298537,322
158,-0.7180156244805203,323
345,-0.7182774553928032,324
118,-0.7277029297879716,325
270,-0.7388334271950481,326
325,-0.7394504211363941,327
105,-0.7460238491215769,328
176,-0.7508313065556627,329
195,-0.7537391947063082,330
159,-0.7591943690923358,331
11,-0.7621517967981093,332
232,-0.7633597388265527,333
166,-0.7751670541109512,334
255,-0.7833480561733938,335
200,-0.7844051520318089,336
193,-0.7893971195471429,337
216,-0.7919534381586355,338
92,-0.7994381884325004,339
265,-0.817693018140695,340
15,-0.8197783337521133,341
346,-0.8217707477606381,342
23,-0.8262627943519933,343
360,-0.8309310163667558,344
205,-0.8372361805398443,345
186,-0.8372739313540317,346
65,-0.8384007092770489,347
102,-0.8515096637227557,348
218,-0.8642649873012654,349
363,-0.8690207302956072,350
169,-0.8804559152397126,351
16,-0.8876328704648644,352
14,-0.8971219094714514,353
215,-0.9014490511902721,354
10,-0.9139525528791358,355
231,-0.9276013201935386,356
185,-0.9290669276889845,357
101,-0.9346298535146689,358
347,-0.9409871018049233,359
323,-0.9430281400719698,360
197,-0.9441212072090908,361
324,-0.9458957004908131,362
117,-0.9561109989345921,363
68,-0.9581792262520308,364
22,-0.9795601254455424,365
18,-0.9798083809381084,366
58,-0.9908757120447929,367
361,-0.99672496236867,368
104,-1.0061337900552285,369
21,-1.0216823716431989,370
25,-1.0381249532388606,371
3,-1.0474740378807994,372
267,-1.060619540351278,373
196,-1.0762084144257296,374
24,-1.1071467952963565,375
194,-1.1695711233154398,376
98,-1.1800837049306512,377
207,-1.2181050015717314,378
170,-1.2423548522990835,379
177,-1.2712050646978665,380
20,-1.425599324597973,381
208,-1.6071335429190716,382
192,-1.6226074414270863,383
348,-2.393061714610885,384
106,-2.512714086819884,385
