1	-0.56281747743112
2	0.37550227311939
3	-1.0474740378808
4	-0.2171644651146
5	0.0932818604398086
6	-0.0393091038555155
7	-0.0577161356829466
8	-0.216466552111542
9	-0.208175496406111
10	-0.913952552879136
11	-0.762151796798109
12	-0.481724102454772
13	-0.460941677886157
14	-0.897121909471451
15	-0.819778333752113
16	-0.887632870464864
17	-0.391810363616981
18	-0.979808380938108
19	-0.489004523350904
20	-1.42559932459797
21	-1.0216823716432
22	-0.979560125445542
23	-0.826262794351993
24	-1.10714679529636
25	-1.03812495323886
26	-0.499674829588661
27	-0.371201508005204
28	-0.472379830469057
29	-0.13981067834169
30	-0.69619227569867
31	-0.518642094788045
32	0.268332604785124
33	-0.243812928920785
34	0.0312912447819971
35	-0.26430295776295
36	-0.196155485917917
37	-0.137885919391825
38	-0.223706717524312
39	0.0749663423600639
40	-0.216715639318486
41	0.285009684949516
42	0.434984436514841
43	0.232011517805325
44	0.171069669405789
45	0.282223801097696
46	0.281413989532898
47	0.407653603112998
48	0.093733381814689
49	-0.470956812159029
50	0.546516135435794
51	-0.247330407027292
52	0.681439031744465
53	0.5652709052258
54	0.380050944027728
55	0.684165770221978
56	0.00950643576983482
57	-0.543178542398035
58	-0.990875712044793
59	-0.0506997211984863
60	-0.312811059004755
61	-0.300111513751748
62	0.320637031537969
63	0.795417036309771
64	0.0442922763959166
65	-0.838400709277049
66	0.439049339064001
67	0.263385516475913
68	-0.958179226252031
69	-0.145684905467754
70	-0.539805998008902
71	-0.206072779718496
72	0.0354558228854719
73	0.0381027232506981
74	0.0801177637355341
75	-0.11243582197148
76	0.137943183150372
77	0.731926252687419
78	0.47306183302312
79	0.362171980274817
80	0.417072439757654
81	0.251613651223588
82	0.482737945163718
83	0.253280530573115
84	0.113266854415715
85	0.329525211076993
86	0.326653755729685
87	0.385286157390556
88	0.467264973664672
89	-0.00680240425777828
90	0.757254893000806
91	0.735822111402306
92	-0.7994381884325
93	-0.166816165443955
94	0.222069031045548
95	0.149073377665328
96	-0.196739529545281
97	-0.435520920669816
98	-1.18008370493065
99	-0.613813556019142
100	-0.0441798157859536
101	-0.934629853514669
102	-0.851509663722756
103	-0.452519121760822
104	-1.00613379005523
105	-0.746023849121577
106	-2.51271408681988
107	-0.00855419462763424
108	-0.519100106818549
109	-0.663656557365224
110	-0.368463565829185
111	0.0984074133009212
112	0.25718794418364
113	0.218661285508368
114	-0.389185594473761
115	-0.0700356884915992
116	-0.581972882598407
117	-0.956110998934592
118	-0.727702929787972
119	-0.0446483227159613
120	-0.0894144942366662
121	0.00471904935812137
122	0.917402278813165
123	0.815604769489219
124	0.517045208086968
125	1.02914920410983
126	0.0961050551887437
127	0.0528289726664738
128	-0.027017234088468
129	-0.00922345350179567
130	-0.0571624399561178
131	-0.267979348625803
132	0.0250144143852522
133	-0.188089210671724
134	-0.342393337704543
135	-0.134160357092776
136	0.382145666561793
137	0.0199280135763719
138	-0.0770006764465268
139	0.166536909487367
140	0.253199824665453
141	0.16528867858637
142	0.394816898311213
143	-0.278281386512779
144	0.0212691120872432
145	-0.220428685763826
146	0.116096217988151
147	0.241915714274761
148	-0.0987675882010397
149	-0.128924204776263
150	0.0446506328412666
151	0.330200870277258
152	-0.523103630456631
153	-0.211302942449672
154	-0.0862620005796518
155	-0.365487736435576
156	-0.488073661785264
157	-0.41502133674491
158	-0.71801562448052
159	-0.759194369092336
160	-0.0926120308699294
161	-0.232326042317089
162	-0.192392639040423
163	-0.408840409078024
164	-0.42786306995577
165	-0.489167381285097
166	-0.775167054110951
167	-0.456559910459561
168	-0.167592219805079
169	-0.880455915239713
170	-1.24235485229908
171	-0.128964317474455
172	-0.274430211112293
173	-0.552866701079997
174	-0.569786821198181
175	-0.0694367732887778
176	-0.750831306555663
177	-1.27120506469787
178	-0.488222766614914
179	-0.300232732227456
180	-0.39259148786339
181	-0.371257074031683
182	-0.1389842424113
183	-0.504901249425092
184	-0.435944712453313
185	-0.929066927688984
186	-0.837273931354032
187	-0.486132752750388
188	-0.277371211635804
189	-0.328472987365454
190	-0.344318073911689
191	-0.318880842849115
192	-1.62260744142709
193	-0.789397119547143
194	-1.16957112331544
195	-0.753739194706308
196	-1.07620841442573
197	-0.944121207209091
198	-0.653657718145316
199	-0.45114577058538
200	-0.784405152031809
201	-0.686662100224752
202	-0.170146015973754
203	-0.651090064745251
204	-0.696441217322507
205	-0.837236180539844
206	-0.334547496087999
207	-1.21810500157173
208	-1.60713354291907
209	0.528866481706289
210	-0.164079816733887
211	0.229186831667552
212	-0.500905944578324
213	-0.294947262491448
214	-0.34544998120793
215	-0.901449051190272
216	-0.791953438158636
217	-0.255809473869296
218	-0.864264987301265
219	-0.300405596701881
220	-0.249412275153764
221	-0.290827204307293
222	0.00857978224446211
223	-0.0267709940841637
224	-0.229688832774947
225	-0.127225905397734
226	0.0991083041586347
227	0.0380481903777327
228	-0.0833054087664325
229	-0.148445702807468
230	0.011682387497306
231	-0.927601320193539
232	-0.763359738826553
233	-0.563363131686106
234	-0.665575190273123
235	-0.48364982530037
236	-0.637501253799987
237	-0.0255396572428449
238	-0.106226530141123
239	-0.202258546698227
240	-0.295597488119031
241	0.30598704697169
242	-0.495404924338151
243	-0.68437599245461
244	-0.638458522015052
245	-0.419456791676344
246	-0.633849831653501
247	-0.455532496748787
248	-0.338095887842783
249	-0.585974582420359
250	-0.37972840226393
251	-0.405176874884197
252	-0.322955884622778
253	-0.431266987904916
254	-0.199486961196734
255	-0.783348056173394
256	-0.0708695384774277
257	-0.432393179135098
258	-0.353804516750517
259	-0.0171298873329511
260	-0.209438660451655
261	-0.229601119307205
262	-0.324582457172285
263	-0.427508584644815
264	-0.47021052342864
265	-0.817693018140695
266	-0.507128519689787
267	-1.06061954035128
268	-0.485617393261618
269	-0.498584395216351
270	-0.738833427195048
271	-0.557535498468871
272	-0.539291190386567
273	-0.201795092711623
274	-0.288069897251893
275	-0.0139392529381462
276	-0.36851227982331
277	0.783381180184105
278	-0.531164153432019
279	0.0390054917933958
280	-0.307172587513891
281	0.868982424293026
282	0.101866406787123
283	-0.142827843578377
284	-0.490852213373904
285	-0.628195998418529
286	-0.301294220468759
287	-0.500691863699383
288	-0.248739841791568
289	-0.438301818206258
290	-0.038627684136201
291	-0.0472192556810295
292	-0.603867689374533
293	-0.100143498396824
294	0.569591535744227
295	-0.399280794761974
296	-0.0984159824800461
297	0.627742409827207
298	-0.0510178039738453
299	0.0821931007296421
300	1.04597097494823
301	0.106075110305389
302	0.0703538501806466
303	-0.100588701733324
304	-0.17828251890314
305	-0.174021654733908
306	-0.498492361631251
307	-0.340443139851515
308	-0.404840773088109
309	-0.426774467038044
310	-0.714974274329854
311	-0.0115165982149993
312	-0.17609047566411
313	-0.377649836823773
314	-0.206089389712746
315	0.784260818337506
316	0.184623262774085
317	-0.563032303492182
318	0.0888743395700294
319	0.0864056140393259
320	0.0137736502608306
321	0.0355031924308478
322	-0.452680137338248
323	-0.94302814007197
324	-0.945895700490813
325	-0.739450421136394
326	-0.700713486388397
327	-0.326247667816628
328	-0.460724916615809
329	-0.369670266395698
330	-0.103446345370334
331	-0.17855753780235
332	-0.463837558623073
333	-0.243213683499228
334	-0.0214464623054041
335	-0.383635009664769
336	-0.409858650172594
337	-0.245560938593137
338	-0.630618552688352
339	-0.548974281990807
340	-0.420648274852557
341	-0.208348192767656
342	-0.693725021733212
343	-0.59378525667702
344	-0.61449358216947
345	-0.718277455392803
346	-0.821770747760638
347	-0.940987101804923
348	-2.39306171461089
349	-0.440511525706632
350	-0.011160607724375
351	-0.23414993059096
352	-0.622246944160749
353	-0.41683431215441
354	-0.312307520037668
355	-0.231087699916226
356	-0.444252377644117
357	-0.292060374113489
358	-0.121965603359513
359	-0.637850786638048
360	-0.830931016366756
361	-0.99672496236867
362	-0.00528023948906307
363	-0.869020730295607
364	-0.645671316357142
365	-0.336476977775222
366	-0.132478797385766
367	-0.16661388202011
368	0.0140687561877128
369	-0.0868789782826621
370	0.34061029723834
371	-0.19768973168074
372	0.0786271128315593
373	0.38718878003916
374	0.0894148580638038
375	-0.0152536751139113
376	0.35228896392734
377	0.622039588976988
378	0.0313379898900835
379	0.466920336333323
380	0.172975591057243
381	-0.537414821332625
382	-0.0916528458976093
383	-0.131419811286435
384	-0.483929150106035
385	-0.405578860346881
386	-0.928321266935192
