Residue	Mutation_Type	Mutant_Amino_Acid	Wildtype_Amino_Acid	Substitution	G401_R1_zscore	G401_R2_zscore	BT16_R1_zscore	BT16_R2_zscore	RCRF1009T_R1_zscore	RCRF1009T_R2_zscore	all_reps_zscore	all_reps_zscore_sd	G401_average_zscore	BT16_average_zscore	RCRF1009T_average_zscore	Domain
33	M	S	G	G33S	0.6147791795782165	0.00781371997980032	2.3968030059322363	2.013126808807061	3.953995307808574	1.3526709917306554	1.7231981689727573	1.401619407698233	0.3112964497790084	2.2049649073696487	2.653333149769615	WHD
38	M	A	M	M38A	3.925427648333893	1.6321491762369749	2.86133227169198	1.7257010485308095	1.5548763770665632	0.3590016727954853	2.0097480324426176	1.2288335492904867	2.778788412285434	2.2935166601113948	0.9569390249310242	WHD
42	M	M	S	S42M	3.4135655941260112	2.7333156618399657	1.8520202852457084	2.046877647054282	2.1560575264288526	5.131177254613971	2.888835661551465	1.2368077466172267	3.0734406279829884	1.9494489661499952	3.6436173905214115	WHD
45	M	T	K	K45T	0.026461799296675803	4.409312425728091	-0.6938421609366943	9.280105911065538	-2.323155436983793	1.975756323095276	2.112439810210849	4.208818634283151	2.2178871125123836	4.293131875064422	-0.17369955694425854	WHD
47	M	A	Y	Y47A	0.41124509630012074	2.598241167585184	1.9590254145608048	4.4398025137635475	2.983549023790859	-0.0562328869303886	2.0559383881783546	1.674099017938008	1.5047431319426525	3.199413964162176	1.4636580684302352	WHD
47	M	M	Y	Y47M	2.67319940877177	3.549452502422326	1.5957243568971755	1.2268392068444816	2.321550025378306	2.966414230752407	2.388863288511078	0.8654801962175911	3.111325955597048	1.4112817818708285	2.6439821280653564	WHD
50	M	D	L	L50D	1.3487999073254602	1.6322254294770144	3.4157784364177894	1.443627638709981	3.5172790385385415	1.8658002231096535	2.2039184455964067	0.9943789365261977	1.4905126684012373	2.4297030375638853	2.6915396308240975	WHD
50	M	Q	L	L50Q	0.36096363545137783	2.000268367501514	NA	1.312654697515527	4.2974986446597025	1.9286162125189816	1.9800003115294207	1.4526251728177382	1.1806160014764457	1.312654697515527	3.113057428589342	WHD
51	M	P	W	W51P	0.5213088567202725	2.6825859983321547	7.094553960409221	0.5681085435787006	3.0575647347597132	NA	2.7848244187600124	2.678429608353747	1.6019474275262136	3.831331251993961	3.0575647347597132	WHD
52	M	P	R	R52P	1.1584499838143276	1.8969214235379308	2.563418647818646	2.419630114326112	4.226050194561078	1.6664849145012126	2.3218258797598845	1.06371631818714	1.5276857036761293	2.491524381072379	2.946267554531145	WHD
54	M	G	L	L54G	1.1868315385589006	1.9004244535602828	0.7402167617231077	1.7618469505003311	3.9689967487008495	1.6396031268202844	1.8663199299772928	1.1148579151107314	1.5436279960595916	1.2510318561117195	2.804299937760567	WHD
55	M	F	A	A55F	1.1031360905280854	1.3779665456642736	1.0369479594266968	1.5810086054805463	2.8565328891212585	2.553425937655607	1.751503004646078	0.7699010105691092	1.2405513180961796	1.3089782824536216	2.7049794133884326	WHD
55	M	H	A	A55H	1.820327342057218	2.004761660126453	2.4674257246057567	0.7713725757497136	1.4265207481774125	2.365168668585936	1.809262786550415	0.6331286748020877	1.9125445010918354	1.6193991501777352	1.8958447083816743	WHD
56	M	K	T	T56K	2.1367966296396803	2.7473074269698765	2.3598411220700193	0.8798015629539827	3.8361520394491944	1.3081892464579945	2.211348004590125	1.052953981539791	2.4420520283047784	1.619821342512001	2.572170642953594	WHD
57	M	F	V	V57F	2.640226381744921	0.9355906924066868	3.270086663024562	0.44774166691267575	7.010388466302281	0.7546089604289917	2.5097738051366862	2.4763383649446147	1.787908537075804	1.858914164968619	3.8824987133656363	WHD
57	M	T	V	V57T	3.490736446137537	4.45453105727805	2.653750263094467	2.5647213375503326	2.745612648139003	4.314621757115498	3.3706622515524813	0.8525772118884934	3.972633751707794	2.6092358003224	3.5301172026272507	WHD
58	M	Y	E	E58Y	1.2817578015558035	2.158197481807485	3.784819311685793	-0.4432177782067411	0.2592989279537112	5.078704719753555	2.019926744091601	2.1072195855611997	1.7199776416816444	1.670800766739526	2.669001823853633	WHD
62	M	H	K	K62H	2.0796252556715964	1.3301664657013983	1.5484751276773072	1.572482744457527	2.619103015172147	1.9168877345096011	1.8444567238649294	0.46619669382987283	1.7048958606864972	1.5604789360674172	2.267995374840874	WHD
62	M	S	K	K62S	1.880414983603241	1.5569079939970087	1.2774462660237398	0.07876133281984941	4.0720747245882905	2.280430345048999	1.8576726076801882	1.3171533957558748	1.7186614888001248	0.6781037994217946	3.176252534818645	WHD
63	M	E	I	I63E	2.6297940964643147	2.5712389525481485	1.9260871934116095	0.943758493009644	3.078837968556388	1.7536319723347995	2.1505581127208173	0.7658519262278874	2.6005165245062316	1.4349228432106267	2.416234970445594	WHD
63	M	Y	I	I63Y	2.437257921925967	1.7362671297660173	0.7875086004398482	1.4559940051067737	3.187056978377616	1.2942430110401395	1.8163879411093935	0.8639148455694431	2.086762525845992	1.121751302773311	2.240649994708878	WHD
64	M	K	V	V64K	1.7868108327101366	1.3801063726284926	1.644163328255528	0.96846344321238	3.155439763782317	2.155290171022885	1.8483789852686232	0.7538736800750655	1.5834586026693147	1.306313385733954	2.655364967402601	WHD
71	M	F	K	K71F	1.811103216504179	1.5149822525406147	3.055169631451418	1.7221673379263152	1.2109514605541605	1.475454081745671	1.7983046634537263	0.6504088121588939	1.6630427345223968	2.388668484688867	1.3432027711499157	WHD
72	M	Y	T	T72Y	1.663494738245764	1.479650210377731	1.996672566022588	1.8118864315927876	1.6862636572101664	3.05541519517106	1.9488971331033496	0.5685174034519545	1.5715724743117474	1.9042794988076879	2.370839426190613	WHD
73	M	Y	K	K73Y	1.1605478992772174	0.6726274642208582	0.3172568348045855	2.2354437043047297	5.678266058628198	3.830867519638532	2.31583491347902	2.0802337798020214	0.9165876817490377	1.2763502695546576	4.754566789133365	WHD
74	M	C	P	P74C	2.7844240213764526	1.2736231862997802	0.991839673554592	3.7892435360359618	4.580336872012843	1.275263676262421	2.449121827590342	1.5055791318800766	2.0290236038381164	2.3905416047952768	2.927800274137632	WHD
74	M	I	P	P74I	1.0839929515343327	0.7147889277968409	2.5187409929473685	0.5164802311525862	2.9951200627523913	2.577759819299449	1.7344804975804948	1.0827581674941205	0.8993909396655868	1.5176106120499773	2.78643994102592	WHD
74	M	K	P	P74K	2.4220933130897	0.9598921231357836	2.2345602454376015	2.4475109148165006	2.082785936332312	2.832561528441694	2.163234010208932	0.6411570549330212	1.690992718112742	2.341035580127051	2.4576737323870033	WHD
74	M	Q	P	P74Q	2.9779899453394623	1.3269300105482642	1.1141487045822551	4.490344634965615	0.4723638238270033	3.4140510548981298	2.299304695693455	1.5615216508141678	2.152459977943863	2.8022466697739348	1.9432074393625665	WHD
74	M	Y	P	P74Y	3.598389157010287	2.0167739386371424	1.708213171823896	3.3185948091755018	4.0954707624212405	3.321409984083872	3.00980863719199	0.9378488413236579	2.8075815478237147	2.513403990499699	3.7084403732525564	WHD
75	M	I	N	N75I	1.901166204220096	2.3440038370734655	2.5601140889725995	1.805984706165347	2.847132554438377	1.202342715696433	2.110124017761053	0.5933975730118374	2.1225850206467807	2.1830493975689733	2.024737635067405	WHD
75	M	T	N	N75T	2.684093748387854	0.226259468760487	4.014165980089617	3.1702302155338975	2.4303770516019587	0.9410859330205108	2.244368732899054	1.413412184999447	1.4551766085741706	3.592198097811757	1.6857314923112348	WHD
76	M	Q	T	T76Q	1.8451203841617967	1.2316085446434415	-1.595878179785693	2.0785403111775524	6.266171429008453	2.336212222429958	2.0269624519392515	2.5242748291625356	1.538364464402619	0.24133106569592977	4.301191825719205	WHD
77	M	F	K	K77F	0.42485535130694113	1.3369657646768782	1.8711656344403096	2.290411111463026	2.256190372576502	2.6834649809255016	1.8105088692315263	0.817184009172983	0.8809105579919096	2.080788372951668	2.4698276767510015	WHD
77	M	I	K	K77I	2.894361988096282	3.223549976797092	3.294826263740401	5.219346695158375	4.6292688996261875	1.1584763247718777	3.403305024698369	1.4243140943499493	3.0589559824466868	4.257086479449388	2.893872612199033	WHD
77	M	P	K	K77P	2.2755367889986453	1.9506905360199425	0.9948779705924652	1.8062834705259103	3.646520089997387	1.2203153959706736	1.9823707086841706	0.9426791681344266	2.113113662509294	1.4005807205591878	2.4334177429840302	WHD
77	M	Q	K	K77Q	1.6327734837430323	2.5266605117790504	2.8287992595966607	2.5673100493633294	2.588769942216709	-0.09762108258554776	2.0077820273522056	1.110610319148275	2.0797169977610412	2.698054654479995	1.2455744298155806	WHD
77	M	S	K	K77S	4.602790123229291	0.17797806654368842	7.300956251365914	-0.1539606456878866	0.7234894687072385	1.0069396401552178	2.276365484052244	2.9997114769186437	2.39038409488649	3.5734978028390136	0.8652145544312282	WHD
77	M	Y	K	K77Y	2.432571034428958	0.8376892780822631	3.616878247058184	4.546915625908836	2.684352550764392	1.269407578736442	2.5646357191631792	1.3948749845800783	1.6351301562556106	4.08189693648351	1.976880064750417	WHD
78	M	F	D	D78F	3.420492014040585	4.447608984609579	2.9312490528105464	4.875208552295548	3.37387603123522	2.075554288443502	3.5206648205724966	1.0160070021011425	3.934050499325082	3.903228802553047	2.724715159839361	WHD
78	M	I	D	D78I	2.001222609153182	1.097976648360309	3.5728248968118552	1.5369274424505102	2.9402747586140205	1.237213200122929	2.0644065925854678	0.9942769272195374	1.5495996287567455	2.5548761696311826	2.088743979368475	WHD
78	M	K	D	D78K	2.79584177473203	2.4792927545075085	4.388730721740105	2.0326982474418025	3.313232062323568	2.289659647083278	2.8832425346380486	0.8599960723169313	2.6375672646197694	3.2107144845909534	2.801445854703423	WHD
78	M	P	D	D78P	2.414967053785866	2.6335781740844095	4.929645609635669	3.4866881194460517	3.268792480156589	2.6103798745066564	3.2240085519358734	0.933798721202293	2.5242726139351377	4.2081668645408605	2.9395861773316225	WHD
79	M	T	H	H79T	2.0936258283203273	1.3488590211232665	1.854853712965104	2.571311204048346	3.2474400153682517	1.9637051001049877	2.179965813655047	0.6547231558155857	1.721242424721797	2.213082458506725	2.6055725577366196	WHD
79	M	V	H	H79V	2.794828306945067	2.6658863261910275	1.4099511284508668	0.9166097182454196	3.8627281686922914	1.758564420551996	2.2347613448461114	1.076514639529386	2.730357316568047	1.163280423348143	2.8106462946221438	WHD
80	M	S	G	G80S	1.5777778688230812	1.4368009005040676	1.6849167847058857	2.9273583799462277	1.5052662037917264	1.8583295863997744	1.8317416206951271	0.5567229999034836	1.5072893846635744	2.306137582326057	1.6817978950957504	WHD
87	M	D	S	S87D	1.382216198264105	2.200306398516569	1.2946022839213709	2.504280003796049	1.457804605982292	1.6622042026293546	1.75023561551829	0.4914167474829377	1.7912612983903369	1.8994411438587098	1.5600044043058232	WHD
87	M	F	S	S87F	2.0596012992591395	1.7614275242322637	0.8907177857587264	1.3444081791149007	2.8151671476386992	1.8305903719443704	1.7836520513246834	0.65316694631649	1.9105144117457016	1.1175629824368136	2.322878759791535	WHD
90	M	S	L	L90S	1.742971006272958	1.4755282050660194	1.3720269515920271	1.198483901407645	2.420987604447353	2.192033420727459	1.7336718482522435	0.4829981499801989	1.6092496056694887	1.2852554264998362	2.3065105125874057	WHD
91	M	K	L	L91K	1.882966791167148	1.8556062226163683	3.0010370992823994	0.9552688410617228	0.950608080222725	2.716339518291417	1.8936377587736302	0.8572715966507579	1.8692865068917581	1.978152970172061	1.8334737992570709	WHD
95	M	Q	E	E95Q	2.4226916483609107	2.684638035672611	1.2364789880869946	1.108858782365804	1.5420423889564412	1.317927678734062	1.718772920362804	0.6670697531600673	2.5536648420167607	1.1726688852263993	1.4299850338452516	WHD
95	M	Y	E	E95Y	2.919024702727895	1.2530057380822512	2.7763772232452495	-0.1913116044922643	1.061489297980179	3.3517795931145447	1.8617274917763091	1.3711753833337617	2.086015220405073	1.2925328093764925	2.206634445547362	WHD
96	M	K	V	V96K	2.6429246397297264	2.408345283056616	1.6495143049588563	-0.01403871873823964	3.2569930313422377	1.4640405451427445	1.9012965142486569	1.1461343634206655	2.5256349613931715	0.8177377931103084	2.3605167882424913	WHD
96	M	N	V	V96N	1.4774191561073466	4.509187728895188	1.595315175477135	4.21723903499297	-1.1652482693824435	4.916991033587588	2.5918173099462973	2.3696066960356066	2.9933034425012672	2.9062771052350524	1.8758713821025723	WHD
96	M	Q	V	V96Q	11.329949321515356	5.65914051333805	-2.74326869631318	14.197504372176406	-2.244528871677174	-3.9957330002782383	3.7005106064602034	7.852762521432931	8.494544917426703	5.727117837931613	-3.120130935977706	WHD
96	M	R	V	V96R	-4.214818166847218	3.585069056821895	2.648478050310507	7.230165427662318	0.8999723304969663	4.447940213485518	2.4328011519883312	3.872728600968944	-0.3148745550126615	4.939321738986413	2.6739562719912424	WHD
96	M	Y	V	V96Y	-2.404521709027216	4.536890182673648	-0.34246035853579854	10.546759311712927	1.545258709333786	5.020765415476584	3.1504485919389884	4.599140356816935	1.0661842368232162	5.102149476588564	3.283012062405185	WHD
107	M	D	Y	Y107D	3.747019919241924	2.7005676615465575	-0.42458639538960274	4.547667008025257	0.7879483842516677	1.611463791149739	2.1616800614709235	1.8641505770878064	3.2237937903942404	2.061540306317827	1.1997060877007033	WHD
107	M	K	Y	Y107K	3.447380964595661	5.17691454831021	0.00297085590467157	-0.5075996640441912	2.850980923112235	5.291965631138711	2.7104355431695497	2.4898503354028074	4.312147756452935	-0.2523144040697598	4.071473277125473	WHD
108	M	Y	K	K108Y	0.6221473424612217	7.214206238717728	0.9909908622909104	2.100830461678218	0.13450409791164253	2.610594959333113	2.278878993732139	2.5884725640405537	3.918176790589475	1.5459106619845642	1.3725495286223777	WHD
113	M	E	S	S113E	2.67717746456716	1.8625035202447928	1.853454178967965	2.092882813345202	3.769699944186757	1.9038792301003449	2.359932858568704	0.7578053330421524	2.2698404924059767	1.9731684961565836	2.836789587143551	IDR
115	M	Y	E	E115Y	-0.5670207390849231	1.3389298900413793	4.156471018855826	2.1022836806755145	-0.949686493173324	4.397643377170355	1.7464367890808046	2.2694059457126006	0.3859545754782281	3.1293773497656705	1.7239784419985154	IDR
118	M	P	T	T118P	2.3481029578954087	1.9369270636940887	3.0411117743815166	2.5143154738249622	2.5378435740617213	1.236764968704919	2.269177635427103	0.6181669393670515	2.1425150107947486	2.7777136241032396	1.8873042713833201	IDR
119	M	S	Y	Y119S	0.3279063636305496	0.47077289487428015	5.423523747173789	2.339234711355055	1.8210681452236823	1.688154447094302	2.0117767182252764	1.8492409153843214	0.39933962925241484	3.881379229264422	1.7546112961589921	IDR
121	M	F	R	R121F	1.0734652132668223	0.7771663420033413	4.225038258971496	0.6789041535930426	3.785099086686152	1.0438307195268008	1.930583962341276	1.6199879801986032	0.9253157776350818	2.4519712062822694	2.4144649031064764	IDR
122	M	I	E	E122I	1.862589071494479	1.924575366620962	2.4928201676202275	3.2092980647997056	1.4713010471348738	3.0676688071005063	2.338042087461792	0.7019471080897187	1.8935822190577205	2.8510591162099663	2.26948492711769	IDR
122	M	M	E	E122M	1.6631522170632078	1.4754228574726505	3.104215565104139	0.1704344148606684	3.0879587021442134	1.196403679067935	1.782931239285469	1.1403471361996824	1.5692875372679291	1.6373249899824036	2.1421811906060744	IDR
122	M	S	E	E122S	1.8874015553513457	2.557738641110592	4.210252448439788	1.3860570858997534	3.6155295211602168	3.590853471305468	2.874638787211194	1.107852421712601	2.222570098230969	2.7981547671697706	3.603191496232842	IDR
123	M	A	Q	Q123A	1.9244762696475832	2.2054828045352592	2.2751624657317473	1.5208701929335962	2.3104013337551694	1.5806847953259613	1.9695129769882194	0.3520807432417111	2.0649795370914212	1.8980163293326717	1.9455430645405654	IDR
123	M	C	Q	Q123C	0.9851463174067192	2.083842050553168	2.0820344196334206	2.3099838574584868	2.433457305771872	2.508397625612569	2.067143596072706	0.5584050377812863	1.5344941839799437	2.1960091385459535	2.4709274656922204	IDR
123	M	E	Q	Q123E	0.8241319902744674	2.045660762395736	3.3886158053777473	2.648905864742628	2.3229573999871187	1.9551543184160525	2.1975710235322916	0.8492573130784682	1.4348963763351017	3.0187608350601876	2.1390558592015854	IDR
124	M	F	K	K124F	1.3688530721045893	2.609924854183019	1.0855742412010243	5.656579422101473	4.808868409368414	6.140318799492519	3.611686466408506	2.2101531267034873	1.9893889631438042	3.3710768316512487	5.474593604430467	IDR
124	M	P	K	K124P	1.6652557823862486	1.6412847207326522	1.6239502142917048	4.7116294214400165	2.91176272877533	4.015637957817927	2.7615868042406464	1.3527083049627102	1.6532702515594504	3.167789817865861	3.4637003432966287	IDR
124	M	Q	K	K124Q	0.41247826046858954	4.787496123734077	1.38207520973839	5.680821472472777	2.4546383506320315	1.7831110762591669	2.750103415550839	2.0541880976645994	2.5999871921013336	3.5314483411055835	2.1188747134455994	IDR
124	M	Y	K	K124Y	0.00112034738033476	5.252168208465141	0.4617966358956823	3.5522719503798794	1.1025548200919115	0.08467977984795788	1.7424319570101512	2.164418967535264	2.626644277922738	2.0070342931377807	0.5936172999699347	IDR
125	M	F	A	A125F	1.903543085030416	2.674749714032129	0.42169242177186966	1.9654901127683095	2.572936610735134	3.284495071007111	2.1371511692241616	0.9820547993758676	2.2891463995312726	1.1935912672700897	2.9287158408711225	IDR
125	M	I	A	A125I	1.935180544702648	1.5887611534520132	2.04992910732769	1.5268199615002678	4.587579843541609	1.0345008514931833	2.120461910336235	1.2601906868968193	1.7619708490773305	1.788374534413979	2.811040347517396	IDR
125	M	K	A	A125K	2.1972216792237265	0.9260276658861324	0.7692974183874106	3.3294454899028256	3.6694271451707823	4.585434701181227	2.5794756832920176	1.5447377966602163	1.5616246725549294	2.0493714541451182	4.1274309231760045	IDR
125	M	N	A	A125N	1.7169106558192395	4.272783765087707	1.3868369960395743	2.9443231762428437	5.530822179276193	2.984414977049395	3.1393486249191587	1.5595183310449974	2.9948472104534734	2.165580086141209	4.257618578162794	IDR
125	M	P	A	A125P	1.647570976477416	2.2297519041471183	1.5662172941119177	1.8598128376330367	1.285404977606248	2.371334228772528	1.826682036458044	0.4130647617675532	1.9386614403122673	1.7130150658724772	1.8283696031893881	IDR
125	M	Y	A	A125Y	1.308821554938358	1.6505668207051267	0.6021818498605578	2.972612027812815	2.906241197903878	3.879600790858939	2.2200040403466126	1.2299156477074484	1.4796941878217424	1.7873969388366864	3.3929209943814085	IDR
126	M	A	K	K126A	1.214740227345089	3.428955916646077	1.282580184274801	1.1040303769028168	5.139993054093211	0.5625873539694277	2.122147852205237	1.7783245816052855	2.321848071995583	1.193305280588809	2.8512902040313195	IDR
126	M	T	K	K126T	0.8113646999517234	1.914741891911189	1.1943769542481033	2.84968292892665	3.1210042509310614	1.2853246238320688	1.8627492249667994	0.9429206928999565	1.363053295931456	2.022029941587377	2.203164437381565	IDR
130	M	A	Q	Q130A	7.114250183292965	-0.4997148656450006	NA	1.8248162866345317	1.7078671329738917	3.1412412073638367	2.6576919889240447	2.8133520053565584	3.307267658823982	1.8248162866345317	2.4245541701688644	IDR
132	M	H	V	V132H	1.9846198551415768	3.3040625215327397	2.201655546194891	1.959905570981756	0.11009497938048245	1.6118310157304745	1.86202824816032	1.0345324599014847	2.644341188337158	2.0807805585883234	0.8609629975554784	IDR
154	M	P	N	N154P	0.7250362399688148	2.478219516923316	1.529979170562436	3.326130131252689	0.7305372917401995	2.8036997427103305	1.9322670155262975	1.1012456131001247	1.6016278784460654	2.4280546509075625	1.767118517225265	IDR
156	M	F	M	M156F	2.165877846194058	1.4997681080459324	2.277503866029898	3.3360846440418737	2.2362168540880543	0.5383966504032759	2.008974661467182	0.9307499625257991	1.8328229771199953	2.8067942550358858	1.387306752245665	IDR
170	M	N	D	D170N	3.501206002904269	2.349321407761406	1.228216286484045	1.5462655546378632	1.6752736927826437	0.1302048342281404	1.7384146297997278	1.1285556838329904	2.9252637053328376	1.387240920560954	0.902739263505392	IDR
171	M	P	H	H171P	2.2568076070479126	2.2707716537623934	3.040496818710017	2.196954477191911	1.221094309959954	0.848091700207039	1.9723694278132045	0.7987112426081098	2.263789630405153	2.6187256479509644	1.0345930050834964	IDR
172	M	L	D	D172L	2.3628377651413492	0.6289901550059711	2.5391990118220407	1.681944086970539	0.9408939284652166	3.3714043911625615	1.920878223094613	1.0361571809743917	1.4959139600736602	2.11057154939629	2.156149159813889	IDR
175	M	T	V	V175T	2.849088715525879	1.2450010563160063	2.251114465876264	1.2149237840038	2.409162121022741	1.2587632266373665	1.871342228230343	0.7194312828529275	2.0470448859209425	1.7330191249400322	1.8339626738300536	IDR
178	M	Y	E	E178Y	0.02770160784735764	2.2895265321344773	0.9511075471529604	2.0868718933602537	3.291717606154462	1.7681072741617998	1.7358387434685518	1.1300557736347028	1.1586140699909175	1.5189897202566072	2.5299124401581308	IDR
208	M	D	M	M208D	2.0873931985079786	1.2798577793384311	-0.01617526226809784	8.319849010637911	3.530462725625549	2.097703675527404	2.8831818545615295	2.905288200091273	1.6836254889232047	4.151836874184907	2.8140832005764764	RPT1
208	M	I	M	M208I	-1.1393488834523426	1.7178869830411045	-2.1426067015859003	10.677125898525974	-1.2125770343989746	2.472993431122736	1.7289122822087661	4.743253018608118	0.28926904979438095	4.267259598470037	0.6302081983618807	RPT1
208	M	R	M	M208R	1.7912965220602912	1.3377051826516408	2.4216108986516094	3.865184118110431	1.6907668287099271	-0.03145225989242395	1.8458518817152458	1.2820852308117117	1.564500852355966	3.14339750838102	0.8296572844087515	RPT1
208	M	S	M	M208S	1.5540411863867876	2.5233986561108797	2.0497879753329498	12.001477502776602	-0.6202393190327894	0.3929563658954478	2.983570394578313	4.563959585755947	2.0387199212488336	7.025632739054776	-0.1136414765686708	RPT1
209	M	R	N	N209R	1.921325569850119	-0.3720773431720059	5.006057850954784	10.972457628461802	-1.6061071772697428	-5.307945992038336	1.7689517561311034	5.679156700361679	0.7746241133390566	7.989257739708293	-3.4570265846540393	RPT1
209	M	T	N	N209T	2.0380302112567406	0.8168771350462111	6.491126363980398	3.9764568882550226	0.24657167268836555	1.722951711866853	2.5486689971822654	2.3161547660326	1.4274536731514758	5.233791626117711	0.9847616922776092	RPT1
210	M	K	E	E210K	1.8378122031168391	2.3098609382403374	1.2732588603363897	1.4859029852107206	2.229628855645904	5.004446049868687	2.3568183154031463	1.3586961929639587	2.0738365706785884	1.3795809227735552	3.6170374527572955	RPT1
215	M	F	P	P215F	2.7233173961470167	4.195580073146484	2.143186539226717	1.7046351843530512	0.03037127084108146	1.787402879587957	2.0974155572170514	1.3652251678102716	3.4594487346467506	1.9239108617898841	0.9088870752145193	RPT1
215	M	G	P	P215G	2.328750788419537	NA	8.422705024127593	3.765245134245452	2.6954273286940458	-5.799445273418122	2.282536600413701	5.133009311833793	2.328750788419537	6.093975079186523	-1.5520089723620383	RPT1
217	M	R	M	M217R	2.1579181458532624	2.9510266485868772	2.0349026583006617	1.2161544135537679	2.3725430751096352	-0.3745745813490089	1.7263283933425326	1.1724365928712646	2.55447239722007	1.6255285359272147	0.9989842468803132	RPT1
220	M	C	E	E220C	2.378648242268884	3.750817310599791	4.546482599247078	1.2553130360834928	7.963304317930258	5.300365572794763	4.199155179820711	2.3530226654966806	3.0647327764343375	2.9008978176652853	6.6318349453625105	RPT1
222	M	N	L	L222N	0.4525021827191819	1.1455370402473035	3.330076055543848	-0.09916146317737155	3.614804457536935	2.818965406596613	1.8771206132444183	1.580388516615128	0.7990196114832427	1.615457296183238	3.2168849320667743	RPT1
223	M	N	C	C223N	3.649822495760591	1.6764175356504083	1.4268407900729927	1.4805584566860364	4.6783439072560435	-0.5633987000845975	2.058097414223579	1.8519847731280612	2.6631200157054997	1.4536996233795145	2.057472603585723	RPT1
224	M	Y	D	D224Y	3.2544460266282513	1.6759082661660514	-0.8886025037429929	5.117604370787705	-2.8535689301532337	4.605040092710791	1.8184712203994287	3.1587276166357747	2.4651771463971515	2.114500933522356	0.8757355812787786	RPT1
275	M	H	L	L275H	0.28508856001655997	0.5455074673004215	-1.469146381585146	-0.08505225244192685	15.873931124704477	-1.691672193821712	2.243109387362112	6.74090030606123	0.41529801365849073	-0.7770993170135364	7.091129465441382	RPT2
277	M	K	D	D277K	2.9408036496302556	4.215603956623076	4.607720868154511	2.2774807078950827	5.155775700570529	6.647724201106349	4.3075181806633	1.5673950150829854	3.578203803126666	3.442600788024797	5.901749950838439	RPT2
277	M	L	D	D277L	0.6375041805065932	1.8342374849385643	2.4613602965003087	4.486188800168892	2.1897843130187127	0.47370628229470374	2.013796892904629	1.4589248517631264	1.2358708327225787	3.4737745483346005	1.3317452976567081	RPT2
277	M	P	D	D277P	1.213683635174014	4.106324536100266	3.691266010807763	-0.2054684416946578	1.4687851053971894	1.935543753030125	2.0350224331357833	1.6160663780105466	2.66000408563714	1.7428987845565524	1.7021644292136573	RPT2
277	M	R	D	D277R	2.3081372049054867	3.929965802599127	2.1074013567379684	0.2219324432202172	3.897019653041626	3.2007706190328924	2.6108711799228863	1.3995947897121919	3.1190515037523068	1.1646668999790928	3.548895136037259	RPT2
278	M	P	Q	Q278P	3.32567692084437	2.429753522351729	3.7587799616531212	2.746212029715196	1.8403616997390864	4.550331353346282	3.1085192479416306	0.9745800732280704	2.8777152215980495	3.252495995684159	3.195346526542684	RPT2
279	M	R	F	F279R	3.1844994138354026	5.612700767432721	2.95188565098966	1.4759211787506186	4.172283816972016	16.005136592959218	5.567071236823272	5.294413571252626	4.398600090634062	2.2139034148701393	10.088710204965617	RPT2
280	M	K	E	E280K	-2.1010530286824727	1.7112083666705395	3.020430309879322	-2.8227205790654786	2.4487801178624906	14.340946024945989	2.766265201935065	6.167322378135397	-0.19492233100596656	0.09885486540692168	8.39486307140424	RPT2
280	M	N	E	E280N	4.733915333300232	5.7946322559062935	1.8132085658493575	2.2840960991349974	3.867889614976942	5.861895177341901	4.059272841084954	1.7290891712672967	5.2642737946032625	2.0486523324921775	4.864892396159421	RPT2
281	M	C	W	W281C	1.9020109637131286	1.5171170180421023	0.6871185002227983	1.605657323898816	1.853629276126973	2.8889527309242125	1.7424143021546719	0.7121096545289636	1.7095639908776155	1.1463879120608071	2.3712910035255925	RPT2
281	M	D	W	W281D	3.470739138815362	3.472236917462689	-0.26459334791239447	-0.6032193584592263	3.1687629870148455	1.6807876540713185	1.8207856651654324	1.8714104835656609	3.4714880281390252	-0.4339063531858104	2.424775320543082	RPT2
281	M	G	W	W281G	4.844140418563418	1.3662810321934011	0.7900506005925574	-0.5820557633634691	2.619197866377717	5.474227553025084	2.418640284564785	2.367438654988609	3.1052107253784094	0.10399741861454415	4.046712709701401	RPT2
281	M	P	W	W281P	8.125066543579356	6.935799802824928	2.263281189508339	1.010009260246962	6.618518443169935	8.489389039583239	5.573677379818793	3.154166169788151	7.530433173202142	1.6366452248776504	7.553953741376587	RPT2
281	M	R	W	W281R	2.6930309371701306	1.750203037022871	2.010428714699979	0.27236775253260676	2.37589966210243	3.2787690508890974	2.063449859069519	1.027609641542148	2.2216169870965006	1.141398233616293	2.827334356495764	RPT2
282	M	R	D	D282R	6.620001855752081	3.3106980829935773	3.567929318206569	2.8606140358839447	3.3304160265358225	3.7774093680588	3.911178114571799	1.361982792048793	4.965349969372829	3.214271677045257	3.553912697297311	RPT2
286	M	M	K	K286M	1.6519452197558342	1.8700877527269952	3.2687284008945445	1.780930370316294	1.30081396554093	2.087190010922566	1.993282620026194	0.6770339798789309	1.7610164862414148	2.524829385605419	1.694001988231748	RPT2
293	M	S	F	F293S	1.8090841030089724	2.58494136298241	2.162076850290495	1.2896655639502015	2.4540694759173274	2.1115229856712485	2.0685600569701093	0.46901231777263147	2.197012732995691	1.7258712071203481	2.282796230794288	RPT2
294	M	E	A	A294E	2.037650999660803	3.2579665776903948	0.6302946174909958	1.1960685079575613	2.9466560341652577	3.5344867885916926	2.2671872542594507	1.177180476009093	2.647808788675599	0.9131815627242785	3.2405714113784754	RPT2
294	M	F	A	A294F	2.2376345638696185	4.189478940064211	4.496440994151713	1.2983927909322528	3.1594716413572828	2.622070888758792	3.0005816365223117	1.2082320586465276	3.2135567519669146	2.8974168925419828	2.8907712650580373	RPT2
297	M	C	L	L297C	4.983913121841002	5.479910014273111	2.766939907266237	2.1452964789879996	6.106694038041639	2.317446044249184	3.966699934109862	1.753914207846372	5.231911568057057	2.4561181931271183	4.212070041145411	RPT2
300	M	I	E	E300I	2.006714836105332	4.365469825798141	-2.0043272998706834	2.29126709916974	3.7176122765238344	-0.0208737511251972	1.7259771644335278	2.379014829601307	3.1860923309517366	0.14346989964952828	1.8483692626993187	RPT2
300	M	K	E	E300K	4.215568477748232	4.197509571861062	5.659341626502582	0.023873526765910147	3.113863915413041	1.9709818976596178	3.1968565026584077	1.9839551870076193	4.206539024804647	2.841607576634246	2.5424229065363297	RPT2
300	M	P	E	E300P	5.051389603496544	1.4577627594390148	1.635690215388144	0.39586981003149974	4.363943386193084	1.0164778381510644	2.3201889354498917	1.9105692069421154	3.254576181467779	1.015780012709822	2.690210612172074	RPT2
300	M	R	E	E300R	5.452644445312212	4.013712910856321	0.8895561911909446	0.29131947737033564	0.2832753399382482	0.7865800201080749	1.9528480641293562	2.215159574827873	4.733178678084267	0.5904378342806401	0.5349276800231616	RPT2
300	M	W	E	E300W	4.954017666655795	3.1905112953806514	2.7023988354751527	1.2020919530985594	1.6598010692597986	1.503931395485282	2.5354587025592066	1.4081961606760622	4.072264481018223	1.952245394286856	1.5818662323725403	RPT2
300	M	Y	E	E300Y	2.1995113760311455	2.5462559927471617	2.723754974547034	0.9227462796430552	2.5540722262345117	1.6631792526201057	2.101586683637169	0.6900757004819275	2.3728836843891536	1.8232506270950446	2.1086257394273087	RPT2
301	M	D	L	L301D	4.114269247244136	1.036339531436554	0.16134375416513294	1.4175193406558402	3.9229215602694874	1.751990212669661	2.067397274406802	1.6031592736436304	2.575304389340345	0.7894315474104866	2.837455886469574	RPT2
301	M	P	L	L301P	4.888790558446976	3.3354131257052257	2.2825146385400377	1.4337405593233585	1.7792512912710512	1.4635548005142351	2.5305441623001474	1.354735706887159	4.1121018420761	1.858127598931698	1.6214030458926432	RPT2
311	M	R	I	I311R	2.904062969484094	2.9757924207598214	1.1888932190042818	0.27534577943103117	1.430597048380687	3.119249843891493	1.9823235468252347	1.1812613838004848	2.9399276951219577	0.7321194992176565	2.27492344613609	RPT2
315	M	P	I	I315P	0.9952885732174253	4.0629814650823395	-1.6343099140559705	0.3618263469616933	6.6087510689663045	3.3252001825073747	2.2866229537798612	2.9550290922056863	2.5291350191498823	-0.6362417835471386	4.96697562573684	RPT2
315	M	R	I	I315R	3.398975381705967	5.605917667177436	1.153607759241506	2.525008236451381	4.820927843227124	5.460646432173381	3.827513886662799	1.780261408005906	4.502446524441702	1.8393079978464435	5.1407871377002525	RPT2
315	M	W	I	I315W	2.134309422412644	4.026170679146972	4.060911995843527	-0.4069861785239126	3.579747527993776	3.4221981463580984	2.8027252655385175	1.7214174431731646	3.080240050779808	1.826962908659807	3.5009728371759374	RPT2
316	M	P	R	R316P	0.9492099413431999	2.1661523876555737	3.1435320775779294	0.7114213376631658	1.4798632952835604	2.3536601498510965	1.8006398648957542	0.9227153252383281	1.5576811644993869	1.9274767076205477	1.9167617225673284	RPT2
357	M	L	T	T357L	3.0896370699487954	2.046666615796583	1.133799213135013	-1.5583240495703496	5.801334400313447	0.4212856766895709	1.8223998210521766	2.504184168882587	2.5681518428726893	-0.21226241821766834	3.111310038501509	CCD
362	M	A	E	E362A	-1.1057068352123571	17.89500031402108	-1.181373417677889	-0.17777320157832988	-0.7920461553196088	-1.475094804555472	2.1938343166129037	7.704630530395832	8.394646739404362	-0.6795733096281094	-1.1335704799375403	CCD
362	M	K	E	E362K	0.4185140397210436	16.10241818067637	1.8815959721176583	0.3104077405575079	0.24630781792246845	-0.26994143129493237	3.1148837199500194	6.403410247971767	8.260466110198706	1.096001856337583	-0.01181680668623196	CCD
362	M	Y	E	E362Y	-4.1659005019099755	28.53988473215775	-4.507943354720144	-5.11083856624014	-1.3540054037169995	-1.1546780428698125	2.0410864771167794	13.088104367170704	12.186992115123886	-4.809390960480142	-1.254341723293406	CCD
