Residue	Wildtype_Amino_Acid	Mutant_Amino_Acid	Mutation_Type	Germline classification	Condition(s)	REVEL	PHRED	am_pathogenicity	G401_average_zscore	response
2	M	I	M	Uncertain significance	not provided	0.467	24.433333333333337	0.4361	-0.6607684530665319	0
3	M	I	M	Uncertain significance	Hereditary cancer-predisposing syndrome	0.31566666666666665	22.933333333333337	0.3287	3.1929541623210147	0
3	M	L	M	NA	NA	0.3465	22.05	0.1416	0.017669759575041022	0
4	M	L	M	Uncertain significance	not provided	0.331	22.2	0.1517	0.7817774340785484	0
4	M	T	M	Uncertain significance	not provided|Hereditary cancer-predisposing syndrome	0.59	23.8	0.3553	0.5225087945329279	0
5	A	S	M	Uncertain significance	not provided	0.481	25.3	0.1758	0.8292275284720043	0
5	A	T	M	NA	NA	0.472	25.8	0.447	-0.18983948075571072	0
5	A	V	M	Uncertain significance	Hereditary cancer-predisposing syndrome|not provided	0.562	25.4	0.6793	0.472355637585843	0
6	L	P	M	NA	NA	0.724	25.1	0.3256	0.097016367463073	0
6	L	Q	M	NA	NA	0.745	27.1	0.2498	1.4297394558762644	0
7	S	N	M	Uncertain significance	not provided	0.385	25.3	0.4529	0.9171329609890916	0
7	S	R	M	NA	NA	0.4806666666666667	22.3	0.9404	0.5045173991700215	0
7	S	T	M	NA	NA	0.366	23.6	0.194	0.7450568429802656	0
8	K	E	M	Uncertain significance	not provided	0.668	27.2	0.7552	1.0103115431190477	0
8	K	R	M	Uncertain significance	not provided|Hereditary cancer-predisposing syndrome	0.329	22.9	0.0803	0.3287518476881651	0
9	T	S	M	Uncertain significance	Rhabdoid tumor predisposition syndrome 1	0.496	24.15	0.8249	-0.6287973861115437	0
14	P	H	M	Pathogenic/Likely pathogenic	Hereditary cancer-predisposing syndrome|not provided	0.803	29.7	0.9996	0.7646144272790492	1
14	P	S	M	NA	NA	0.711	28.2	0.9991	0.4153543736310509	0
14	P	T	M	NA	NA	0.722	27.7	0.9982	-0.5323434111458635	0
15	V	L	M	Uncertain significance	Hereditary cancer-predisposing syndrome	0.3395	23.6	0.1619	-0.23686866557810898	0
15	V	M	M	Uncertain significance	not provided	0.427	24.2	0.159	0.26854204158876094	0
16	K	Q	M	NA	NA	0.572	23.7	0.2091	-1.4104783360373419	0
20	E	A	M	Uncertain significance	not provided	0.555	25.4	0.3547	0.7947023701761133	0
21	D	G	M	Uncertain significance	not provided	0.418	24.7	0.1397	0.020965692141498626	0
21	D	N	M	Uncertain significance	Hereditary cancer-predisposing syndrome|not provided	0.426	26.2	0.1173	-1.425032119974829	0
22	D	E	M	NA	NA	0.274	21.49	0.1342	-1.3347273595431173	0
22	D	N	M	Uncertain significance	not provided|Hereditary cancer-predisposing syndrome	0.392	22.8	0.0925	-0.8597253239124412	0
23	G	D	M	Uncertain significance	Hereditary cancer-predisposing syndrome|not provided	0.818	28.4	0.8887	-0.4505454065622755	0
23	G	R	M	NA	NA	0.864	32	0.9467	-0.5629340808809213	0
23	G	S	M	Uncertain significance	Hereditary cancer-predisposing syndrome|SMARCB1-related disorder|not provided	0.792	31	0.5734	0.15273853495166065	0
23	G	V	M	NA	NA	0.882	28.7	0.9638	-0.6503843036188863	0
24	E	D	M	NA	NA	0.3045	14.585	0.0777	0.07709554656561857	0
24	E	K	M	Uncertain significance	Hereditary cancer-predisposing syndrome|not provided	0.688	27	0.8856	-0.0958830263420011	0
25	F	L	M	NA	NA	0.3423333333333333	23.066666666666663	0.8686	-0.2659496019079764	0
26	Y	H	M	NA	NA	0.557	25.5	0.8989	0.33149481516281654	0
27	M	L	M	Uncertain significance	not provided|Intellectual disability, autosomal dominant 15|Rhabdoid tumor predisposition syndrome 1|Hereditary cancer-predisposing syndrome	0.441	23.05	0.6434	0.03556409090748347	0
27	M	T	M	NA	NA	0.651	24.6	0.9818	0.3675956141325843	0
27	M	V	M	Uncertain significance	Rhabdoid tumor predisposition syndrome 1|Hereditary cancer-predisposing syndrome|not provided	0.518	24.2	0.7126	0.79898983327447	0
28	I	V	M	Uncertain significance	not provided|SMARCB1-related disorder	0.26	25.5	0.1564	-0.5015379228113064	0
31	E	V	M	Conflicting classifications of pathogenicity	not provided	0.898	35	0.9889	-0.8970707759485763	0
34	N	S	M	Uncertain significance	not provided|Hereditary cancer-predisposing syndrome	0.528	23	0.4469	0.012618961326112954	0
36	L	F	M	Uncertain significance	not provided	0.614	29.1	0.9678	-0.6305712937820076	0
38	M	L	M	NA	NA	0.458	21.2	0.3494	0.1074989723944188	0
49	S	L	M	Uncertain significance	not provided	0.666	24.8	0.799	-0.8934696181185	0
53	R	L	M	Pathogenic/Likely pathogenic	Hereditary cancer-predisposing syndrome|not provided	0.783	27.8	0.969	0.7341226382928028	1
53	R	Q	M	Uncertain significance	not provided|Hereditary cancer-predisposing syndrome	0.647	28.7	0.6358	0.10718282437720182	0
56	T	S	M	Uncertain significance	not provided|Hereditary cancer-predisposing syndrome	0.351	22.35	0.0888	-1.4107673217314516	0
57	V	M	M	Conflicting classifications of pathogenicity	Hereditary cancer-predisposing syndrome|Rhabdoid tumor predisposition syndrome 1|not provided	0.397	24.3	0.1879	-0.5139001107412746	0
63	I	R	M	NA	NA	0.806	25.3	0.9949	-0.0560066801480289	0
65	A	S	M	Uncertain significance	not provided	0.387	23.7	0.0882	-0.16768953199606526	0
66	S	L	M	Uncertain significance	not provided|Hereditary cancer-predisposing syndrome	0.5	25.2	0.1432	0.1856062830536451	0
68	H	R	M	NA	NA	0.602	22.4	0.1241	-2.178903208560645	0
72	T	K	M	NA	NA	0.331	22.9	0.1221	-0.613698916876478	0
73	K	T	M	NA	NA	0.356	21.9	0.0887	1.5057459059704446	0
75	N	D	M	NA	NA	0.24	22.6	0.0765	-1.0747535448946928	0
76	T	A	M	NA	NA	0.138	18.71	0.0568	-0.5373261335380909	0
77	K	T	M	NA	NA	0.186	23.9	0.1111	0.27262509735011	0
78	D	E	M	NA	NA	0.507	17.33	0.1724	-0.4331196128804117	0
78	D	G	M	Uncertain significance	not provided	0.533	20.4	0.1743	0.8224541111042436	0
78	D	N	M	NA	NA	0.285	31	0.1662	0.2926108730181585	0
79	H	N	M	Uncertain significance	Hereditary cancer-predisposing syndrome	0.427	20.8	0.1197	-1.324720677217282	0
79	H	Q	M	NA	NA	0.6054999999999999	0.1715	0.2344	-0.9617517096884198	0
80	G	R	M	Uncertain significance	not provided|Hereditary cancer-predisposing syndrome	0.6415	24.45	0.858	-0.4341304930732943	0
82	T	M	M	Uncertain significance	Hereditary cancer-predisposing syndrome|not provided	0.585	22.8	0.4047	-1.5515765388853624	0
83	T	S	M	NA	NA	0.515	18.619999999999997	0.1514	0.022718779863365957	0
86	T	N	M	Uncertain significance	not provided	0.556	25.2	0.9305	-1.0498126784471196	0
91	L	I	M	NA	NA	0.499	18.39	0.6441	0.1611144307292086	0
93	A	G	M	NA	NA	0.783	27.6	0.4951	-0.62397361106916	0
93	A	T	M	Uncertain significance	not provided	0.659	29.1	0.8343	-0.11420526691404105	0
94	S	L	M	Uncertain significance	Hereditary cancer-predisposing syndrome|not provided	0.627	26.2	0.1219	0.34534476981662005	0
98	E	D	M	NA	NA	0.446	21.200000000000003	0.2184	-0.7514622681602414	0
100	L	M	M	NA	NA	0.296	22.5	0.175	-0.5952737659617907	0
101	D	G	M	Uncertain significance	not provided	0.558	23.4	0.2047	-2.887341067834937	0
101	D	N	M	Uncertain significance	Hereditary cancer-predisposing syndrome|not provided	0.406	23.6	0.1184	-1.1899541028054137	0
104	D	N	M	Uncertain significance	Hereditary cancer-predisposing syndrome	0.611	29.4	0.9224	-4.7352873882089686	0
104	D	Y	M	NA	NA	0.829	29	0.9786	-5.815101195307783	0
110	V	L	M	NA	NA	0.455	23.05	0.5169	-0.5483500811957709	0
111	S	C	M	Uncertain significance	Hereditary cancer-predisposing syndrome|not provided	0.775	28.2	0.499	0.7661950028131249	0
111	S	F	M	NA	NA	0.87	28.7	0.9299	0.14405151809462485	0
112	I	S	M	NA	NA	0.602	23.2	0.9522	-0.06694808599263313	0
113	S	G	M	NA	NA	0.461	22.5	0.2211	-0.14000987846842297	0
114	T	P	M	Conflicting classifications of pathogenicity	Hereditary cancer-predisposing syndrome|not provided	0.561	24.4	0.3149	-0.8781117580308486	0
116	P	A	M	NA	NA	0.474	22.6	0.1207	-0.9938193038647501	0
116	P	H	M	Uncertain significance	not provided|Hereditary cancer-predisposing syndrome	0.503	25.5	0.6136	0.3830930710660529	0
116	P	L	M	Uncertain significance	not provided	0.58	23.7	0.2202	-0.8401294520451691	0
119	Y	C	M	NA	NA	0.505	23.5	0.10780000000000001	0.07308453593182926	0
120	L	F	M	Uncertain significance	Hereditary cancer-predisposing syndrome|not provided	0.476	23.4	0.1552	0.9672923442121163	0
122	E	D	M	Uncertain significance	Hereditary cancer-predisposing syndrome|not provided	0.48	16.54	0.1128	1.0563842324627744	0
123	Q	H	M	NA	NA	0.484	24.8	0.2001	0.4104040060290843	0
125	A	G	M	Conflicting classifications of pathogenicity	Hereditary cancer-predisposing syndrome|not provided	0.411	24.1	0.0828	0.6379046877045571	0
126	K	R	M	Uncertain significance	not provided|Hereditary cancer-predisposing syndrome	0.594	23.3	0.0774	-0.4481551829403515	0
127	R	K	M	Uncertain significance	Hereditary cancer-predisposing syndrome	0.493	23.7	0.1707	-0.4279596552289177	0
132	V	I	M	NA	NA	0.467	25.7	0.1119	1.7338215473768073	0
134	T	P	M	Uncertain significance	not provided	0.626	24.4	0.1786	-1.03063304586343	0
135	L	V	M	Uncertain significance	not provided|not specified	0.387	18.84	0.12	-0.030998145140459035	0
137	N	S	M	NA	NA	0.389	21.3	0.0606	0.7868742938846253	0
140	H	R	M	NA	NA	0.802	25.8	0.9646	0.032094094530778786	0
144	A	T	M	Uncertain significance	Hereditary cancer-predisposing syndrome	0.49	25	0.9768	-0.19381850258167638	0
148	S	F	M	NA	NA	0.914	28.1	0.9711	-0.017312832387352727	0
150	T	A	M	Uncertain significance	not provided	0.453	22.3	0.0643	0.086375315606314	0
152	N	D	M	NA	NA	0.65	24.8	0.7509	0.07925670112232365	0
152	N	S	M	NA	NA	0.439	21.8	0.0644	-0.15458868831812025	0
154	N	S	M	Uncertain significance	not provided|Hereditary cancer-predisposing syndrome	0.367	21.3	0.0686	1.608375360229791	0
155	R	C	M	Uncertain significance	not provided	0.919	33	0.8016	-0.1926712300851745	0
155	R	S	M	NA	NA	0.896	28	0.9704	1.3508996989206548	0
156	M	L	M	NA	NA	0.282	19.295	0.0624	0.07100835896290475	0
156	M	T	M	Uncertain significance	not provided|Hereditary cancer-predisposing syndrome	0.524	22.1	0.1738	-0.23386156700525892	0
156	M	V	M	Uncertain significance	Hereditary cancer-predisposing syndrome|not provided	0.376	18.94	0.0692	0.5390317754534674	0
157	G	S	M	NA	NA	0.681	24.1	0.1056	0.21461980974614683	0
158	R	L	M	Uncertain significance	not provided	0.815	26.9	0.4931	0.15980631385865568	0
158	R	Q	M	Uncertain significance	not provided|Hereditary cancer-predisposing syndrome	0.57	25.4	0.1699	-1.2544890309809804	0
160	K	E	M	NA	NA	0.914	27.5	0.8526	1.0432220625940754	0
161	K	R	M	NA	NA	0.559	22.4	0.0861	0.35899368797513076	0
162	R	K	M	NA	NA	0.648	23.3	0.3636	0.3444371060278052	0
167	C	W	M	Uncertain significance	not provided|Hereditary cancer-predisposing syndrome	0.42375	24.7	0.9856	-1.7730449881416979	0
169	D	H	M	Uncertain significance	not provided|Hereditary cancer-predisposing syndrome	0.6615	32	0.9927	-3.173101686297376	0
170	D	N	M	Uncertain significance	not provided	0.544	34	0.9355	2.9252637053328376	0
171	H	R	M	Uncertain significance	not provided|Hereditary cancer-predisposing syndrome	0.6025	21.8	0.403	-0.6575166071526011	0
172	D	Y	M	NA	NA	0.7905	33	0.967	2.1324922334582137	0
173	P	S	M	Uncertain significance	not provided	0.77	24.9	0.778	1.0338912310827513	0
174	A	S	M	Conflicting classifications of pathogenicity	Hereditary cancer-predisposing syndrome|not provided	0.6205	24.2	0.1477	0.5558807849350602	0
176	I	T	M	NA	NA	0.739	25.4	0.8239	0.22199516362050675	0
180	A	S	M	Uncertain significance	not provided|not specified	0.418	22.7	0.1525	-0.3606036249214654	0
181	S	Y	M	NA	NA	0.406	27	0.2474	-0.0526762229393619	0
182	Q	H	M	Uncertain significance	not provided|Hereditary cancer-predisposing syndrome	0.596	22.9	0.3869	0.107493047712962	0
182	Q	L	M	NA	NA	0.532	24.7	0.0934	0.5139564182407026	0
184	E	K	M	Uncertain significance	not provided|Hereditary cancer-predisposing syndrome	0.756	33	0.9196	0.29094946083748796	0
184	E	Q	M	Uncertain significance	Hereditary cancer-predisposing syndrome	0.656	31	0.6226	-1.1596907841600954	0
185	V	M	M	Uncertain significance	Hereditary cancer-predisposing syndrome|not provided	0.315	24.4	0.1108	0.24452975758450932	0
187	V	I	M	NA	NA	0.386	24.1	0.2006	-0.8628447916459423	0
189	I	T	M	Uncertain significance	Hereditary cancer-predisposing syndrome	0.961	32	0.9951	0.48576676009308867	0
189	I	V	M	Uncertain significance	not provided	0.645	24	0.0848	-0.08735895013415074	0
193	M	V	M	Uncertain significance	Hereditary cancer-predisposing syndrome	0.52	24.7	0.3688	-0.6310730194145143	0
202	D	H	M	NA	NA	0.92	29	0.999	-0.018979223357018845	0
202	D	N	M	NA	NA	0.823	32	0.9975	0.6898986945383607	0
203	A	T	M	Conflicting classifications of pathogenicity	Rhabdoid tumor predisposition syndrome 2|Hereditary cancer-predisposing syndrome|not provided|Schwannomatosis 1|Rhabdoid tumor predisposition syndrome 1	0.275	22.8	0.1446	-0.5070817341337059	0
204	F	I	M	NA	NA	0.883	32	0.9767	-0.48926822093427524	0
205	T	I	M	Uncertain significance	not provided	0.767	30	0.7632	0.18347678265294437	0
206	W	C	M	NA	NA	0.916	34	0.9995	-0.47580031956315216	0
207	N	D	M	NA	NA	0.715	26.6	0.9651	-0.3715279123023281	0
207	N	S	M	Uncertain significance	Intellectual disability, autosomal dominant 15|Hereditary cancer-predisposing syndrome|not provided	0.781	25.2	0.9209	-0.41527060223472867	0
208	M	L	M	NA	NA	0.373	24.6	0.1547	-0.8447359700884358	0
208	M	V	M	Uncertain significance	not provided|Hereditary cancer-predisposing syndrome	0.462	24.7	0.1174	1.1259490982682907	0
209	N	K	M	Uncertain significance	not provided	0.627	23.85	0.6522	1.0082001271847814	0
209	N	S	M	NA	NA	0.489	28.7	0.1396	-1.1284886437611017	0
210	E	D	M	Uncertain significance	not provided|Hereditary cancer-predisposing syndrome	0.542	25.2	0.8689	0.44178533330712444	0
212	L	S	M	NA	NA	0.79	29.8	0.7316	-0.29327834066286257	0
214	T	M	M	Conflicting classifications of pathogenicity	Ovarian cancer|not provided|Hereditary cancer-predisposing syndrome	0.825	33	0.3682	0.43058242370732736	0
214	T	R	M	Uncertain significance	Hereditary cancer-predisposing syndrome|not provided|Rhabdoid tumor predisposition syndrome 1	0.839	31	0.8787	0.6283541001555399	0
215	P	L	M	NA	NA	0.778	34	0.827	0.0636295871509096	0
218	F	C	M	NA	NA	0.979	33	0.9947	-0.4184645250056402	0
218	F	L	M	Uncertain significance	not provided|Hereditary cancer-predisposing syndrome	0.8196666666666667	23.133333333333333	0.9969	-0.2157114046300831	0
220	E	Q	M	NA	NA	0.492	25.1	0.8011	-0.43462765447241536	0
223	C	Y	M	Uncertain significance	not provided|Hereditary cancer-predisposing syndrome	0.896	33	0.9998	1.3559987756322278	0
225	D	N	M	Uncertain significance	Hereditary cancer-predisposing syndrome|not provided	0.789	33	0.9948	0.9139723276602919	0
225	D	Y	M	Uncertain significance	not provided|Rhabdoid tumor predisposition syndrome 1|Hereditary cancer-predisposing syndrome	0.918	33	0.998	1.0675579275734097	0
227	D	G	M	NA	NA	0.713	32	0.8345	0.3707105604010631	0
230	P	L	M	Uncertain significance	not provided|Hereditary cancer-predisposing syndrome	0.557	28.2	0.599	1.3627626522876848	0
230	P	S	M	NA	NA	0.553	23.8	0.3849	0.6926677363807208	0
232	T	M	M	Conflicting classifications of pathogenicity	not provided|Hereditary cancer-predisposing syndrome|Rhabdoid tumor predisposition syndrome 1	0.302	29.8	0.0757	0.08762301480504779	0
233	F	Y	M	Uncertain significance	not provided	0.598	29	0.7889	-2.2668502828912884	0
234	V	L	M	Uncertain significance	Rhabdoid tumor predisposition syndrome 1|not provided	0.49	24.6	0.6552	-0.11409712614949011	0
235	P	S	M	NA	NA	0.562	28.6	0.4345	-0.7844986361333692	0
236	A	G	M	NA	NA	0.672	29.8	0.5044	-1.042869368632657	0
237	I	V	M	NA	NA	0.658	24.4	0.0571	0.8146402905178077	0
238	A	T	M	Conflicting classifications of pathogenicity	Hereditary cancer-predisposing syndrome|not provided	0.459	25.6	0.2986	0.5434150996174354	0
238	A	V	M	Uncertain significance	not provided	0.441	24	0.4612	-0.16139252010540264	0
241	I	T	M	NA	NA	0.962	29.4	0.9912	0.24775231862652336	0
241	I	V	M	Uncertain significance	not provided	0.643	24.2	0.1638	0.5758121671831918	0
244	Q	L	M	Uncertain significance	not provided	0.941	31	0.9919	1.6622268300339924	0
245	I	M	M	NA	NA	0.647	15.35	0.1182	-0.7871260446427368	0
248	Y	C	M	Uncertain significance	not provided|Hereditary cancer-predisposing syndrome	0.736	26.2	0.2789	-0.5683188705958624	0
250	T	M	M	Conflicting classifications of pathogenicity	Hereditary cancer-predisposing syndrome|not provided|Rhabdoid tumor predisposition syndrome 1	0.192	23.1	0.092	0.19392704696680174	0
252	S	G	M	Uncertain significance	Hereditary cancer-predisposing syndrome|not provided	0.215	23.1	0.0796	0.6860625199475183	0
252	S	N	M	Uncertain significance	Hereditary cancer-predisposing syndrome|not provided	0.344	22.6	0.0955	0.6829471547056212	0
256	D	G	M	Uncertain significance	not provided	0.313	23.9	0.1453	1.1509978706815631	0
257	Q	H	M	Uncertain significance	not provided	0.374	18.19	0.2311	-0.1141665694183909	0
257	Q	R	M	NA	NA	0.51	25.4	0.2861	0.3217184663884677	0
259	D	N	M	NA	NA	0.746	32	0.925	0.8327862457880022	0
261	R	C	M	Uncertain significance	Hereditary cancer-predisposing syndrome|Rhabdoid tumor predisposition syndrome 1|not provided	0.914	34	0.9942	-0.5883352973319363	0
261	R	H	M	Uncertain significance	not provided|Hereditary cancer-predisposing syndrome	0.816	33	0.9863	-0.08321682448193299	0
262	V	I	M	Uncertain significance	not provided|Hereditary cancer-predisposing syndrome	0.365	26.2	0.2444	0.15911309241725408	0
263	I	V	M	Uncertain significance	not provided|Hereditary cancer-predisposing syndrome	0.326	21.2	0.0835	-0.5699386542876637	0
264	I	F	M	Uncertain significance	not provided	0.884	27.2	0.9515	-1.2889368436508757	0
264	I	V	M	Uncertain significance	not provided|Hereditary cancer-predisposing syndrome	0.406	21.6	0.1016	0.0716161549639043	0
268	I	V	M	NA	NA	0.373	22.5	0.1622	-0.4597045120027586	0
269	H	R	M	NA	NA	0.709	27.6	0.9984	0.48309370689426395	0
283	M	I	M	Uncertain significance	Hereditary cancer-predisposing syndrome	0.372	23.766666666666666	0.8635	0.5875590052743828	0
283	M	T	M	NA	NA	0.784	25.1	0.8913	0.2714879899695296	0
284	S	T	M	NA	NA	0.433	24.4	0.3752	-0.2662402011924191	0
287	E	K	M	NA	NA	0.345	25.1	0.2607	0.13515664971256636	0
289	S	L	M	Uncertain significance	not provided	0.694	28.7	0.2557	-0.10692901807339944	0
290	P	S	M	Likely benign	Intellectual disability, autosomal dominant 15	0.827	25.6	0.9548	1.174628039387453	0
290	P	T	M	NA	NA	0.82	25.1	0.9757	0.22903501822181704	0
294	A	T	M	Uncertain significance	Hereditary cancer-predisposing syndrome|not provided	0.8	32	0.9802	1.0736981447839218	0
296	K	N	M	Conflicting classifications of pathogenicity	Hereditary cancer-predisposing syndrome|not specified|not provided	0.268	22.9	0.681	0.9538898541374208	0
299	S	L	M	Conflicting classifications of pathogenicity	Hereditary cancer-predisposing syndrome|not provided	0.44	27.6	0.1962	0.3918949564915797	0
299	S	W	M	NA	NA	0.606	28.4	0.8104	0.35051557917139364	0
302	G	E	M	NA	NA	0.739	32	0.9979	0.5788651325015209	0
304	G	S	M	NA	NA	0.509	32	0.9315	0.622429591436547	0
305	G	R	M	NA	NA	0.6815	33	0.9979	0.052086224830401595	0
306	E	K	M	NA	NA	0.902	33	0.9983	0.8368969849852703	0
311	I	M	M	Uncertain significance	not provided	0.667	15.94	0.8187	-1.2956649944154142	0
311	I	V	M	NA	NA	0.491	23.8	0.0929	0.13915581752483372	0
312	A	T	M	Uncertain significance	Hereditary cancer-predisposing syndrome|not provided	0.788	33	0.87	-0.1567410762386395	0
316	R	G	M	Uncertain significance	not provided	0.851	32	0.9979	0.3051068716266425	0
316	R	Q	M	Uncertain significance	not provided|Rhabdoid tumor predisposition syndrome 1|Hereditary cancer-predisposing syndrome	0.758	34	0.9573	2.358202911449501	0
316	R	W	M	Uncertain significance	Hereditary cancer-predisposing syndrome|not provided	0.803	34	0.959	1.109652030813736	0
317	G	R	M	NA	NA	0.728	33	0.9997	-0.27069564800112006	0
322	H	Y	M	Uncertain significance	Hereditary cancer-predisposing syndrome	0.576	26	0.5557	0.5800529650252514	0
325	T	I	M	NA	NA	0.521	25.9	0.8979	0.7003917171850564	0
327	A	T	M	Uncertain significance	Hereditary cancer-predisposing syndrome|not provided	0.51	33	0.8204	-0.04555906668250062	0
330	E	K	M	Uncertain significance	not provided|Hereditary cancer-predisposing syndrome	0.719	36	0.9867	-0.7197485903598149	0
331	N	T	M	NA	NA	0.329	22.9	0.1761	1.0481550602365242	0
336	V	A	M	Uncertain significance	Hereditary cancer-predisposing syndrome	0.618	28.5	0.902	-0.23841253587208472	0
336	V	M	M	NA	NA	0.49	32	0.7465	0.14150726059587773	0
337	E	K	M	NA	NA	0.47	26.2	0.8977	-0.575954204862636	0
338	I	T	M	Uncertain significance	Hereditary cancer-predisposing syndrome|not provided	0.567	23.7	0.2421	-0.8432062309073367	0
338	I	V	M	Uncertain significance	not provided	0.282	20.6	0.0862	-0.17793699469724916	0
341	R	Q	M	Conflicting classifications of pathogenicity	Hereditary cancer-predisposing syndrome|not provided	0.847	34	0.996	0.5230137557314726	0
341	R	W	M	Uncertain significance	Hereditary cancer-predisposing syndrome|not provided	0.84	31	0.9968	0.5170580085171401	0
343	T	A	M	NA	NA	0.37	21.7	0.0767	0.06428592842879621	0
343	T	M	M	Uncertain significance	Hereditary cancer-predisposing syndrome|not provided	0.38	26	0.1073	-0.059291836840781376	0
345	D	G	M	NA	NA	0.654	24.6	0.8427	0.05712271925047821	0
345	D	N	M	Uncertain significance	not provided	0.474	26.8	0.5649	0.0888840906556242	0
345	D	Y	M	Uncertain significance	not provided|Hereditary cancer-predisposing syndrome	0.803	29.6	0.8601	0.08651370301971653	0
346	A	V	M	Uncertain significance	Rhabdoid tumor predisposition syndrome 1|not provided	0.62	24.1	0.4781	0.7574121569938843	0
353	L	P	M	NA	NA	0.945	32	0.9995	0.22883625709298816	0
359	A	S	M	NA	NA	0.476	26.3	0.5669	-0.6504923573282821	0
366	R	H	M	Uncertain significance	not provided	0.693	32	0.999	0.7144739360175218	0
372	T	M	M	Uncertain significance	Hereditary cancer-predisposing syndrome|not provided	0.582	29.6	0.9957	0.3517889546127997	0
375	M	I	M	NA	NA	0.429	23.666666666666668	0.907	0.3114008081699187	0
375	M	I	M	NA	NA	0.429	23.666666666666668	0.907	0.3114008081699187	0
377	R	H	M	Conflicting classifications of pathogenicity	not provided|Hereditary cancer-predisposing syndrome	0.868	33	0.9996	0.3596072427142516	0
377	R	S	M	NA	NA	0.82	26.2	0.9999	0.8632086461221303	0
379	A	S	M	NA	NA	0.521	27	0.6118	0.4172494025925917	0
379	A	T	M	NA	NA	0.513	28.1	0.9159	0.63403927401563	0
380	N	H	M	NA	NA	0.565	26.4	0.6753	0.3331902515707757	0
381	T	M	M	Uncertain significance	not provided|Rhabdoid tumor predisposition syndrome 1|Hereditary cancer-predisposing syndrome	0.585	28.1	0.8031	0.2759846064863853	0
382	A	D	M	NA	NA	0.514	24.7	0.9876	0.1616076603451063	0
382	A	T	M	NA	NA	0.382	22.6	0.3396	0.40302830127598277	0
382	A	V	M	Uncertain significance	not provided|Hereditary cancer-predisposing syndrome	0.512	22.9	0.582	1.2451320638453653	0
383	P	L	M	Uncertain significance	not provided	0.75	29.4	0.8906	0.9277840304854494	0
383	P	T	M	NA	NA	0.562	23.9	0.6353	0.7243549738716493	0
385	W	L	M	NA	NA	0.738	31	0.6085	-0.2786595736369698	0
385	W	R	M	NA	NA	0.83	28.45	0.9817	-0.18619784011236185	0
