"Substitution","BT16","RCRF1009T","G401"
"M208X",24.721526838233,8.58855524073586,8.69391084503131
"F279X",9.32775700784232,20.8121979407026,6.68849757014515
"M208Fs",23.108352041578,7.32815215465974,5.95366610810698
"D192X",12.5983540354163,13.7129022496358,4.08953336049629
"D104X",7.89667681173187,7.39262104884286,14.4177497306855
"N209X",7.15772020303573,10.1589469818884,8.34989497413901
"L166X",8.15168769239981,11.0464217781257,5.60466248025914
"P235X",6.67399748159095,12.6486728382274,5.09167451117464
"D224Fs",6.15841290502431,9.28200602667247,8.6956503573557
"D170X",7.99126301491534,9.18961980299339,5.6575994456222
"N209Fs",7.04748321772314,7.97872467603664,7.67637964049148
"F279Fs",4.22096573024782,13.1157116104578,5.2768328893391
"D170Fs",7.03113917782392,5.26579171879999,10.1862670685003
"V175X",4.66577997443655,13.4087682305251,3.86465276506611
"E280Fs",4.08200661619787,9.95120169666496,7.53844119115651
"P116X",7.01184031173912,9.30190291603582,4.73219468021824
"D172X",4.10435148564365,10.430221647467,6.47298367475733
"L231X",5.32546420146538,9.06599555846707,6.42632636417707
"C223X",4.3658594523803,8.41387956590116,7.5637252278616
"N207X",6.90337125790409,8.39768412852803,4.30118008629898
"D224X",3.66672819806082,8.75573287882399,7.07857966969739
"A236X",7.02575435726936,6.41296046838775,6.0162511560186
"V187X",5.24848865191316,8.63812651507041,5.56781970331049
"K211X",7.25155389397339,6.85478333218381,5.26972203062691
"P290X",5.37450609583737,8.27127828076617,5.68563141493223
"L191X",6.36286018651943,8.06384877506257,4.88626117603248
"M213Fs",7.14634223493501,6.66059683910325,5.47027309274754
"L212Fs",7.31763022906542,5.97794828593345,5.64283579429351
"M156X",5.50808342028859,7.70280883155958,5.69119425639665
"E105Fs",4.51384847616544,4.91224847184195,9.42050646164674
"M283X",7.04401196736866,5.18064226005083,6.48064425475743
"D169X",4.40795085532762,6.04531977448519,8.20995816831272
"M217X",3.49202643151576,10.511913024342,4.64611952027203
"D192Fs",10.9920522799611,4.36277761307015,3.09242946099272
"P165X",4.29746818199164,9.30406667545448,4.84043044445707
"D196X",4.28609021283319,4.5799378185503,9.45374946990495
"K106Fs",4.06766355451262,4.3989216380867,9.42527148147311
"P117X",5.80019240170592,6.48413136758827,5.59406726497124
"D104Fs",4.14864599299938,3.82750425232549,9.55600144030953
"I273Fs",3.49743657483079,6.64439582526344,7.22125346749778
"N267Fs",4.05696147154329,5.75527131462438,7.45155528853303
"P215X",5.48947122303403,4.95583853398293,6.75627574681437
"H79X",7.95635032739021,5.18939315495664,3.93626017336647
"P188X",5.18575554050068,8.45117434095482,3.43534888888759
"P173X",4.46828150797243,6.70135977663367,5.8684101689695
"F168X",6.9759535978813,6.04125715729819,3.93785675617215
"H177X",4.81798344300031,5.83545198121816,6.30080559592764
"V185X",3.67125108270358,6.85434113340419,6.41258021142849
"D277Fs",6.57579815085991,6.79072282467489,3.55770372102533
"N103Fs",5.34689256707188,5.22968193430717,6.30451526908524
"L231Fs",3.83773520086516,10.4130893481668,2.59292828660816
"T205X",8.48923857975369,4.06131478935386,4.21922422179219
"N103X",7.41801960446327,5.03043619612052,4.27928842095635
"F279R",2.21390341487014,10.0887102049656,4.39860009063406
"V145X",4.381463346619,6.6781808542501,5.61137011398119
"L303X",5.47585807967603,5.03055494936852,6.15900909644247
"A174X",3.4857262991501,5.79815918989506,7.3646346695223
"F307X",4.60609912574129,7.25564310205478,4.77870489678414
"P146X",5.24780964624125,6.89281401449975,4.47199758284007
"D169Fs",4.52853131390857,6.01440554693117,5.91703633599729
"D251X",4.93461472374007,8.090153185874,3.42056769635347
"W206Fs",7.68632311819029,5.43697030235462,3.23061067891199
"G304X",3.5841967742639,8.98802139301637,3.67154476437735
"K124X",2.44549926590925,6.10819859970707,7.62692852690968
"I237X",6.76672793844081,5.4436936603527,3.96906973357726
"C223Fs",2.50075204307473,2.81878517423974,10.7588648225597
"T118X",4.00243975674469,6.96745591882091,5.05892569679774
"S239X",3.50123513882123,8.23300984173228,4.28085021673908
"L200Fs",4.40960434653397,5.51863104479109,6.00675930716052
"V110X",2.99736461372212,3.6147085381716,9.13499110017598
"F204X",5.09641785600293,6.1773149848922,4.43460563665528
"K211Fs",5.74219395528552,5.53282973926174,4.37949742747953
"G197X",2.59379518783766,5.98211485345675,7.0568077266459
"L200X",3.34706738375148,5.41207400060441,6.83604314622169
"P133X",2.19558824403183,6.67054589369028,6.56907593145852
"K296Fs",3.00757903275249,7.83182446791397,4.5942109037297
"A203X",5.00852305888334,5.8176424034174,4.58405938419065
"T309X",4.49271806741026,3.77139990567151,7.12989899085786
"V234Fs",5.36592904486542,5.58125611139288,4.41781278561261
"N207Fs",6.57137460336444,5.14397797905624,3.55207923879194
"E210Fs",5.60797133303918,5.7853008254808,3.8590693030536
"D225Fs",4.37637574780908,5.40296322495329,5.4211134371483
"F204Fs",5.06392908732113,5.97801816268131,4.14882369710203
"I245X",4.50754469195332,4.7155048922011,5.88201593152558
"G157X",4.62016322174954,4.54306362025481,5.92354542667402
"N229X",4.01019728947284,8.46968844682446,2.59436027999226
"R316X",4.16081486637719,5.45480415192181,5.39846839970059
"I176X",4.16323692295516,4.16874538253424,6.64985454479008
"H141X",4.00228401211612,4.20107072417458,6.77028192782209
"L120X",4.67321315778169,5.93063940173814,4.3016512974115
"P165Fs",4.68470023412022,6.79029614225573,3.40155314066647
"G302Fs",3.93408860766944,5.18862406350169,5.71872302901825
"M2E",7.34616364182491,2.07303460602436,5.41390645651606
"G102X",5.81574994302604,4.00753458183627,4.83729273362509
"R201Fs",3.75193169764388,6.75278248481199,4.10885397179683
"T310X",5.63366066692969,3.46318153642365,5.43322298601181
"L266Fs",3.08824917703231,3.91848151018619,7.48283650705648
"D143X",2.96379479891041,5.97451988915339,5.45076319803132
"R190X",6.23076626707501,3.84852975965872,4.29255027832526
"S148X",4.36466160044482,6.03554641528508,3.97080959795299
"N179X",3.67557040413806,6.82437983570105,3.53744875836838
"K126X",2.9982141457216,6.68849277330333,4.3390167269076
"M193X",5.04353997773585,5.193905020259,3.7228036556565
"P146Fs",3.41086369955536,5.64684141501343,4.87481572327347
"E194Fs",4.2820061075294,3.68190124012617,5.88240470542795
"K108X",4.14991179882809,3.36051028626434,6.20098500041783
"T114X",3.701001997717,6.77939715998773,3.22832748469588
"S274Fs",4.1814286493762,3.92506971038293,5.58615295996326
"Q278Fs",4.75751527191122,5.04807435236215,3.85939124287512
"Y107Fs",3.00088781942883,3.69405294873386,6.95027229131284
"P117Fs",5.11144962682326,4.56638410534008,3.8433403519083
"S94X",3.54235155838784,5.14131822049382,4.83088525105575
"E300Fs",3.14574005059174,4.13583260795656,6.20591374060028
"S113X",3.18511586408255,6.37509405226131,3.8665804295558
"L228X",4.54221166749029,5.41505916756589,3.46554307436266
"R201X",3.90553817449721,4.99646314492046,4.48942873748977
"A174Fs",3.71783897629626,5.05455309600929,4.610359496496
"L297Fs",2.99078998383207,4.53502435378744,5.81854502552368
"F164X",2.35313814245809,6.41379526294204,4.57123140810117
"L191Fs",7.75744462285509,2.39153903459507,3.18607394749194
"V96X",4.02292362520877,2.76097022861955,6.54717562801026
"F168Fs",3.79458078420822,7.40399578618261,2.1314377535784
"V145Fs",3.13177424857412,5.44560742402629,4.72905433279213
"C147Fs",4.63581619191385,5.29793898058608,3.32213676810847
"D202Fs",3.34985481340707,5.05353824688689,4.79638168783242
"F233Fs",2.65721903365113,7.37789939230903,3.05087933776503
"I112X",3.53376234981235,5.96830376156167,3.57687752945592
"V96Fs",3.24346432165288,3.81642595994872,6.00550433187444
"R158X",2.34802485446386,7.61454974560078,3.08184187218302
"G197Fs",3.85136232201966,4.01009617372301,5.17661843048829
"D282Fs",2.74730632267758,4.9730089707823,5.27556021687103
"A180X",4.34841948565782,6.23356449318301,2.41088443761122
"D225X",4.06530109092881,6.43152301409782,2.48680716200003
"L212X",6.96195570237325,2.2459194262125,3.76680547158302
"T76X",3.30840080148631,5.16368131527909,4.46760569615456
"D277K",3.4426007880248,5.90174995083844,3.57820380312667
"V308X",3.61536619518544,4.30647503632554,4.91406928486214
"I195X",3.33303666604494,4.37387223727093,5.12381364933795
"I268Fs",2.14076092507146,7.30628843254505,3.33006235917179
"K292Fs",4.44162585550926,4.29584535614471,4.00753744352261
"V187Fs",4.18693733942057,4.9649454363252,3.59270558994821
"V308Fs",3.78471265999614,4.37895904075893,4.57252137123143
"F307Fs",4.0267809164805,4.75345083540369,3.94235232768641
"R155X",2.9594560696077,4.62359036335882,5.09714199847219
"R242Fs",2.62038528205524,4.2640634681507,5.788251813649
"K199Fs",4.10321651614246,4.09054668595701,4.45469007053915
"H171X",4.0213124892427,5.35955073299261,3.25740235957076
"C167Fs",4.3187900774904,5.59838197492361,2.72039847474414
"K124Fs",3.54962746836428,4.97976519848475,4.0939925559371
"A144Fs",3.3886948926527,5.10782119355025,4.1137673054937
"P183X",4.48343070487389,4.22129976894211,3.9036526782583
"E220C",2.90089781766529,6.63183494536251,3.06473277643434
"A240X",5.81987160483582,3.38269636177128,3.39232816159391
"G157Fs",3.06374548628799,5.1530296506516,4.34513389395108
"S139X",2.68205230279288,5.11071872589154,4.70560107738102
"T232Fs",2.69867433236535,3.82941755982111,5.9621904480981
"F293Fs",3.10841120044779,4.83631262010567,4.52996981231449
"V185Fs",3.12390917528138,5.23036455817204,4.08606061951946
"H171Fs",4.08761749855073,4.00053856058829,4.34242586994832
"S111X",2.98051202738075,5.1756561695838,4.27001150790886
"V57X",2.63380678179571,4.30856988200502,5.47415544363581
"G305Fs",3.85486693706489,4.94194053870766,3.60748198404292
"I189X",5.17337954200978,2.89609013774063,4.31701499047166
"E291Fs",3.25565007768114,5.04743100863975,3.96647144860034
"M156Fs",2.94207103306212,4.7344368154337,4.58843322373774
"N288Fs",3.87843320801601,3.2652018290963,5.10404720761809
"E280N",2.04865233249218,4.86489239615942,5.26427379460326
"P249X",4.2968156368125,4.91847374458197,2.86084546095322
"D78X",3.44764661707592,4.7162462850227,3.88939548871483
"V132X",2.29510021973894,4.55433916178938,5.19191867390909
"R121X",4.17930122955517,5.39014878974449,2.37775457611118
"M193Fs",4.71131354576417,4.47332513756027,2.75003264102752
"R60X",2.59641092153214,6.04416391827464,3.27992815780114
"H177Fs",2.64952810391184,3.81027858250417,5.45222563807837
"E97Fs",3.84407688487231,5.12104578362796,2.94335766528599
"G29Fs",2.58453387056836,4.13806240168185,5.18102485633408
"L297C",2.45611819312712,4.21207004114541,5.23191156805706
"Q278X",4.39317365433574,3.51265704982596,3.95591215121817
"E184Fs",3.83017791392213,3.81334284068572,4.19619927404074
"N34X",3.60277790983153,5.19499234613413,3.02937258746222
"K160X",3.17153525271184,3.67766884592905,4.91082369645411
"S94Fs",3.40617673680786,4.60283719831958,3.74935050735214
"D282R",3.21427167704526,3.55391269729731,4.96534996937283
"K199X",2.91647053203239,4.45562274422211,4.33312714284708
"T150X",3.83367067640541,4.44084060415175,3.38780841035831
"L142X",2.99443807120549,3.77310269212013,4.88952314595753
"T118Fs",4.20702428970126,3.56077948080583,3.88429211790378
"C147X",4.50827188725706,4.25940452497361,2.83872770212427
"A236Fs",3.72775216227209,4.39701767323955,3.47654495513826
"G271Fs",3.34798883103625,5.1574596656866,3.01492548156546
"K77X",2.6582396229556,4.20749974743288,4.64264272828935
"T205Fs",4.7515473020479,3.63909438821649,3.0794660036418
"R153X",2.50005718882739,3.40348078534996,5.54805659499214
"R190Fs",6.03686989092567,2.84796582998914,2.56313087274042
"P188Fs",3.26598122457219,4.75516809127984,3.42608801265197
"P183Fs",3.66019311030456,5.02035165167298,2.73661776469658
"G304Fs",3.5726933476935,4.15310443969159,3.57263307723537
"P116Fs",4.36953474292632,3.31974647046402,3.59849212181086
"K77Fs",4.59461862415897,2.83779588763461,3.84783682110998
"G102Fs",3.1493210127644,3.86916157513713,4.25458541995867
"C298Fs",2.37702275376346,5.16346880827098,3.70857543291101
"A203Fs",3.83466953627221,3.80931957535533,3.53202425933899
"S148Fs",3.23338987689854,4.6376722291585,3.27288829570283
"L186Fs",2.62783072006635,4.22977908818446,4.28554703064692
"T149X",2.38139039097217,6.0213450345882,2.72237401274895
"D143Fs",2.64875637067638,4.66983785055059,3.80269431142411
"E178Fs",3.57718047479473,3.92744415555091,3.56838018073119
"I221Fs",3.42929032843599,2.88696446680956,4.63574282304892
"T309Fs",3.30419107946514,3.90234242997856,3.71450768539637
"I176Fs",3.59166246538968,4.50606556193642,2.74667527805999
"D196Fs",3.66536359695056,3.29895579641744,3.76042612695643
"N154Fs",2.63943760689906,3.37765085712831,4.70730076483284
"R155Fs",2.78063874418082,3.66144570397506,4.2681253016149
"Q318Fs",3.06360801985426,2.54090918885165,5.07399870562728
"I241Fs",3.57942672748534,3.441336922567,3.63752609643387
"Y107X",2.11867897083263,2.73496514019068,5.74519714070159
"D78F",3.90322880255305,2.72471515983936,3.93405049932508
"N75X",2.83642235592358,3.75764589049516,3.96543397358046
"Q243X",2.79627370898874,3.45067791556729,4.29292901751529
"I311Fs",3.47818607517357,3.78090592434778,3.2654711559654
"E97X",2.4444491372195,4.68665531229592,3.35677401023216
"Q243Fs",2.25907424232398,4.23369061469263,3.94151475079171
"I189Fs",3.21510782368043,4.38452156482083,2.74131139312055
"Y313Fs",2.31019331174339,4.82710231346651,3.18931599372996
"Q198Fs",3.42582659568441,2.58137230492094,4.31602647528084
"I245Fs",2.58701410765189,4.07074996454848,3.63627499995195
"L166Fs",3.27183739846748,4.16962396559271,2.85185721024514
"Y119Fs",3.94355080927718,3.59377090227467,2.74202312039616
"T76Fs",3.22738717040812,3.10450565337775,3.9200121197032
"L275Fs",2.89240787567077,3.57700886050531,3.77816755491882
"W349X",2.45199852894949,5.03614057823094,2.75844899676454
"S219X",2.67075709774485,4.3608039579027,3.20765566387806
"Q244Fs",2.47802700963593,4.04670136665184,3.70685062869419
"L303Fs",2.51732597422952,4.0763380744763,3.62697041032751
"K77I",4.25708647944939,2.89387261219903,3.05895598244669
"E220X",3.15398458314533,4.3402889506258,2.71445073171629
"L319Fs",2.2161889234947,2.96529294772527,5.00872702816574
"I99X",2.89786993509917,4.91293470610315,2.31830146970091
"V57T",2.6092358003224,3.53011720262725,3.97263375170779
"A180Fs",2.61290991533591,4.41906664653278,3.00740484249595
"Q244X",2.07887476667367,4.24704656725401,3.64161136903578
"L301Fs",2.75735709193109,2.80615105002685,4.37287694538599
"D159X",2.19929339941093,4.55514849651418,3.17769835882998
"V276Fs",3.06938210568162,2.42197803923094,4.43003212163167
"P290Fs",3.00744702673641,3.57624169544601,3.2959681798714
"Q182X",2.99931199958837,4.55914062782849,2.30566336255347
"E306Fs",2.27839526729679,3.86891596927235,3.70553727158669
"T83X",2.54877499425684,2.36501291557494,4.89704605887477
"D172Fs",2.86064970696461,3.97023459167099,2.96265729382011
"E95Fs",2.77302590295002,3.51756460576587,3.45014739209656
"S138X",2.47621929600373,4.48971264246969,2.77299555516149
"H79Fs",2.67846590473609,3.34951867630112,3.68335859499312
"K126Fs",2.03375306735546,4.1347356853175,3.53564768183787
"I315Fs",2.48448500150048,3.66996668433959,3.54016398977108
"D78P",4.20816686454086,2.93958617733162,2.52427261393514
"T310Fs",3.32296910493847,3.15683613239002,3.17632520310848
"A294Fs",3.160803012797,3.24308891666282,3.25048329589727
"D78Fs",3.06729116487041,3.21671491288439,3.32784138426682
"E300K",2.84160757663425,2.54242290653633,4.20653902480465
"H141Fs",2.79872787393937,2.97221551587828,3.80479827671295
"S87X",2.27852877302851,4.37862086280518,2.8888834791736
"H140Fs",2.04646022381499,3.88496683050711,3.60724687363456
"S181Fs",3.30676112002478,3.78172849277435,2.44738201794532
"S30Fs",2.26965431852523,4.101085287101,3.1578204026329
"I195Fs",2.38117435704927,3.18402302486427,3.95437975511796
"N152Fs",2.49419894207147,3.12951065742305,3.87410042545424
"R158Fs",2.78399116655197,2.92296494046648,3.78396408980612
"D259X",2.05682437982267,2.26926751416022,5.12571431258132
"W281Fs",2.11440740648409,4.79654647313015,2.53400017186181
"L222Fs",2.20954286408275,3.22744255321112,3.990269787302
"A125N",2.16558008614121,4.25761857816279,2.99484721045347
"E98Fs",2.82822733940536,3.41984394466686,3.13057141436841
"H322Fs",2.01046489008099,3.69483591719163,3.64087664807066
"L142Fs",2.13179870741576,3.65748969033317,3.54133642110588
"Q278P",3.25249599568416,3.19534652654268,2.87771522159805
"R242X",2.41220182566627,3.12891413601497,3.76645515074311
"S299Fs",2.82008112515672,2.90040113285684,3.58132875765974
"F164Fs",2.33919697814747,3.75388841815582,3.20580581802601
"L295Fs",2.89298505174933,2.13246803647271,4.24206870301181
"L135Fs",2.75948510825455,2.97190638040629,3.51710449106666
"L84X",2.44842479090529,2.63028793893003,4.15704661780387
"P334I",3.54730589402307,3.02786212506071,2.65439276602205
"L54X",2.12648534176488,4.69583882759389,2.40481789997031
"T150Fs",2.96361893330667,3.40850223730518,2.83809755218759
"A240Fs",4.05355460620818,2.88022332857357,2.25731541325691
"N128X",2.61700219249755,3.93993403835204,2.59917850083633
"A125Fs",2.08325520833353,4.27791240209124,2.77749545648928
"R153Fs",2.33834175383352,2.33773111820897,4.43523915945228
"A55Fs",2.61720063032864,3.26834680986345,3.22453923783275
"N75Fs",2.44477744417079,3.08080833910887,3.58149910933735
"T56Fs",2.43662455000782,2.97540928997181,3.66466936447727
"S314Fs",2.26425018053167,3.26845540727718,3.50298601334004
"P74Y",2.5134039904997,3.70844037325256,2.80758154782371
"A294F",2.89741689254198,2.89077126505804,3.21355675196691
"I151X",2.60372831093292,3.69037838710259,2.69298836581665
"N137X",2.37093932348832,3.14846290414586,3.46604652396431
"I253Fs",2.08603379874602,2.93065079023844,3.95443515312929
"R60Fs",2.31913640129773,4.47375615173628,2.1286901781048
"H140X",2.77355921345674,3.14495696251856,2.97362914855156
"T149Fs",3.09619001594736,3.26646860930554,2.49083572521352
"V57Fs",2.16153422495792,3.96116185315819,2.73003704604482
"N272Fs",2.58621864983065,3.17922873827203,3.0254633095895
"Q182Fs",3.28837539357039,3.26707924444208,2.19394821204177
"E115Fs",2.53820566947308,4.05246507389703,2.10774875059646
"N229Fs",2.64293961139693,3.58191005523431,2.47343470681182
"A312Fs",2.81162014615328,2.73173053650504,3.12621725560254
"D78K",3.21071448459095,2.80144585470342,2.63756726461977
"E122S",2.79815476716977,3.60319149623284,2.22257009823097
"S111Fs",2.13292629037357,3.67206983349973,2.72601901132151
"P74Fs",2.15470694024694,3.36250021994759,3.00598798513441
"R121Fs",3.08767576407282,2.82672993289895,2.48186065245663
"H269Fs",2.95990203063187,3.07972760231418,2.30183290796647
"T335X",2.56491588853183,3.20852945316241,2.5073075558859
"K124Q",3.53144834110558,2.1188747134456,2.59998719210133
"S219Fs",2.86820043033741,2.98216641113694,2.35852555393601
"I151Fs",2.81081495211972,2.99784459769633,2.24407922528234
"Q323Fs",2.92780751747901,2.00587003212262,3.08241961757034
"L120Fs",2.68037789632768,2.87949768836743,2.32554191228862
"T134Fs",2.10853279369841,2.48328878291927,3.27645029607746
"K161Fs",2.14830453593896,2.32006257455019,3.32787762375042
"P48Fs",2.17638938880264,2.65047435718213,2.85241695787263
"G317Fs",2.4403041691956,3.08638305151926,2.11861138070958
"S289Fs",2.39339127895926,2.71623381649273,2.51165214688682
"D159Fs",2.38766096102011,2.88900314245216,2.33148961554498
"P173Fs",3.16429399690437,2.13243055267875,2.22161718346022
"E122Fs",2.59756255737792,2.55763339449167,2.30658840467204
"A85X",2.46576067979814,2.38431645504501,2.55083385120968
"K161X",2.04659554177947,2.54875285741774,2.78527159808134
"P74C",2.39054160479528,2.92780027413763,2.02902360383812
"L84Fs",2.1254972017961,2.44913041320885,2.75249852046308
"Q123Fs",2.48851195151676,2.66390992594064,2.05896960321799
"S113Fs",2.17561208608958,2.88866967677807,2.10160410645464
"I263Fs",2.15904049052957,2.00930869977437,2.82149156282928
"T82Fs",2.04475588376176,2.2413266901899,2.59190100075871
"A85Fs",2.05176304572177,2.71598890675807,2.10946518281009
"N75I",2.18304939756897,2.0247376350674,2.12258502064678
