1	-0.56281747743112	-1.46808467815855	-1.19802646105606	-2.02075312225939	-0.464509569450924	1.52122911674613	0.253239849592084	1.29363362004186
2	0.37550227311939	1.57942799912571	-0.738760260180156	-0.108903165191507	0.0661464387714727	0.655343926896304	0.799758699294515	0.809897854560033
3	-1.0474740378808	-1.05063028953302	-1.13783997801706	-0.854913462616507	-1.51480851326584	-0.295771461359787	0.166781026333987	0.612814616749714
4	-0.2171644651146	0.43225864949864	-0.31820320784548	-1.36106240192972	-0.21656448450668	-0.0303262617166295	0.100063427009369	0.612311777540382
5	0.0932818604398086	-0.335999075365766	0.317081186830372	0.1272039712957	0.125923110664717	0.142189788238017	0.183292180975811	0.222296317722383
6	-0.0393091038555155	-0.170054196372753	0.127129684481348	-0.0668310083892788	0.400021190768703	-0.0967647584709033	-0.42935553515021	0.280714119095268
7	-0.0577161356829466	0.154798643623466	0.278929318762173	0.138721656499435	-0.510293433676986	-0.562347377016145	0.153894377710377	0.374523272811546
8	-0.216466552111542	-0.383814025731578	0.496186482986047	-0.0504924672880564	-0.548277891511426	-0.231819655811883	-0.580581755312357	0.40158219236997
9	-0.208175496406111	-0.735950255978869	0.383195201294886	0.927997788725378	-0.307620821889574	-0.942425700063975	-0.574249190524511	0.721412214568834
10	-0.913952552879136	-1.39926000640302	-0.819126489998845	0.277849237851714	-1.61085420025101	-1.21443177850445	-0.717892079969203	0.675174969206673
11	-0.762151796798109	-0.559614891885006	-1.19539713354582	-0.212562729347854	-1.78496763165861	-0.484909490885036	-0.335458903466327	0.605946072877032
12	-0.481724102454772	-0.92055076832615	-0.0351857672098229	-0.209412098540647	-1.05055021578518	-0.716563881525457	0.0419181166586229	0.473082064271601
13	-0.460941677886157	-1.16976316724901	-0.351320525058793	0.342781685534019	-0.961268165216402	-0.211068242381049	-0.415011652945703	0.54319220184454
14	-0.897121909471451	-1.49642572772651	-0.635332275297325	-1.18298986249503	-1.19704054660172	0.161367530443191	-1.03231057515131	0.589583993055985
15	-0.819778333752113	-1.0421431405077	-0.953900513551676	-0.487709690022556	-1.62825456384488	0.0159878455822831	-0.822649940168154	0.553145842940839
16	-0.887632870464864	-1.34346614951703	-0.735293857459427	-0.888644316215443	-1.71295977557539	0.0614908337692345	-0.706923957791128	0.607560399228839
17	-0.391810363616981	-0.418990980335391	-1.44104363571332	0.328896108824933	-0.555359700965723	-0.105634239316441	-0.158729734195942	0.5973305289866
18	-0.979808380938108	-0.321780949712366	-0.894813571517189	-2.51139963875459	-0.528694280177566	-1.1757719318802	-0.446389913586741	0.813933278028147
19	-0.489004523350904	-0.295241291613151	-0.480125640857344	-1.11293943825036	-0.596785704047832	-0.922842623543982	0.473907558207239	0.557485382671255
20	-1.42559932459797	-0.917168045384391	-0.828005235488997	-1.93564329952484	-0.648364897380456	-3.63246838867969	-0.591946081129466	1.18702216226813
21	-1.0216823716432	-1.24722855209092	-1.58907904485418	-2.24413976260152	-0.596204957766352	-0.188752982253553	-0.264688930292661	0.814254702739892
22	-0.979560125445542	-2.04942041805819	-0.953974405752873	-1.52035580653779	-1.03580661495499	-0.0170061970940127	-0.300797310275405	0.752078232004386
23	-0.826262794351993	-1.34593791747852	-1.05283610977854	-1.14824862882392	-0.652453003237184	-0.000543222384863061	-0.757557884408934	0.477873539365337
24	-1.10714679529636	-1.40958408607827	-1.98838372483348	-1.8908572364345	-1.3264159936082	0.362869359589331	-0.390509090413003	0.917043616563376
25	-1.03812495323886	-1.40884865467093	-1.32744692165138	-1.78431853475156	-1.23453889783311	0.04904506596748	-0.522641776493665	0.672932109369117
26	-0.499674829588661	-0.630419138562951	-2.10933800937842	-0.37814854427793	-1.24138609621101	1.13219589570333	0.229046915195009	1.12845481195673
27	-0.371201508005204	-0.664424772049966	-1.3797326708719	-0.764451557531082	-0.545943359117756	0.899571951227288	0.227771360312186	0.807704028305261
28	-0.472379830469057	-1.08636268157977	-0.973197006568412	-0.236503554564766	-0.880056050221938	1.06359650537238	-0.721756195251833	0.808831524929364
29	-0.13981067834169	-0.346689914068692	-0.824389251310659	-0.114469578941979	-0.635307455601592	1.07149084737011	0.0105012825026707	0.670440323981421
30	-0.69619227569867	-0.892415957650354	-1.15920535600215	-0.492525160412677	-1.06978287708336	0.347764261031868	-0.91098856407535	0.560342354862721
31	-0.518642094788045	-0.7584627458976	-0.729328355986267	-0.592214016291209	-0.890644896689602	0.133342031778044	-0.274544585641637	0.382195879851733
32	0.268332604785124	0.0704673917893396	0.400441892008465	0.25961118671826	-0.0339593127937866	0.651055887816802	0.262378583171664	0.242723107511039
33	-0.243812928920785	-0.532962143526889	-0.48711989415122	-0.273842828490585	-0.715214004809001	0.384437790238591	0.161823507214394	0.430154902633559
34	0.0312912447819971	-0.0294088624958595	0.0503803871137867	-0.0468587319288663	-0.188404563646176	0.572333677055061	-0.170294437405964	0.279923656114471
35	-0.26430295776295	-0.261641035289662	-0.442299765085375	-0.0018173658552418	-0.871509409983086	0.433250322755099	-0.441800493119432	0.444381427389636
36	-0.196155485917917	-0.0472113335026407	-0.66808961632709	0.53234133992264	-0.440622263810585	0.432501546586448	-0.985852588376274	0.608967814073138
37	-0.137885919391825	-0.239076208070942	-0.315355820031662	0.113502217465476	-0.00530490827057489	0.425358536356167	-0.806439333799414	0.42112153705682
38	-0.223706717524312	-1.76307775479782	-0.357640733739069	0.860993203040878	0.0811668855021771	0.837937050830283	-1.00161895598232	1.03820597996942
39	0.0749663423600639	0.0543672564455832	-0.0417857593904971	0.499271101244552	0.315231583759074	0.636931883848421	-1.01421801174675	0.592274449439044
40	-0.216715639318486	-0.177420221680404	-0.130019725798567	-0.116611092502361	-0.973237800674838	0.31550457857967	-0.218509573834416	0.418250783794976
41	0.285009684949516	0.234135719671955	0.353101480761004	0.274967199883178	0.0840375989869716	0.375520047672629	0.388296062721356	0.115391061556636
42	0.434984436514841	0.384767199031976	0.344998632757151	0.812128606847603	0.141202906022594	0.203171118996278	0.723638155433444	0.274307459729838
43	0.232011517805325	0.404841186870436	0.33482286405004	0.480191560800526	-0.975186259434051	0.858824424271086	0.288575330273915	0.625372522442685
44	0.171069669405789	0.459503163803993	0.47194384225471	0.359957021883826	0.262890074744367	0.122892274148956	-0.650768360401119	0.423217999615238
45	0.282223801097696	0.516414138191569	0.992912782302476	0.0698558727390585	0.649898279580355	-0.311772218716388	-0.223966047510893	0.519474356538651
46	0.281413989532898	0.376861535967924	0.752875535433594	0.246086699465144	0.884308196289173	-0.513109709080478	-0.0585383208779667	0.51825691435027
47	0.407653603112998	0.361774539033148	1.54307736667163	0.40893976968856	0.0765501762312942	0.209341010564225	-0.153761243510871	0.592526397600119
48	0.093733381814689	-0.0843226828594513	0.63516713693533	0.0893279430045153	0.116103758986551	-0.264387757093785	0.0705118919149746	0.301384904314555
49	-0.470956812159029	-0.912106801163482	0.251260509832156	-0.858258387993651	-0.680735829746654	-0.109518702862978	-0.516381661019566	0.456710377283518
50	0.546516135435794	0.305671484336222	0.809821039657106	0.530100779941443	0.357981268865735	0.565102685183363	0.634109052968368	0.184498188942288
51	-0.247330407027292	-0.14658086313654	0.460269053001074	0.612157982401581	0.0418831588691322	-0.788391889014005	-0.0115685967475956	0.495344260863217
52	0.681439031744465	0.365778747190883	0.689126247873213	0.217366578304765	0.595238907266579	1.24699033613093	0.940106962461466	0.376578975037681
53	0.5652709052258	0.549945022756497	0.574550820284486	0.253974501596567	0.50036386437559	0.652635281109523	0.860155941232136	0.19800459236866
54	0.380050944027728	0.371239944679611	0.432672139699847	-0.0584741848867263	0.624546445960259	0.324146094730464	0.586175223982914	0.245169954953762
55	0.684165770221978	0.487643447662635	0.71507202806493	0.847573936198485	0.22517624808015	0.860960222300379	0.968568739025289	0.278959193120285
56	0.00950643576983482	-0.718666057400833	0.664341426798387	0.399111453848707	-0.0730073273168072	-0.209989232739948	-0.00475164857049693	0.48291330028491
57	-0.543178542398035	-0.96112904703627	0.0598864055674962	-0.628858787817763	-1.02652653782079	-0.408212430049762	0.0449210072161216	0.474181950761277
58	-0.990875712044793	-1.97652251836737	-0.576456314770626	-1.10611003893559	-0.226126392019693	-1.25789910043364	-0.446110144547734	0.646267491212039
59	-0.0506997211984863	-0.35684671151086	0.257286130908419	-0.0104112527626923	-0.181077268508535	-0.0531121212079913	0.039962895890742	0.207570836158696
60	-0.312811059004755	-0.116801202312972	-0.0488130054210635	-0.117066586534503	0.0412635728573962	-1.41078471600006	-0.224664416617327	0.544998268193049
61	-0.300111513751748	-0.812983773026646	-0.128598411370742	0.0839994700209571	-0.512750202342782	-0.0763986415511132	-0.140396805389913	0.332616131854774
62	0.320637031537969	0.381841601509411	0.371683769120067	0.506101061285312	0.215821219267467	0.373723633130565	0.113191354047532	0.139527319888812
63	0.795417036309771	0.840618116234403	0.942359928937422	0.755906375038167	0.482016092663534	1.19711528208769	0.554486422897408	0.261849436238813
64	0.0442922763959166	0.239698260111713	-0.0288163594963692	0.0129164989139683	-0.22239167632866	0.204865372329561	0.0594815628452864	0.168313739622127
65	-0.838400709277049	-1.02214629697139	-0.325791114376726	-0.617706023223434	-0.860821963260794	-0.889705698494674	-1.31423315933527	0.339054160071972
66	0.439049339064001	0.271823123932638	0.487331845613652	0.437190765690818	0.313045351930909	0.715160784538107	0.40974416267788	0.157017572404569
67	0.263385516475913	-0.085199354712718	0.424174650446362	0.456590243493113	0.0581734380943903	0.718736046746853	0.00783807478747533	0.316054812351133
68	-0.958179226252031	-1.14407685607389	-1.24808152584736	-0.372484411045112	-1.43460913056946	-0.636962778196889	-0.912860655779476	0.398461772746913
69	-0.145684905467754	-0.348822898405131	-0.197726594749526	-0.246500726544689	-0.0333867534460989	-0.00709111430934485	-0.0405813453517355	0.139286096665492
70	-0.539805998008902	-0.745322742737239	-0.615758270464791	-0.654979155100095	-0.678468839485542	-0.292911567077782	-0.251395413187963	0.211960206282798
71	-0.206072779718496	0.164044179523635	-0.584086301492299	0.208207314616897	-0.709076751403838	-0.341091748968729	0.0255666294133591	0.394058045515276
72	0.0354558228854719	-0.0612254503141974	-0.0313115873938137	-0.366183050511384	0.2692952800291	0.234781041004309	0.167378704498817	0.23955543044353
73	0.0381027232506981	0.276369124503105	-0.149221422805679	-0.73871705290907	-0.136954610103607	0.401941616766122	0.575198684053317	0.478916706703905
74	0.0801177637355341	0.427528223233773	-0.327670937330783	-0.665951030301591	0.0705591674751811	0.431082895653284	0.545158263683341	0.486443183670685
75	-0.11243582197148	-0.520797933972017	-0.523528052926133	0.00514359870976023	-0.247952117750115	0.553230398164317	0.059289175945308	0.41001146691221
76	0.137943183150372	-0.0251878718483502	-0.248921200401338	0.0315763340429138	0.0354241077646163	0.758809987870525	0.275957741473865	0.347166665244658
77	0.731926252687419	1.20675895031142	0.603296699871219	1.10302157392935	0.409556535271865	0.785705015075614	0.283218741665045	0.370911366899619
78	0.47306183302312	0.458425099188408	0.465740812683533	0.123617711003584	0.507704498880778	0.800628805387895	0.482254070994525	0.214924990939183
79	0.362171980274817	0.153295508803277	0.30676921130079	-0.320089148516761	0.604488105171765	0.441807688708235	0.986760516181597	0.439851994342026
80	0.417072439757654	0.767902170781611	0.0476603202763478	0.159933782058236	0.626829482009422	0.280530937587676	0.61957794583263	0.293024634477444
81	0.251613651223588	0.512058638437499	0.106323551888835	0.313299260399851	-0.170392540780702	0.495431157478688	0.252961839917359	0.257015150825073
82	0.482737945163718	0.702672481378363	0.335415565785634	0.0817643822427841	0.433616282880488	0.738192939758916	0.604766018936125	0.250366101780885
83	0.253280530573115	0.255478798003662	0.0835914615349775	0.651699175492984	-0.0735334867674158	0.639220692808722	-0.0367734576342426	0.324784591993588
84	0.113266854415715	-0.106441097605571	0.195877097798431	0.593179778839624	-0.0522174943120534	0.108754276386211	-0.0595514346123514	0.261795357322914
85	0.329525211076993	0.054497685909412	0.224892648110119	0.65697061915159	0.0739802328651886	0.361336925662319	0.605473154763327	0.259334184711853
86	0.326653755729685	0.131492059807658	0.402572647817828	0.940238577664993	0.258974244432839	0.270805044664046	-0.0441600400092571	0.33631549632089
87	0.385286157390556	0.0199636595603736	0.421405685673136	0.726356535618384	0.125366427718974	0.483327088359972	0.535297547412498	0.264865195072107
88	0.467264973664672	0.164326227488367	0.598538056454002	0.716688899792339	0.279741214639175	0.460519091677007	0.58377635193714	0.209762899252761
89	-0.00680240425777828	-0.576121011342704	0.0972291863378511	0.516840210622481	-0.318094963799601	0.420732076616408	-0.181399923981105	0.428793871269077
90	0.757254893000806	0.426411555282611	0.64794210863411	0.867520854280067	0.433653171454047	1.32866825784768	0.839333410506322	0.338092700869129
91	0.735822111402306	0.587697781773165	0.724480015564438	0.705320396831561	0.329794973225045	0.975547501553911	1.09209199946571	0.272856866330427
92	-0.7994381884325	-1.04854586582681	-0.892043678812039	-0.794213709484148	-0.821939530739743	-0.500374692116465	-0.739511653615801	0.181214889992538
93	-0.166816165443955	-0.555118103795375	-0.391029533891259	0.152935621194194	-0.187229427585692	0.282310044821478	-0.302765593407078	0.323698790840622
94	0.222069031045548	0.0122217086112197	0.0300397659219264	0.348641718418537	0.272489597656542	0.746032440422732	-0.0770110447576663	0.304453793614594
95	0.149073377665328	0.0659549457356415	-0.399988165466596	0.432980445651034	-0.416893664439315	0.842947631578326	0.369439072932876	0.497859756913098
96	-0.196739529545281	-1.3395345093388	-0.0853512268359201	0.127227759758967	0.41181821227598	-0.783178787182529	0.488581374050622	0.722116443974948
97	-0.435520920669816	-1.45128610705912	-0.268515521567571	-0.319845252266379	-0.887329833081679	0.483042647853872	-0.169191457898018	0.662098524838177
98	-1.18008370493065	-1.37585321591713	-1.31635107964873	-1.49441214387239	-1.20986518422172	-1.12569532823765	-0.713467638631688	0.273225520904773
99	-0.613813556019142	-0.31420792048235	-0.837622173803911	-0.507298930825226	-0.414397932668353	-1.03391742492931	-0.575436953405699	0.271634244806564
100	-0.0441798157859536	-0.19483345262026	-0.124050734882637	-0.296400468577749	0.270278158037252	-0.0787832972739151	0.158710900601588	0.216303953145478
101	-0.934629853514669	-1.28049348683464	-1.1187300745744	-0.565107391957364	-0.689393840618213	-1.16210468167211	-0.791949645431284	0.29062158732215
102	-0.851509663722756	-1.25586779688194	-1.16160875977912	-0.968310538273377	-0.905902773864578	-0.579688471328641	-0.237679642208876	0.381298324124284
103	-0.452519121760822	-0.816564816660346	-1.20407852041873	0.0431823963085817	-0.0258523761660197	-0.250678637294393	-0.461122776334021	0.482897278629803
104	-1.00613379005523	-1.61525354944578	-2.18690767173142	-1.51071211635849	-0.329055735031078	-0.513369157256015	0.118495489491415	0.892848903303387
105	-0.746023849121577	-0.485799907189326	-0.365701869140499	-2.9991284455721	-0.407711551627825	0.267946875540148	-0.485748196739862	1.14010323105298
106	-2.51271408681988	-3.76750722823504	-3.24029442160662	-5.42263751245871	-1.70901230879587	0.01406097427004	-0.950894024093107	2.00206613177853
107	-0.00855419462763424	0.355795950073752	0.0642254778438105	-1.00362056216129	0.159149346306548	-0.0514024594200768	0.424527079591456	0.518791832237637
108	-0.519100106818549	-0.410303419363776	-0.702065875689289	-1.24874752043456	-0.432341349253143	-0.476969793064974	0.155827316894444	0.456624049433941
109	-0.663656557365224	-0.693886612684038	-1.21526119694436	-0.368158445586503	-0.622194094766547	-0.262067189770506	-0.820371804439395	0.34060343314476
110	-0.368463565829185	-0.441496680028035	-1.01698068165735	-0.0269436851917431	-0.328802167841572	0.0477752335266277	-0.52149905837631	0.384655512877867
111	0.0984074133009212	-0.193469811517482	0.029266211814831	0.295746375871446	0.114031158399037	0.832101122049532	-0.487230576811836	0.449541522307014
112	0.25718794418364	0.279451931543257	0.2640093362886	0.557040991220202	0.0108358400929924	0.158809232790352	0.27298033316644	0.179483256007677
113	0.218661285508368	0.398064381333345	0.114530489775541	0.610185394619771	0.136965913744397	0.146072954014074	-0.0938514204369175	0.247356913160332
114	-0.389185594473761	-0.242162337751197	-0.477926372457363	-0.227895082224471	-0.571122218232577	-0.147615107436958	-0.668392448740002	0.212093892310593
115	-0.0700356884915992	-0.123223002568982	-0.355617549316304	0.458812911401909	-0.995094334994194	0.387862379616729	0.207045464911247	0.54886151933576
116	-0.581972882598407	-1.01616643758742	-0.392384917264145	-0.355889257926923	-1.2527392061942	0.145759865982606	-0.620417342600353	0.50131463889867
117	-0.956110998934592	-1.51619372026663	-1.0921094089494	-0.955207904664611	-1.90500858044536	0.0513389134136502	-0.319485292695192	0.728401437913573
118	-0.727702929787972	-1.52861235544181	-0.571824926294811	-0.664006940469836	-1.11542748726633	0.157315333991657	-0.643661203246695	0.56753179833816
119	-0.0446483227159613	-0.0710737487191299	-0.314694836189626	-0.17932510547092	-0.545900067627149	0.783107094665525	0.0599967270455322	0.455882482140398
120	-0.0894144942366662	0.0644544544887886	-0.174797676665686	-0.216303628622196	-0.355650005819396	0.461782377082905	-0.315972485884413	0.307601903702937
121	0.00471904935812137	0.15578123679599	-0.150751527719291	-0.318312717476648	-0.126781427313738	-0.044186184327177	0.512564916189592	0.292893130304976
122	0.917402278813165	0.98817841287209	1.08504355009493	1.41950195408071	0.569142812754325	0.859508166496556	0.583038776580378	0.323002252765815
123	0.815604769489219	0.573554620922093	1.04264608848611	1.13939717049921	0.827944955880396	0.652170967848666	0.657914813298837	0.230957383041637
124	0.517045208086968	0.234119817345251	0.326279501656132	0.456240249623173	2.11042211075701	0.176709210400561	-0.201499641260321	0.811310152809305
125	1.02914920410983	0.782584057158215	1.21843488387213	0.491804958514298	0.880411246198299	1.3538452253074	1.44781485360866	0.370996951713754
126	0.0961050551887437	0.0522694557824493	0.0115392386614752	-0.269980102378908	-0.0158033601768356	1.17575753517015	-0.377152435925873	0.555920300681188
127	0.0528289726664738	0.30080496616351	-0.272951896817844	-0.030011441061314	0.136152087722425	-0.405123677321956	0.588103797314021	0.368149510784656
128	-0.027017234088468	0.360842215766936	-0.381083484796219	-0.246274339974392	0.162834379538651	-0.563507865160584	0.5050856900948	0.431479059877351
129	-0.00922345350179567	0.155833043040991	-0.368946471590074	0.179409495180653	0.00246146426516013	-0.16248292807517	0.138384676167667	0.218009105276086
130	-0.0571624399561178	0.25075029484336	-0.440459967173853	-0.503370546823527	0.225802085788163	-0.355724830320439	0.313656611541822	0.385468768176908
131	-0.267979348625803	-0.90796814152792	-0.525232779297791	-0.163370679111462	0.340716696628075	-0.385761916795657	0.0580763256586644	0.442109752081195
132	0.0250144143852522	-0.32861349619553	-0.220181911406117	0.358750622423176	0.386551399149082	-0.0332451490032928	-0.0131749786558044	0.293978023565721
133	-0.188089210671724	-0.554015329803643	-0.638665480025002	0.0233998280920677	0.22685408206545	-0.0145774645593741	-0.171530899799841	0.341820699364434
134	-0.342393337704543	-0.449412591326671	-1.07384289543573	0.00420720555242229	0.0289940309086382	0.103549286165406	-0.66785506209133	0.471024892787475
135	-0.134160357092776	-0.164876532528013	-0.4728594672676	0.153793104104649	-0.291648833030827	0.0919214477810573	-0.121291861615924	0.234375326007795
136	0.382145666561793	0.599083370205809	0.0437286296361136	0.507540206250689	0.244602760863724	0.42256455283507	0.47535447957935	0.203249338905329
137	0.0199280135763719	-0.0233139988964617	0.0708069413382604	0.383491054444249	-0.154287153503707	-0.190496579777418	0.0333678178533088	0.205643713196318
138	-0.0770006764465268	-0.365749943560554	0.128050797469885	-0.116296135333837	0.0607728059463035	0.120348361801438	-0.289129945002397	0.214426388874802
139	0.166536909487367	0.383440615093141	-0.104872156682288	-0.0446730289454359	0.359711009612969	0.44189915514064	-0.0362841372948231	0.252822749413799
140	0.253199824665453	-0.0604391713890458	0.015545049427817	0.0815670857370711	0.5315128083085	0.454178961924627	0.496834213983747	0.268892341001977
141	0.16528867858637	-0.173211348718697	0.210768947566344	0.372833111737387	0.276487388873376	0.254074066000399	0.0507799060594074	0.196512428236681
142	0.394816898311213	0.59400033741928	0.307256744041901	0.480766826824437	0.0738868566532557	0.954951043751231	-0.0419604188228282	0.363936530326709
143	-0.278281386512779	-1.92886493168878	-0.159130110256947	-0.110625502601388	-0.324806538237508	0.630627414902295	0.45225521263537	0.907738280745637
144	0.0212691120872432	-0.735681313187074	0.297715865589749	0.170626248805328	-0.176452368328623	0.224820843843728	0.346585395800352	0.414261290468102
145	-0.220428685763826	-1.24931481925943	-0.213878298276082	-1.02384523418776	0.254146498625521	0.755602681724996	0.121735247276768	0.774452248577212
146	0.116096217988151	0.058064456095822	-0.0563939577910509	-0.115257949741208	0.136589046515055	0.424730859377098	0.248844853473188	0.199971395536396
147	0.241915714274761	-0.2502120416597	-0.0844230733656346	0.162383444822297	0.486619903114359	0.416233825943517	0.72089222679373	0.367341137908672
148	-0.0987675882010397	-0.4725287873764	-0.594949793271907	-0.188837554771128	0.362422765395556	-0.241419582537247	0.542707423354888	0.455750619901994
149	-0.128924204776263	-0.569439133487872	-0.343935980567857	-0.00751305364440998	-0.48690678507989	0.520312458376631	0.113937265745822	0.415611741945029
150	0.0446506328412666	0.0398862793916413	-0.19687106800034	0.58580005415659	-0.353498116909883	0.0882708517457668	0.104315796663825	0.320993211588899
151	0.330200870277258	0.390285857979433	0.0566954749196012	-0.080284457286648	0.533045277712474	0.757678922394733	0.323784145943952	0.306867438547406
152	-0.523103630456631	-0.135856315557932	-0.705341563726276	-0.934452563457985	-0.820611226828496	0.153602412737545	-0.438293175714947	0.423071663336115
153	-0.211302942449672	-0.0819401995247374	-1.09739537769583	-0.750945398138962	-0.26961054497226	0.704272514030429	0.169681226369487	0.644883344715698
154	-0.0862620005796518	0.0742596611402538	-0.335766365912047	-0.230920498812932	-0.287003651869088	0.566405080516266	-0.111767228676561	0.337542235031377
155	-0.365487736435576	0.00106168723361733	-0.627674716902541	-0.928938976285841	-0.604126229409562	0.203004884070562	-0.236253067319691	0.428348358700655
156	-0.488073661785264	-0.301876722682399	-0.363942956695903	-0.638573047802762	-0.228544616127429	-0.843512032803869	-0.55199259459922	0.232596297637517
157	-0.41502133674491	-0.601292667478081	-0.466743993805944	0.0727237893695776	-0.0215662593285782	-0.682432183373571	-0.790816705852867	0.358554087478397
158	-0.71801562448052	-1.06185855933124	-1.11274846381149	-0.76735541701535	-0.859227553639601	0.420841775622645	-0.927745528708082	0.572258685011298
159	-0.759194369092336	-0.62193495017262	-0.399632323228576	-0.758614320442215	-1.06604957013176	-0.7488300507026	-0.96010499987624	0.237805788166296
160	-0.0926120308699294	-0.615025630482405	0.320799933898313	0.68137455792857	-0.650128565265503	-0.326184780612721	0.1263054410326	0.539397946446218
161	-0.232326042317089	-0.649830140324978	-0.0449889596443734	0.112398207375073	-1.04800323329412	0.236267077035224	0.000200794950636968	0.503431660537509
162	-0.192392639040423	-0.856239855505678	0.154787059569409	-0.0210554017575784	-0.562088820362016	-0.141714642377402	0.271955826190728	0.434843958635111
163	-0.408840409078024	-0.619072390025994	-0.66089697126578	-0.19427711835042	-0.854087532832021	-0.270291374218973	0.145582932225042	0.368400184510354
164	-0.42786306995577	-0.833882147531408	-0.350740689748366	-0.269480700369991	-0.657482801900833	-0.279366578715133	-0.0953042919929904	0.275740720314837
165	-0.489167381285097	-0.904912231748861	-0.499730048859864	-0.16481837574685	-0.645289359056543	-0.0253999695601405	-0.694854302738324	0.334639812875074
166	-0.775167054110951	-1.17441756333705	-0.508689067334424	-1.07001101115707	-1.09866273539809	0.0701266138074662	-0.869348561246539	0.478619983427587
167	-0.456559910459561	-1.24311915124245	-0.457682012403847	-0.379924418420392	-0.452404299934828	-0.239122031340372	0.0328924505845207	0.426944917084188
168	-0.167592219805079	-0.330665982230838	-0.0863091442711751	-0.418540549704475	-0.117786787071401	0.248989996964048	-0.301240852516634	0.240856113114439
169	-0.880455915239713	-2.33349688988324	-1.84860800126037	0.0602971123555195	-1.4215171472096	-0.0257569684636677	0.286346403023088	1.12413059658147
170	-1.24235485229908	-3.20832973766425	-1.06988224439485	-0.448966764944513	-1.8946664307412	-0.156348941597219	-0.675934994452469	1.13578337691058
171	-0.128964317474455	-1.14962243369933	0.196657842803091	0.102376529580717	-0.524951743735405	0.328316799600437	0.273437100603764	0.588069780222914
172	-0.274430211112293	-0.524542039953772	-0.295249358797257	-0.157726968778309	-0.612087744340137	0.108820973948278	-0.165796128752565	0.264312109088482
173	-0.552866701079997	-0.35346145657943	-0.501039588477132	-0.46595890768677	-0.911155780242485	-0.501583226466697	-0.58400124702747	0.190773103269005
174	-0.569786821198181	-0.852134911854197	-0.741657701652362	-0.215182977127253	-1.07902787324192	-0.171007226855573	-0.359710236457779	0.373493698871062
175	-0.0694367732887778	-0.36343743261796	-0.311034883471652	0.186290681966337	0.0888287957373655	0.249762542337082	-0.267030343683839	0.274292536682222
176	-0.750831306555663	-0.731740519584361	-1.573894581635	-0.245728482660814	-1.38637365831582	-0.0632439348147993	-0.504006662323187	0.611643581720086
177	-1.27120506469787	-2.08282166822089	-3.09657155914886	-0.743318574208187	-1.50624450008495	0.150565949945696	-0.348840036470004	1.19973181141333
178	-0.488222766614914	-0.357720643224934	-0.343452901434711	-0.692033873911619	-0.797909844013227	-0.597903706348435	-0.140315630756555	0.248396237958871
179	-0.300232732227456	-0.535469248700565	-0.191134324077255	0.0831308813741398	-0.421503163499422	-0.75406719606962	0.0176466576079857	0.327391473966849
180	-0.39259148786339	-0.158724677770211	-0.281149954263605	-0.620945642772425	-0.310008210419681	-1.07359382501288	0.0888733830584597	0.405376645401941
181	-0.371257074031683	-0.475306057836618	-0.264721507905771	-0.470693055599079	-0.289782770730766	-0.715982107392082	-0.0110569447257825	0.239700261237474
182	-0.1389842424113	0.0494876670249006	-0.314519391552239	-0.261090572572366	-0.118777299344987	-0.505574437273543	0.316568579250432	0.29105644467596
183	-0.504901249425092	-0.792523525809594	-0.372669521761629	-0.442529441639337	-0.429227973652528	-0.823394856540485	-0.16906217714698	0.254579869977215
184	-0.435944712453313	-0.600896142082336	-0.892895051428988	-0.370011390692672	-0.599941033402833	0.172092607887101	-0.324017265000152	0.360414128205359
185	-0.929066927688984	-0.759178458064759	-1.73455882118476	-0.263261629307498	-1.71499202347318	-0.59936815010429	-0.503042483999413	0.637001153012581
186	-0.837273931354032	-0.624499983909148	-2.0318348827314	-0.509711412683407	-0.96150058502902	-0.419954003349979	-0.476142720421239	0.616368357105895
187	-0.486132752750388	-0.684393840912216	-1.32844433584593	0.00507892168884004	-0.968547486808874	0.698824840747055	-0.639314615371204	0.728065701466753
188	-0.277371211635804	-0.660992708097133	-0.566536220522906	-0.307376801695674	-1.09302829647923	0.909066001029835	0.0546407559502865	0.69495954941568
189	-0.328472987365454	-0.331967828809068	-0.673079331539886	-0.135044757600814	-1.46757654301943	0.914670258629738	-0.277839721853258	0.774816880891904
190	-0.344318073911689	-0.00794037385393296	-0.686066231353015	-0.630775305103527	-1.28515921849538	0.507637320173169	0.036395365162551	0.643109987646957
191	-0.318880842849115	0.77297913222568	-0.331389055004426	0.0989275703887799	-2.12837345257884	0.213259435778386	-0.538688687904274	0.997259324375164
192	-1.62260744142709	-0.144338728742892	-0.554586472528723	-0.296992149865226	-5.82883811895739	-1.95665426335585	-0.954234915112442	2.16027260797799
193	-0.789397119547143	-0.299468468597572	-1.61091935281124	0.0746881447652761	-1.46120219329825	-0.660726857407154	-0.778753989933917	0.652619885761264
194	-1.16957112331544	-2.4382614830322	-2.86267990039439	0.590214107869324	-0.826219559061334	-0.771354010380108	-0.709125894893933	1.26976482813491
195	-0.753739194706308	-0.692222757191311	-0.588141152871926	-0.62751742253633	-1.51784366032104	-0.04605437544052	-1.05065579987672	0.493957858026614
196	-1.07620841442573	-1.68884688632663	-1.14984852707223	-1.57111696202617	-1.40195722682125	0.325810889536804	-0.971291773844903	0.735997439243246
197	-0.944121207209091	-1.27998310395761	-0.569955301603751	-0.984814465199595	-1.261699431108	-0.820432568202085	-0.747842373183506	0.286055752695691
198	-0.653657718145316	-0.967249046559812	-0.332690091946434	-0.619829923884245	-1.28487535148518	-0.317983324725936	-0.399318570270292	0.394539087839854
199	-0.45114577058538	-0.233822404183358	-0.115185488680121	-0.630703875784215	-0.964617671282142	-0.560038294635621	-0.202506888946821	0.325475694271144
200	-0.784405152031809	-1.68307107058158	-0.0416746622912351	-0.702135978139392	-0.82503061440629	-0.91011838366151	-0.54440020311085	0.536856377596948
201	-0.686662100224752	-1.04848449651311	-0.522152353806428	-0.933191080534427	-1.7569302373789	0.139142999334281	0.00164256755007219	0.709922066821524
202	-0.170146015973754	-0.200379419897942	0.098628093952443	-0.792676484794014	-0.534890920573484	0.20552955767344	0.202913077797032	0.418100905285011
203	-0.651090064745251	-1.08425404577398	-0.629443362444954	-0.13693997438276	-1.34892498731457	-0.470160639080858	-0.236817379474378	0.478284606398953
204	-0.696441217322507	-0.68255207496135	-0.917315066745525	-1.20365561053477	-1.62563533552991	0.039940124005834	0.210570659830679	0.71197954195059
205	-0.837236180539844	-1.18066394198568	-0.902657282681222	-0.798860983786744	-1.73549151089976	0.0071217860261304	-0.412865149911798	0.603918701403204
206	-0.334547496087999	-0.425131611000335	-1.03296171293066	-0.174637410965214	-1.45067364588953	-0.140278717868325	1.21639812212607	0.917656731747284
207	-1.21810500157173	-1.3146778109918	-1.14680726663897	-0.83129568255753	-2.66440761690945	-0.39149537516965	-0.959946257162979	0.775338866652522
208	-1.60713354291907	-1.76990773390885	-1.10773119755921	-0.162996219380407	-6.54944672510995	-0.443729571519644	0.391010189963631	2.53511252286066
209	0.528866481706289	0.543942601699573	0.193157465518526	2.09760908385219	0.344293729175698	0.24201020193155	-0.0842611685520615	0.782521828605739
210	-0.164079816733887	-0.141345843665647	-0.325035526239831	-0.454552253532303	-0.109137915026989	0.0544998618710449	-0.00890722380959713	0.19270289699467
211	0.229186831667552	0.3262738335405	-0.257841286933007	-0.0084964301326161	0.603365198553322	0.19493835445255	0.516881320524563	0.324674031772111
212	-0.500905944578324	-0.30964700512377	-1.69988777064295	-0.712672227413542	-0.548583956001732	0.466127736467979	-0.0410657558862133	0.729878298642052
213	-0.294947262491448	0.431180044359243	-0.748901874572634	-1.18700723969666	-0.859110380580918	0.543416498726138	0.0507393768161478	0.730717418848969
214	-0.34544998120793	-1.11802762428486	-0.368436853501777	-0.395897853237742	0.361772872972387	-0.297758693964183	-0.254351735231409	0.471314568721657
215	-0.901449051190272	-1.80777814259139	-0.477779414281381	-0.571712269915468	-1.05586542765416	-0.716381494570977	-0.832021851634005	0.484170189512483
216	-0.791953438158636	-1.98035137867938	-1.8398007226761	-0.311817019882175	-0.884584708169514	0.361747342230245	-0.0969141417748834	0.955352316502273
217	-0.255809473869296	-0.660299209723502	0.63445154231407	-0.0762372326229038	0.19017612426208	-0.181290004496742	-1.44165806294878	0.720987655158043
218	-0.864264987301265	-1.23319277244822	0.114059566877437	-1.91028825747248	-0.481342965861262	-1.03102367661875	-0.643801818284326	0.694324573893455
219	-0.300405596701881	-0.567407685248337	-0.07000506461954	-0.0809746803460274	-0.549110637510389	-0.169618465844307	-0.365317046642686	0.226140405403236
220	-0.249412275153764	-0.12370100805277	-0.123294461575117	-0.239864117585459	-0.526040693639838	0.271579421907136	-0.755152791976534	0.356519086043822
221	-0.290827204307293	-0.290158711272756	-0.703737778055867	-0.520458376829784	-0.0415433462004285	0.258773325356443	-0.447838338841368	0.349880478071397
222	0.00857978224446211	-0.00804977050562213	-0.330407187811221	0.260059060445004	-0.336184492148214	0.527349931509103	-0.061288848022277	0.338022790183556
223	-0.0267709940841637	0.278271953753637	-0.66104348915234	-0.0916423935395049	-0.107274812246606	0.700450747183247	-0.279387970503416	0.468766201635489
224	-0.229688832774947	0.161460651451061	-1.26291743150401	-0.214355366990138	0.591203773470534	-0.612750607312157	-0.0407740157649648	0.644528381625028
225	-0.127225905397734	0.464794570100646	-0.965351620524357	-0.00723134482189212	-0.276939761482724	-0.196179890663848	0.217552615005774	0.492622121154375
226	0.0991083041586347	0.41021770721779	0.169936928957983	-0.186202614468972	-0.239766303402324	0.529253521743959	-0.0887894150966282	0.321985880377811
227	0.0380481903777327	0.487938580530668	-0.0300670929254007	-0.457589649759134	0.370148511835061	0.246197434172684	-0.388338641587482	0.397018988267505
228	-0.0833054087664325	0.335899107641707	0.0420373248708943	-0.254876078559856	-0.160377003775289	0.0813041478147502	-0.543819950590802	0.305283377304692
229	-0.148445702807468	0.121682390944152	0.234232841356987	-0.128052058869813	0.210540417539627	0.404047496949511	-1.73312530476527	0.795632725213271
230	0.011682387497306	-0.0222300037568898	0.605424153919576	0.0328870420204702	0.216135121393194	-0.133597957335546	-0.628524031256968	0.406669529336706
231	-0.927601320193539	-1.18895826266353	-1.66230137167313	-1.11266449119285	0.0595598394440103	-1.32490667518668	-0.33633695988904	0.651808597404356
232	-0.763359738826553	-0.743626087469766	-1.30695503346886	-1.28299302846704	-0.274387691246293	-0.369946943217107	-0.602249649090247	0.444010758683759
233	-0.563363131686106	-1.05282574634552	-0.460897663782051	-0.324759110834655	-0.632267804616806	-0.774109854685331	-0.135318609852268	0.328447514804746
234	-0.665575190273123	-0.599510427733743	-0.348065100833362	-0.767989079484095	-0.884873371415225	-1.26315460037559	-0.129858561796723	0.401957949070675
235	-0.48364982530037	-0.643667336999467	-0.278133836801439	-0.735175663689143	-1.27370119416138	0.183608925579548	-0.154829845730338	0.511594694653035
236	-0.637501253799987	-0.731027871469344	-0.665974754090936	-0.785660432466564	-1.44867486786429	-0.0566709080426776	-0.136998688866116	0.505446030920556
237	-0.0255396572428449	-0.0631421669171306	-0.242975723636614	0.0406039785101099	-0.540857047822647	0.515468405107629	0.137664611301583	0.357195952408908
238	-0.106226530141123	-0.26583189070396	-0.0647273789760881	0.122789472515137	-0.625509462734296	0.136189215164618	0.0597308638878488	0.295163139442599
239	-0.202258546698227	-0.485759961030524	-0.260830397324139	0.466347486334138	-0.906737142194235	0.143191705128512	-0.169762971103115	0.479065688909961
240	-0.295597488119031	-0.588337903043113	-0.483199703933622	0.257372315996264	-1.11812268945921	0.181146702338735	-0.0224436506132403	0.530115627970134
241	0.30598704697169	0.0599926564093482	-0.0585210529443061	1.39703450067875	-0.432018083597046	0.661651298480838	0.20778296280255	0.642581763829011
242	-0.495404924338151	-0.921072170635839	-1.02020279764778	-0.138072136221069	-0.822106531382324	0.158896226233489	-0.229872136375383	0.487779403220839
243	-0.68437599245461	-0.758417853111737	-1.45591289056144	0.0532980141295707	-1.00912098347474	-0.262719335226631	-0.673382906482677	0.534469609234495
244	-0.638458522015052	-1.09625473635649	-1.43692200865016	-0.212114449288536	-1.1367729649719	0.314744359008305	-0.263431331831523	0.682121542180198
245	-0.419456791676344	-0.861505042033324	-0.642126237945895	-0.165453531659376	-0.0898824262078505	-0.214558700727525	-0.543214811484091	0.308358405612712
246	-0.633849831653501	-1.10905632077239	-0.752742401132164	-0.0556831975143885	-0.464085787700107	-0.48087149094398	-0.940659791857975	0.379628202913327
247	-0.455532496748787	-0.60995786234387	-0.739834177550084	-0.677016070390407	-0.255602350463774	-0.396770036593908	-0.0540144831506762	0.267720532645314
248	-0.338095887842783	-0.765794450357443	-0.801400180193067	0.0319735708775653	-0.506077772369951	0.105047820197716	-0.0923243152115203	0.404852135324417
249	-0.585974582420359	-0.690632724790609	-0.624347569559846	-0.692761485809872	-0.751833755273012	-0.228242482975212	-0.5280294761136	0.191137861858723
250	-0.37972840226393	-0.707895896393236	-0.524364764936786	-0.750099157568502	-0.296586664916513	0.216250935043682	-0.215674864812228	0.361885495739303
251	-0.405176874884197	-0.608102573125016	-0.301267667555439	-0.274173681933228	-0.569421355182136	-0.0727459208940417	-0.605350050615324	0.222123248535129
252	-0.322955884622778	-0.277075717153646	-0.388930055084445	-0.094555579702755	-0.565497852766022	0.267611245035145	-0.879287348064945	0.393884530892382
253	-0.431266987904916	-1.07214503856768	-0.493067230633496	-0.0655431863816908	-0.228462980591615	0.228270764591514	-0.956654255846528	0.509990027057145
254	-0.199486961196734	0.0122125194228091	-0.396153824030206	-0.308852250171148	-0.303523535498069	0.258429580878205	-0.459034257781997	0.276886712908635
255	-0.783348056173394	-0.622422649629076	-1.36082760828068	-0.510561750130767	-0.950867878480755	-0.245273905221358	-1.01013454529773	0.400702079549346
256	-0.0708695384774277	-0.13625745782199	0.123062656981383	0.337751291915453	-0.19376268170629	0.0614435353679835	-0.617454575601106	0.32870075644368
257	-0.432393179135098	-0.805171472166337	-0.16847673495245	0.163714709044528	-0.485181122307226	-0.690325339761043	-0.60891911466806	0.36453727709538
258	-0.353804516750517	-0.554709840157862	-0.500557969875536	-0.108047860333771	-0.116486617469334	-0.482540411745736	-0.360484400920862	0.197602224675052
259	-0.0171298873329511	-0.680090786782926	0.512985497218108	-0.20348548389452	0.0586203916659988	-0.116955971539326	0.326147029334958	0.421618376468692
260	-0.209438660451655	-0.390890644593831	-0.218578487317123	0.101230651808146	-0.408676818838934	-0.0581082045123283	-0.281608459255858	0.198660016649571
261	-0.229601119307205	-0.508136422674172	-0.496012534783053	0.340766648525045	-0.644665562159938	0.138951467914756	-0.20851031266587	0.395583283644026
262	-0.324582457172285	-0.729444641117267	-0.50359162013297	-0.0444040884613071	-0.79570834502988	0.60470969163019	-0.479055739922476	0.526091832634813
263	-0.427508584644815	-0.469949383602737	-0.742936374337244	-0.13777159732622	-1.04639756529415	0.271350107008759	-0.439346694317294	0.459741365521188
264	-0.47021052342864	-0.303141282725744	-2.13886900019056	0.405226856807697	-0.91215797503462	0.917942127990163	-0.79026386741878	1.07735261883887
265	-0.817693018140695	-0.705506533911988	-1.88719051091624	-0.287497012793503	-0.786155345445459	0.0485304462789399	-1.28833915205592	0.694314625636308
266	-0.507128519689787	-1.29510195892423	-1.14724194599804	0.0568102448618584	-0.596820189572268	0.562666415770247	-0.623083684276294	0.70917214686134
267	-1.06061954035128	-1.74467861216292	-2.19276334817452	0.329015889864596	-0.882783587495411	-1.09761319148874	-0.774894392650663	0.871252668358927
268	-0.485617393261618	-1.41091750162105	-0.981320506737955	0.182029012679083	-0.839420620106809	1.07425685374221	-0.938331597525187	0.928545974213391
269	-0.498584395216351	-0.927441996622914	-0.746843557640231	-0.407081376116966	-0.752715235069323	0.325699796614351	-0.483124002463025	0.446808727069281
270	-0.738833427195048	-1.28807574103113	-1.1149871184949	-0.262595109677725	-0.877439921770757	-0.371862505851418	-0.518040166344355	0.417753691867754
271	-0.557535498468871	-0.30797530779686	-1.33675969533673	-0.53717289714837	-0.494827965710872	0.100582535641666	-0.769059660462057	0.479933188241486
272	-0.539291190386567	-0.755359907880858	-0.489365971041023	-0.124351119664877	-0.0910440470427746	-1.05193345030341	-0.723692646386458	0.379232109832554
273	-0.201795092711623	0.820729944414034	-0.843531524364048	-0.18441821587236	-0.241401899127278	-0.0403543344144655	-0.721794526905623	0.59257341894884
274	-0.288069897251893	-0.28441754284267	-0.146923902877754	-0.0242058189143142	-0.404203624259641	-0.053496766131024	-0.815171728485956	0.295265209647326
275	-0.0139392529381462	0.297809927868627	0.402544681903397	-0.00364607257169174	-0.290348645840429	0.951232405744192	-1.44122781473297	0.814354160192654
276	-0.36851227982331	-0.113966904701895	-0.457363179785588	-0.227121745540548	-0.115832931022665	-0.117588252309631	-1.17920066557953	0.418737266862792
277	0.783381180184105	0.496352928910495	1.22222977412728	0.357781133960715	0.217270463015122	1.39727917659153	1.00937360449949	0.490822447472611
278	-0.531164153432019	-0.707593161298589	-1.02595572107354	-0.454116929706993	-1.08778206228521	0.65195489402229	-0.563491940250071	0.631271958448262
279	0.0390054917933958	-0.516005337864704	0.391829640592718	0.403941336124989	-0.477026642344487	0.962559973244971	-0.531266018993112	0.634058626812799
280	-0.307172587513891	-1.38071075815312	-1.45424155216017	0.202718690994348	-1.24326866044671	1.16649988318305	0.86596687149925	1.19603370590605
281	0.868982424293026	1.54440085622992	0.696468366902177	0.160105446734781	-0.791459248637365	1.82159729212053	1.78278183240812	1.04766680976263
282	0.101866406787123	-0.0256450796911898	0.158316588960542	0.0840225080961704	-0.079249413054324	0.122398625118192	0.351355211293345	0.151811318900925
283	-0.142827843578377	-0.929798411457272	-0.121575988275253	0.47124867351403	-0.209464081801342	0.162065745009189	-0.229442998459613	0.469418141653517
284	-0.490852213373904	-1.28271261426803	-0.240934371329907	-0.405301004302309	-0.56917248166907	0.209575487648421	-0.65656829632253	0.494169137155049
285	-0.628195998418529	-1.41999237752622	-0.277241107903886	-0.834030403797139	-0.49979864187521	-0.159149945116818	-0.5789635142919	0.454178943228385
286	-0.301294220468759	-0.573583106663805	0.0571038065672763	-0.705460343182332	-0.250958853841115	-0.132833317371383	-0.202033508321193	0.285203805044725
287	-0.500691863699383	-0.383746774798337	-0.651318146486579	-0.0250502468600859	-0.182686190242353	-1.48421270016126	-0.277137123647688	0.525550557883629
288	-0.248739841791568	-0.43826234799187	-0.222007284381183	-0.220778751753182	0.166048228706075	-0.467384208012191	-0.310054687317057	0.228485993061836
289	-0.438301818206258	-0.40765141903461	-0.601437063675244	-0.494313979860616	0.29119552395317	-0.993954431357622	-0.423649539262625	0.41756934885948
290	-0.038627684136201	-0.0766389637663963	0.0275476179866569	-0.143884969987785	0.116287878719176	-0.337911270465027	0.182833602696169	0.189482306530773
291	-0.0472192556810295	-0.407030035378355	-0.0979138910072386	0.200560357689709	0.388153691711131	-0.47055948280031	0.103473825698886	0.342024395630932
292	-0.603867689374533	-0.769105953565943	-0.937930912604396	-0.321953766725459	-0.462396217395853	-0.450491862761987	-0.681327423193562	0.23148032866199
293	-0.100143498396824	-0.356380788420586	-0.663707613647236	-0.220950373090188	-0.202697768160692	0.591922246641156	0.2509533062966	0.449577068307
294	0.569591535744227	0.28541505971396	1.2523352966339	0.00241015980676444	0.440836118329224	0.850144160172909	0.586408419808602	0.439126534372552
295	-0.399280794761974	-0.264675204893124	-0.607395494883827	-0.851272577337253	-0.181212812359487	0.0612098964690397	-0.552338575567191	0.331288083296352
296	-0.0984159824800461	0.121275007037961	-0.614045160011429	-0.0606928828365331	-0.292068285608219	0.40791280533808	-0.152877378800136	0.349970487730939
297	0.627742409827207	0.865650637604728	0.134307275093167	0.185451657001699	0.648565201442747	1.26073175613815	0.671747931682752	0.423968219143084
298	-0.0510178039738453	0.308158547643002	-0.180480720410862	0.12957984297329	0.418691622098623	-1.03765318085849	0.0555970647113676	0.526084945700295
299	0.0821931007296421	0.169898701163197	-0.258388847585317	0.306562527132933	0.298967524756605	0.263783260872138	-0.287664561961704	0.279567810448295
300	1.04597097494823	1.44229402796261	1.6846964922604	0.694062880443771	0.409287241745655	1.45912241763272	0.586362789644213	0.54335651841302
301	0.106075110305389	-0.108010444340475	0.281915056018119	-0.4963808147057	0.286676128336493	0.682752439882188	-0.0105017033582941	0.404590923388779
302	0.0703538501806466	-0.229254088116047	0.245991439704608	0.181871763768574	0.0890083479522368	0.175324215646897	-0.040818577872389	0.177073883600955
303	-0.100588701733324	-0.401841153412655	0.51586805838189	-0.0251256375621989	-0.572200644470544	0.582255004017252	-0.702487837353686	0.552710153926041
304	-0.17828251890314	-0.51648016872426	-0.0839919232583478	0.054401856597935	-0.292964441279989	0.144922125076332	-0.375582561830513	0.258437952910556
305	-0.174021654733908	-0.279535474269283	0.0462976021291477	-0.00044808884522838	-0.218939668862599	-0.417832259394541	-0.173672039160943	0.173932679506895
306	-0.498492361631251	-0.758371949987315	-0.520916824430967	-0.473009223051279	-1.16878028014247	0.477470295556113	-0.547346187731591	0.54274586052384
307	-0.340443139851515	-0.504732998466187	-0.122293612633725	0.360843122491185	-0.736223664467403	-0.705658835420326	-0.334592850612633	0.413869967371102
308	-0.404840773088109	-0.930861224883793	-0.591774640668024	0.220718331113403	-0.730587413298802	0.210243373613237	-0.606783064404677	0.495618008058461
309	-0.426774467038044	-0.563199935764728	-0.812098273084307	0.169685940467539	-1.20179821744284	0.629127244284201	-0.782363560688125	0.687733262672768
310	-0.714974274329854	-1.10854981380329	-0.598551846497256	0.11872083627072	-1.2235792483367	-0.329400332488335	-1.14848524112426	0.540144696716774
311	-0.0115165982149993	-0.438989674550475	-0.119535852313358	0.510982643247171	-0.466402485479674	0.183472362526481	0.26137341727986	0.39669072925306
312	-0.17609047566411	-0.145283026773877	-0.0585480185624517	-0.277978636841549	-0.689982098305626	-0.0309600676914552	0.146208994190302	0.287809280227241
313	-0.377649836823773	-0.482847747758542	-0.19951108838419	0.0444603721266777	-0.711582467258913	-0.559071652105031	-0.357346437562638	0.270486283353404
314	-0.206089389712746	-0.198532263830175	-0.242165654063529	-0.547942316351932	-0.397799161861458	-0.433915511275502	0.583818569106122	0.407635619705128
315	0.784260818337506	0.774101000956765	0.812866355620815	0.475155678133974	0.164219545081636	1.16406575507394	1.3151565751579	0.425915663359016
316	0.184623262774085	0.232088840472549	-0.15368645405018	0.364506761673661	-0.388931136519717	0.0851353102177825	0.968626254850414	0.469592953945877
317	-0.563032303492182	-0.431012531583868	-1.458430394496	-0.521166188960697	-0.136878652696156	-0.379694311810824	-0.451011741405543	0.457971198374901
318	0.0888743395700294	-0.22038979907801	-0.745525345836169	0.354280079591138	0.145038959348772	0.276205979530397	0.723636163864048	0.510583495761865
319	0.0864056140393259	0.524817914642711	-0.8776354485483	0.0361903572652761	0.147458777408183	0.32574030691065	0.361861776557436	0.502192546564896
320	0.0137736502608306	0.550643143313017	-1.35755566173613	0.25774451234879	0.672828302969453	-0.258259879785012	0.217241484454865	0.745392400328552
321	0.0355031924308478	0.0115574381858279	-0.957557030545998	0.346353051261429	0.711390980328003	-0.428243137145713	0.529517852501537	0.632345646735894
322	-0.452680137338248	0.188554853679789	-0.664234557353743	-0.0740046405469648	-0.182323713205697	-1.74157957458443	-0.242493192018438	0.689618100921121
323	-0.94302814007197	-0.564509380027507	-1.9487857963048	-0.814832402913517	-1.28379776426395	-1.08311533947074	0.0368718425487	0.673381229015108
324	-0.945895700490813	-0.82524492049141	-1.76378829802967	-1.02284974605261	-1.10647968922821	-0.338718288178917	-0.618293260964061	0.488098724193398
325	-0.739450421136394	-1.21487524964963	-1.50377168515278	-0.144847504065541	-0.902708280822284	-0.135114173961772	-0.535385633166354	0.565205494890345
326	-0.700713486388397	-0.75547521135687	-1.14811984803801	-0.0927940169532027	-1.08778774465408	-0.387760381527714	-0.732343715800496	0.40534034562352
327	-0.326247667816628	-0.236280809774906	-0.742496156806383	-0.338699995594103	-0.272171700675725	0.170963301744953	-0.538800645793603	0.308815034452891
328	-0.460724916615809	-0.582486272861092	-1.0432145422951	-0.111331383275827	-0.237118999488328	-0.228122683094596	-0.562075618679916	0.34367752415916
329	-0.369670266395698	-0.384866699801937	-0.911516184000624	-0.17935279478468	-0.0423530769603201	0.0726501357671031	-0.772582978593731	0.398790973903351
330	-0.103446345370334	-0.397215874373218	-0.660019134842708	0.0155050395789694	0.274910425654599	-0.213876553520753	0.360018025281106	0.395062308515729
331	-0.17855753780235	-0.107816797137435	0.357396392891741	-0.05965188824354	-0.394166964296658	-0.441718796303245	-0.425387173724964	0.310823282156256
332	-0.463837558623073	-0.8382221292362	-0.874927597488636	-0.143704938413166	-0.542602109817701	-0.257541893526876	-0.126026683255857	0.338975416444575
333	-0.243213683499228	-0.755323037884074	-0.379785795516891	-0.00259247661923642	-0.16515119838444	-0.41820805772435	0.261778465133622	0.355116980895978
334	-0.0214464623054041	-0.923419558453068	-0.0140133380874612	0.467536777218901	-0.0472051777628635	0.200133885172714	0.188288638079353	0.47884559101854
335	-0.383635009664769	-0.660590329750382	-0.395119967368115	0.00106870838794054	-0.663177514410199	-0.106371048464063	-0.477619906383797	0.27881376623549
336	-0.409858650172594	-0.82590120915047	-0.358272057368639	-0.535461065803494	-0.714453278362154	0.127558570393064	-0.152622860743867	0.357573478349771
337	-0.245560938593137	-0.618108860661943	-0.5567896404755	0.197234246862678	-0.142289297800819	0.0727310719149998	-0.426143151398238	0.339501872366811
338	-0.630618552688352	-0.79750003193199	-0.789227874270702	-0.902149563590679	-0.115345962064031	-0.171224690833912	-1.0082631934388	0.386238131865502
339	-0.548974281990807	-0.669877708705722	-0.698691294572004	-1.0883208079536	-0.591257470399946	0.464240479357069	-0.709938889670635	0.525781156580679
340	-0.420648274852557	-0.532063310701934	-0.569379937578454	-0.0093818058666567	-0.649035907714023	0.60415682973906	-1.36818551699333	0.663910801946693
341	-0.208348192767656	-0.147032384947955	-0.172851895847811	-0.470493821010443	-0.406756186097541	0.596848498273005	-0.649803366975187	0.437339698565093
342	-0.693725021733212	-0.631318360808191	-2.03829221186113	-0.819909133828073	-0.176591474143108	0.311468186672712	-0.807707136431479	0.789748107307776
343	-0.59378525667702	-0.0417569913036501	-1.47187522341914	-1.1129557237965	-0.248360243468581	0.377169096882502	-1.06493245495674	0.725171103710904
344	-0.61449358216947	-0.267316696043594	-1.51147165551609	-0.704060901247522	-0.320109915024206	-0.353420055095305	-0.530582270090106	0.467971366065749
345	-0.718277455392803	-0.706969087630665	-0.710451084958977	-1.24093759007276	-0.480560203653349	-0.444393957862483	-0.726352808178583	0.284587287472894
346	-0.821770747760638	-0.506231448473046	-2.37858189870566	-0.323423601706471	-0.727346318180202	-0.733198708465769	-0.261842511032679	0.787636527392392
347	-0.940987101804923	-2.08639265922473	-1.13526223884106	0.3003214828798	-1.44496071658021	-0.632985351193992	-0.646643127869351	0.815602425206279
348	-2.39306171461089	-3.23553667741302	-1.02160490285518	-4.45677950911563	-4.39130050278547	-0.913183263919715	-0.339965431576285	1.85729867364466
349	-0.440511525706632	-1.4806253900534	-0.304942947982001	-0.456655157958033	-0.633808663418044	-0.915322236708599	1.14828524188029	0.881766462319722
350	-0.011160607724375	-0.281366446212205	-0.0598803389991763	0.265129160649173	-0.483282353787013	0.249604931446142	0.242831400556829	0.318474612260115
351	-0.23414993059096	-0.792036975335886	-0.0768304542224907	0.307331428793037	-0.305379012276194	-0.0269496402258935	-0.511034930278333	0.388293775473258
352	-0.622246944160749	-0.955485311767531	-0.079443233532765	-0.533001789087125	-1.11945528123029	-0.208329377113289	-0.837766672233488	0.419199477950857
353	-0.41683431215441	-0.922587200792984	0.0884043343488925	0.0981246901824364	-0.893276545715925	-0.188753650698272	-0.682917500250607	0.474563610364997
354	-0.312307520037668	-0.636967236596748	0.226938576992923	0.092511811862404	-0.58634214240292	-0.130171312223299	-0.839814817858366	0.435109525959827
355	-0.231087699916226	-0.418606476422143	-0.245653595668919	-0.0863182044867858	-0.105605492844569	0.0551080772679513	-0.58545050734289	0.236457383105364
356	-0.444252377644117	-0.460773565359479	-0.19515388380733	-1.19949996385543	-0.222507916888229	-0.367264218908136	-0.2203147170461	0.384179068677324
357	-0.292060374113489	-0.232393858514466	-0.206413703712986	-0.457907054818526	-0.306684490188397	-0.469958214490711	-0.0790049229558468	0.152088591541337
358	-0.121965603359513	-0.54277345241075	-0.181787037974948	-0.0423578774523746	0.702399140419064	-0.277325272304669	-0.389949120433403	0.438753749346907
359	-0.637850786638048	-1.22984550536412	-1.69242220200831	-0.21674061430993	-0.282741643223816	-0.165430736638435	-0.239924018283681	0.655368799181772
360	-0.830931016366756	-1.99763724589215	-0.776847981950841	-0.295677187610845	-0.99013337696353	-0.212130494708831	-0.713159811074341	0.643856287667144
361	-0.99672496236867	-2.29448618138896	-0.930349882615497	-0.910327049522512	-0.634531780433894	-0.312853532207788	-0.897801348043369	0.678926262218652
362	-0.00528023948906307	-0.905230527451218	4.53378538171605	-1.12199437078933	-0.933359522072895	-0.627675264146026	-0.977207134190959	2.22950336602477
363	-0.869020730295607	-2.01483602611207	-0.170470760015495	-0.622981980756766	-0.774982959896644	-0.618453122992354	-1.01239953200031	0.625073520195747
364	-0.645671316357142	-1.38386755709599	-0.381213955738184	-0.635886750221991	-0.0926770156717801	-0.645191731427154	-0.738782356721843	0.431146742030216
365	-0.336476977775222	-0.843837453261057	-0.0828275940258382	0.595779571437707	-0.106793239211357	-0.379066023914545	-1.20211712767624	0.631625878387585
366	-0.132478797385766	0.0919029621351736	-0.32966053871794	0.0693101712746449	0.0555419008629036	-0.256480069618784	-0.425487210250595	0.230880328087269
367	-0.16661388202011	-0.599269248126938	-0.2084636432353	0.150192233498949	0.438610979290326	-0.310285813950807	-0.470467799596889	0.392064827079596
368	0.0140687561877128	0.0257715847474077	0.101736325939632	0.326128629119292	0.401502700621181	-0.0470789299028483	-0.723647773398388	0.400817589961979
369	-0.0868789782826621	-0.221171566451109	-0.189244227835117	0.343230063630977	0.142881126281124	0.200902249142884	-0.797871514464732	0.413430782236426
370	0.34061029723834	0.73976213427646	0.0874654540689851	0.0965114976607544	0.646141579591405	0.68803699997308	-0.214255882140647	0.401228084729231
371	-0.19768973168074	-0.205557910747117	-0.52616581071481	-0.138045082344233	0.253837237042277	-0.0929649598017405	-0.477241863518816	0.284432488537583
372	0.0786271128315593	0.222250691709098	0.240896504078745	0.562911462325321	0.0761548543552192	-0.174425239101279	-0.456025596377747	0.355354905201965
373	0.38718878003916	0.940018006918663	1.0478778548521	0.509191646647313	-0.0392779632512183	0.0186184125806387	-0.153295277512536	0.522849102992198
374	0.0894148580638038	0.178958173768997	-0.103059381355162	0.5585242863959	-0.169066697729506	-0.0484274805187878	0.119560247821381	0.265273430065033
375	-0.0152536751139113	-0.160464867482691	0.0110259956490612	0.442144320375727	-0.0512234566394131	-0.0551110153661976	-0.277893027219954	0.246110422287303
376	0.35228896392734	0.39536516572245	1.0422544030923	0.507899519515509	0.112627413591805	0.263244429685452	-0.207657148043471	0.419768685709752
377	0.622039588976988	0.445287638618928	0.553837354875038	0.503086872332725	1.50553564934071	0.275824031731219	0.448665986963303	0.442838898951153
378	0.0313379898900835	-0.0927176616079269	0.206419573915962	-0.37549307380205	0.841206282244942	-0.0331069154716666	-0.358280265938759	0.452415088648124
379	0.466920336333323	0.282887759072468	0.661386021261071	0.336498015906762	0.345723962517638	0.986358311917257	0.18866794732474	0.300207807115981
380	0.172975591057243	-0.0248621397344375	0.0395564561014126	-0.553098078345731	0.725049690985342	0.705870525651743	0.145337091685127	0.484489446009488
381	-0.537414821332625	-1.17079651793545	-0.875690866447429	-0.921823173140553	0.146420982457217	-0.494955492703575	0.121852526551182	0.559874176616342
382	-0.0916528458976093	0.235824084301942	-0.0411839056050826	-0.460724905127098	-0.0743142647879586	-0.372692858811348	0.163174774643889	0.279364876137055
383	-0.131419811286435	0.126596485281637	0.0913562912210427	-1.17631049132276	0.0743885081528142	-0.359483640569201	0.146082859489841	0.522202618181543
384	-0.483929150106035	-0.862471921725644	-0.349709838171161	-0.220643773194137	-1.06061220631284	-0.178582989071497	-0.231554172160938	0.379505309107712
385	-0.405578860346881	-0.627794836668733	-0.211770542012868	-0.125557010277645	-1.05538737536028	0.00361484136204232	-0.461319067465361	0.389311643719012
