Residue	res_avg_AM_score	rank
370	0.9998736842105264	1
33	0.9998684210526316	2
373	0.9997	3
41	0.9996473684210526	4
377	0.9996315789473684	5
369	0.9995947368421053	6
29	0.9995263157894737	7
374	0.9994894736842105	8
277	0.999321052631579	9
40	0.9991578947368421	10
367	0.9990894736842105	11
366	0.9989052631578947	12
376	0.9988368421052631	13
202	0.9986894736842106	14
360	0.9986105263157895	15
48	0.9983157894736843	16
225	0.9983	17
341	0.9982	18
11	0.9977052631578948	19
188	0.9976684210526316	20
14	0.9975894736842106	21
271	0.9974947368421053	22
362	0.9973368421052632	23
351	0.9972157894736843	24
201	0.9971631578947369	25
306	0.9971526315789474	26
146	0.9971	27
317	0.9969210526315789	28
192	0.9968210526315789	29
281	0.9965368421052632	30
143	0.9964578947368421	31
190	0.9964263157894737	32
282	0.9963631578947368	33
261	0.9963157894736842	34
354	0.9962157894736842	35
280	0.9962052631578947	36
372	0.9958842105263158	37
95	0.9949157894736842	38
39	0.9948	39
291	0.994721052631579	40
356	0.9941736842105263	41
204	0.9931736842105263	42
52	0.9926789473684211	43
307	0.9924526315789474	44
305	0.9918473684210526	45
206	0.9915	46
361	0.9913631578947368	47
304	0.9911052631578947	48
141	0.9906473684210526	49
207	0.9900736842105263	50
37	0.9900631578947369	51
59	0.9898631578947369	52
31	0.9896263157894737	53
60	0.9896263157894737	54
218	0.9893736842105263	55
371	0.9893631578947368	56
210	0.9888210526315789	57
357	0.9885421052631579	58
43	0.9876789473684211	59
170	0.9874473684210526	60
259	0.9871315789473685	61
169	0.9867526315789473	62
17	0.9866894736842106	63
30	0.9861526315789474	64
363	0.985521052631579	65
318	0.9850526315789474	66
102	0.9847842105263158	67
302	0.9836631578947368	68
233	0.9834684210526315	69
293	0.9832736842105263	70
269	0.9829157894736842	71
44	0.9811894736842105	72
316	0.981178947368421	73
364	0.9811105263157894	74
321	0.9808736842105263	75
349	0.9803894736842106	76
194	0.9801421052631579	77
142	0.9801315789473685	78
32	0.9798368421052631	79
223	0.9786789473684211	80
303	0.9783684210526316	81
165	0.9776421052631579	82
267	0.9765263157894737	83
328	0.9760684210526316	84
358	0.9717	85
50	0.9712263157894737	86
244	0.9695578947368421	87
375	0.9685157894736842	88
89	0.9668684210526316	89
220	0.9664263157894737	90
144	0.9663263157894737	91
275	0.9659894736842105	92
274	0.9657105263157895	93
224	0.9655631578947368	94
45	0.9643	95
300	0.9639052631578947	96
104	0.9635631578947368	97
298	0.9631578947368421	98
85	0.9626	99
378	0.9608315789473684	100
226	0.9603578947368421	101
290	0.960221052631579	102
51	0.9596789473684211	103
36	0.9593578947368421	104
47	0.9593263157894737	105
200	0.9589578947368421	106
199	0.9581947368421053	107
90	0.9581684210526316	108
107	0.9577052631578947	109
164	0.9574684210526315	110
272	0.9574052631578948	111
172	0.9573315789473684	112
288	0.9565157894736842	113
330	0.9557315789473684	114
35	0.9554157894736842	115
88	0.9549263157894737	116
216	0.9548052631578947	117
313	0.9546578947368421	118
145	0.9535473684210526	119
270	0.9529736842105263	120
266	0.9526421052631578	121
368	0.9517842105263158	122
91	0.9511473684210526	123
187	0.9505473684210527	124
10	0.9497578947368421	125
301	0.947978947368421	126
186	0.9478368421052632	127
365	0.9478210526315789	128
279	0.9471631578947368	129
265	0.9469368421052632	130
379	0.9469052631578947	131
55	0.9465842105263158	132
96	0.9465578947368422	133
46	0.9447842105263158	134
86	0.9431052631578948	135
197	0.9414105263157895	136
262	0.9404736842105264	137
326	0.9395947368421053	138
359	0.9383	139
139	0.9367526315789474	140
28	0.9366052631578947	141
108	0.9359947368421052	142
294	0.9344526315789474	143
167	0.9341894736842106	144
131	0.9326894736842105	145
322	0.9306578947368421	146
99	0.9293631578947369	147
189	0.9293263157894737	148
314	0.9285736842105263	149
227	0.9277578947368421	150
312	0.927	151
353	0.9264736842105263	152
215	0.9250631578947368	153
311	0.9250263157894737	154
38	0.9245947368421052	155
168	0.9245421052631579	156
109	0.9242	157
315	0.9234684210526316	158
23	0.9194894736842105	159
333	0.9185368421052632	160
193	0.9182263157894737	161
324	0.9177842105263158	162
347	0.9177842105263158	163
228	0.9174894736842105	164
278	0.9136105263157894	165
191	0.9128315789473684	166
149	0.9095842105263158	167
98	0.9094052631578947	168
268	0.9093263157894736	169
92	0.9079842105263158	170
53	0.9066315789473685	171
34	0.9021526315789473	172
42	0.9018684210526315	173
180	0.9014105263157894	174
327	0.9008105263157895	175
336	0.8978052631578948	176
26	0.8972105263157895	177
237	0.8966052631578948	178
63	0.8964526315789474	179
325	0.8950789473684211	180
84	0.8924842105263158	181
222	0.8919368421052631	182
241	0.8916000000000001	183
27	0.8890105263157895	184
173	0.8882157894736842	185
283	0.8877578947368421	186
124	0.8864263157894737	187
297	0.8850315789473684	188
383	0.8849052631578948	189
105	0.8841894736842105	190
106	0.8837842105263158	191
329	0.8837578947368421	192
319	0.8834736842105263	193
309	0.8829684210526316	194
136	0.881778947368421	195
162	0.8813	196
151	0.8777526315789473	197
9	0.8777052631578948	198
350	0.8776263157894737	199
264	0.8762894736842105	200
196	0.8696631578947368	201
87	0.8688263157894737	202
179	0.8678473684210526	203
153	0.8645894736842105	204
115	0.8631368421052632	205
155	0.8623947368421052	206
61	0.8611105263157894	207
93	0.8609526315789474	208
221	0.8602736842105263	209
49	0.8589526315789474	210
273	0.8572631578947368	211
19	0.8511578947368421	212
127	0.8474631578947368	213
339	0.8462315789473684	214
285	0.844842105263158	215
355	0.8431105263157895	216
308	0.8413842105263158	217
381	0.8413473684210526	218
112	0.8395	219
13	0.8363473684210526	220
140	0.8325789473684211	221
121	0.8316473684210526	222
178	0.8315157894736842	223
234	0.8302263157894737	224
110	0.8283263157894737	225
160	0.828021052631579	226
337	0.8279052631578947	227
219	0.8262684210526315	228
148	0.8258842105263158	229
213	0.8243052631578948	230
346	0.8241947368421053	231
147	0.8235842105263158	232
345	0.8215263157894737	233
54	0.8169842105263158	234
126	0.816021052631579	235
205	0.8150526315789474	236
240	0.8083	237
122	0.8071315789473684	238
238	0.805878947368421	239
184	0.8049105263157895	240
235	0.8037631578947368	241
263	0.8027526315789474	242
176	0.7998736842105263	243
133	0.7986315789473685	244
58	0.7975421052631579	245
242	0.7964210526315789	246
276	0.7945842105263158	247
334	0.7935578947368421	248
382	0.789678947368421	249
111	0.7861947368421053	250
24	0.7785947368421052	251
236	0.7766947368421052	252
260	0.7754052631578947	253
246	0.7732526315789474	254
203	0.7703263157894736	255
284	0.7695315789473685	256
195	0.7694947368421052	257
385	0.7685263157894737	258
380	0.7677631578947368	259
340	0.7652947368421052	260
138	0.7619052631578948	261
230	0.7597947368421053	262
100	0.7528947368421053	263
8	0.7524526315789474	264
132	0.743378947368421	265
332	0.7423315789473685	266
18	0.7413052631578947	267
97	0.7270421052631579	268
177	0.7270105263157894	269
245	0.7193736842105263	270
248	0.7182157894736843	271
56	0.6974263157894737	272
217	0.6966157894736842	273
174	0.6907052631578947	274
135	0.6853	275
80	0.6836210526315789	276
323	0.6816473684210527	277
214	0.6800315789473684	278
212	0.6690684210526315	279
64	0.655	280
310	0.6490473684210526	281
249	0.6485421052631579	282
166	0.645621052631579	283
198	0.6441842105263158	284
81	0.6403105263157894	285
320	0.6385157894736843	286
211	0.6378842105263158	287
253	0.6373052631578947	288
5	0.6357052631578948	289
251	0.633278947368421	290
57	0.630278947368421	291
208	0.6277	292
7	0.6129578947368421	293
20	0.6054315789473684	294
344	0.6004105263157895	295
113	0.5988684210526316	296
25	0.5975368421052631	297
338	0.5935526315789473	298
161	0.5900684210526316	299
114	0.5819052631578947	300
352	0.5759315789473685	301
137	0.5697631578947369	302
171	0.5685315789473684	303
254	0.5671947368421053	304
331	0.5600315789473684	305
175	0.5574736842105263	306
82	0.5544210526315789	307
16	0.5520315789473684	308
116	0.5516736842105263	309
342	0.5515947368421052	310
289	0.5504684210526316	311
384	0.5432368421052631	312
62	0.5425315789473684	313
296	0.5410684210526315	314
163	0.5364105263157894	315
159	0.5311210526315789	316
209	0.5270263157894737	317
83	0.522578947368421	318
243	0.5191157894736842	319
299	0.515578947368421	320
158	0.5129315789473684	321
247	0.5091736842105263	322
152	0.5071842105263158	323
134	0.5051473684210527	324
229	0.5049526315789473	325
239	0.48693157894736844	326
117	0.4824631578947368	327
231	0.47803684210526315	328
157	0.46718947368421054	329
22	0.44242105263157894	330
4	0.4353578947368421	331
182	0.42959473684210525	332
67	0.42555263157894735	333
101	0.40110526315789474	334
185	0.40011052631578947	335
154	0.39893684210526315	336
156	0.38872105263157897	337
12	0.3877684210526316	338
103	0.38508947368421054	339
119	0.3844315789473684	340
343	0.38315789473684214	341
66	0.38263157894736843	342
255	0.3823947368421053	343
15	0.38236315789473685	344
125	0.3822421052631579	345
150	0.37550526315789473	346
348	0.3692894736842105	347
129	0.36813684210526315	348
256	0.3635157894736842	349
232	0.36280526315789474	350
78	0.3604473684210526	351
65	0.3553736842105263	352
21	0.35033157894736844	353
295	0.3452421052631579	354
6	0.3438157894736842	355
120	0.32887894736842105	356
252	0.3273473684210526	357
287	0.3260157894736842	358
335	0.3217421052631579	359
118	0.3174105263157895	360
257	0.31100526315789473	361
94	0.30766315789473686	362
286	0.3065263157894737	363
128	0.3004421052631579	364
181	0.2919473684210526	365
123	0.2847368421052632	366
130	0.2834894736842105	367
250	0.27215263157894737	368
79	0.2613052631578947	369
2	0.2564315789473684	370
77	0.23787368421052632	371
1	0.23441578947368422	372
3	0.21877894736842105	373
69	0.21436842105263157	374
292	0.20994736842105263	375
70	0.20153157894736842	376
68	0.19457894736842105	377
258	0.19277368421052632	378
71	0.1832315789473684	379
73	0.17867368421052632	380
183	0.17093684210526316	381
75	0.13054736842105263	382
74	0.11732631578947368	383
76	0.11278421052631579	384
72	0.11143684210526315	385
