"","seqnames","start","end","width","strand","Conc","Conc_WT","Conc_MUTANT","Fold","p.value","FDR"
"40154","chr2",28274808,28275308,501,"*",6.3274012710366,7.16104146883144,4.12863299054928,2.77833813052703,1.62873692772032e-18,9.58452886900983e-14
"24911","chr14",100476443,100476943,501,"*",7.11110416195606,7.79756798938719,5.7551115448635,1.95981359867615,2.3268502510281e-18,9.58452886900983e-14
"7060","chr1",208107763,208108263,501,"*",6.53463670785559,7.3095092552261,4.74358397455781,2.39528783764206,1.43893095541137e-17,3.95140033228998e-13
"8006","chr1",235910353,235910853,501,"*",6.73937712788384,7.44065366653418,5.32070778695136,2.01691203188207,1.32519540673605e-15,2.72930619994324e-11
"45872","chr2",237500877,237501377,501,"*",6.27144717083711,7.02938210500667,4.57680696608389,2.27886844746611,2.22859183173591e-14,3.67191704564136e-10
"3041","chr1",55429058,55429558,501,"*",7.33197579730754,7.89329045316873,6.40067891460921,1.44478544359843,1.33637827624322e-13,1.83489191922448e-09
"7061","chr1",208111843,208112343,501,"*",6.16848404746507,6.92168649896211,4.49947756229168,2.23572983096064,2.32983861275919e-13,2.74195377994754e-09
"64234","chr5",173764385,173764885,501,"*",6.3310392502314,7.0425230731249,4.86714221741444,2.03046888788354,7.64753459516903e-13,7.87523993774019e-09
"45724","chr2",233974530,233975030,501,"*",5.50246906775147,6.3824716218542,2.85519542251488,2.99068473976282,1.51035863908672e-12,1.37435505648302e-08
"76782","chr8",142699613,142700113,501,"*",5.45168608318459,6.34940567956386,2.58268329342217,3.1168897585318,1.66827105008742e-12,1.37435505648302e-08
"10692","chr10",85642717,85643217,501,"*",6.18592718631822,6.90304140119907,4.69631996402488,2.04855343608313,3.74190262891363e-12,2.80241293068329e-08
"19216","chr12",97386172,97386672,501,"*",7.21394731665542,7.761797066321,6.31987961501282,1.39595579172317,4.25392241334545e-12,2.92038863546854e-08
"11921","chr10",117461696,117462196,501,"*",6.2018490965634,6.9143923137603,4.73315700960694,2.02563659966102,1.10656250222697e-11,7.01237169680476e-08
"73987","chr8",21068023,21068523,501,"*",5.42488465077381,6.28913888754764,2.94775662280589,2.8300372404131,1.30336292541249e-11,7.66954603723798e-08
"37619","chr19",30036436,30036936,501,"*",6.2810872826467,6.96310068685387,4.94328461731982,1.88553632741029,1.98569421141245e-11,1.08827870809821e-07
"73187","chr7",137953082,137953582,501,"*",5.70450719681381,6.5164336497165,3.67209432969523,2.50686304195981,2.19301031535489e-11,1.08827870809821e-07
"10507","chr10",75294773,75295273,501,"*",5.97914494376288,6.72644248444176,4.34138278648663,2.1700974131096,2.24572576990964e-11,1.08827870809821e-07
"33430","chr17",66952025,66952525,501,"*",6.07860480881913,6.79522329470505,4.59128379010369,2.02782178759473,2.87762342364183e-11,1.31702429381367e-07
"27662","chr15",90165606,90166106,501,"*",6.02148556422165,6.74488149501132,4.50252045587217,2.06374908871127,3.22846439163056e-11,1.39982817637531e-07
"41673","chr2",71558556,71559056,501,"*",6.60034474420724,7.22436734389012,5.4763878215774,1.6574892743508,3.86385872608966e-11,1.59156204786359e-07
"10506","chr10",75283642,75284142,501,"*",5.86000514658893,6.61260275514098,4.19423625054664,2.19343606481445,5.83240432773543e-11,2.28802444441667e-07
"69107","chr6",169070447,169070947,501,"*",6.63256109500941,7.24751311004186,5.53866031554433,1.62502510449909,7.71262989475389e-11,2.88809943631643e-07
"64670","chr6",3612233,3612733,501,"*",5.33014166297151,6.18659540800109,2.92978482157952,2.73180798821625,9.22248712969213e-11,3.30333449877521e-07
"66327","chr6",52340068,52340568,501,"*",5.43956812328123,6.27522625702835,3.22418272190797,2.6057428929918,1.45181492966986e-10,4.98347573066928e-07
"68994","chr6",163745815,163746315,501,"*",5.49948734826178,6.33109332015238,3.31725571853198,2.58468875724485,1.69439013655774e-10,5.583489929196e-07
"27767","chr15",92803980,92804480,501,"*",7.49281343246557,7.96422580815428,6.78802832167749,1.14476041815914,2.57636834790831e-10,8.07867079418141e-07
"78558","chr9",94919405,94919905,501,"*",6.47001226813384,7.10300043694378,5.315526581843,1.68698471420964,2.64771565928113e-10,8.07867079418141e-07
"29987","chr16",75305295,75305795,501,"*",7.69416821121562,8.14554349155387,7.0336634652639,1.08211310723068,4.46137672842778e-10,1.31263263443335e-06
"40982","chr2",53505738,53506238,501,"*",5.39706504727152,6.20519679435287,3.39161552850903,2.43599260680193,5.12088553864756e-10,1.40671806951986e-06
"35494","chr18",57698760,57699260,501,"*",5.57079312172516,6.34447746529714,3.78675617184797,2.2651162699026,5.12266539846033e-10,1.40671806951986e-06
"67388","chr6",110537169,110537669,501,"*",5.71255839399298,6.4587781646524,4.080413085144,2.12933364968194,6.11710524652979e-10,1.62561085296651e-06
"19199","chr12",97194431,97194931,501,"*",5.58834366582682,6.36749337616616,3.77170117567046,2.28263062008472,6.35660688190918e-10,1.63646871295451e-06
"8864","chr10",17512330,17512830,501,"*",6.36762633946516,7.0011698687346,5.21122184936485,1.6701486249284,1.27913981332527e-09,3.19327563943522e-06
"58883","chr4",128354341,128354841,501,"*",6.39778010456081,7.01021969037329,5.31206207866708,1.60159623328415,1.39553200980852e-09,3.38137405976604e-06
"11099","chr10",97149083,97149583,501,"*",5.79178991771967,6.50940455289192,4.29987037736665,1.99890918426371,1.46252607868546e-09,3.44245209755044e-06
"1948","chr1",33433566,33434066,501,"*",6.80259089452477,7.35358060575376,5.8999578251809,1.3877385699771,1.56108210016567e-09,3.57236293266244e-06
"47313","chr20",44018112,44018612,501,"*",5.82415823563425,6.54720382786837,4.30684967435133,2.0214763582288,1.76408999296346e-09,3.84526159781742e-06
"8007","chr1",235917337,235917837,501,"*",5.87542856946901,6.5739748420438,4.46856740597558,1.92691429280138,1.77368770747326e-09,3.84526159781742e-06
"15672","chr11",106397803,106398746,944,"*",6.17149083985738,6.83546600579463,4.90461138830953,1.78083428374437,1.99199699284572e-09,4.20781272473374e-06
"61217","chr5",71653106,71653606,501,"*",6.63115107684528,7.20220347818298,5.67209432969523,1.45779635123404,3.9411691163618e-09,8.11703485360294e-06
"39707","chr2",12006623,12007123,501,"*",6.38685135180444,6.99426446136932,5.31732398234232,1.57158737711692,4.13224250847526e-09,8.12237910071609e-06
"58499","chr4",113468270,113468770,501,"*",7.9185385091527,8.31606675427972,7.36796962637576,0.929456994913028,4.14095217681139e-09,8.12237910071609e-06
"40980","chr2",53475083,53475583,501,"*",5.17263879881038,5.99866063379152,3.03473558150426,2.47420395092008,5.0897179989122e-09,9.75118949270662e-06
"9276","chr10",29658835,29659335,501,"*",6.20164917795125,6.84002289982258,5.02841600136576,1.67548452194973,7.13330223530878e-09,1.33558114715729e-05
"69261","chr7",1520576,1521076,501,"*",7.31528351257854,7.77632177691494,6.63367067619215,1.10622407233775,8.58767019168954e-09,1.57215432384837e-05
"6396","chr1",185500056,185500556,501,"*",6.56590905938225,7.15739198880054,5.54616906731229,1.50957073316529,9.32821818425201e-09,1.6706027618588e-05
"79360","chr9",122778166,122778666,501,"*",5.82083535409969,6.51774697864635,4.42098733884598,1.89884517444719,1.04782476919591e-08,1.8366361731042e-05
"24580","chr14",85233489,85233989,501,"*",4.88002744108373,5.77155698891597,2.0927396415761,2.79512932617992,1.19488418288373e-08,2.01575331706951e-05
"44883","chr2",203280660,203281160,501,"*",5.25004060939204,6.0370365118802,3.38503539688667,2.27265791955475,1.22337167032813e-08,2.01575331706951e-05
"38109","chr19",42113528,42114028,501,"*",6.92801469856036,7.44733478465849,6.10872370802724,1.28108182984356,1.23496293851353e-08,2.01575331706951e-05
"58887","chr4",128386949,128387449,501,"*",5.97876042204644,6.63779518308038,4.73056408112185,1.7580932614894,1.24788690697658e-08,2.01575331706951e-05
"22990","chr14",31263501,31264001,501,"*",6.16216140340563,6.79594695394978,5.00491968476189,1.6536178961858,1.7441844828771e-08,2.76325780900733e-05
"46959","chr20",35305648,35306148,501,"*",6.49794648052299,7.08951838817464,5.47793461642893,1.51536363858084,2.02215946312738e-08,3.14319888474264e-05
"28522","chr16",10991666,10992166,501,"*",6.10730354049154,6.72681918113059,4.99838269587586,1.60882843644611,2.36486793132899e-08,3.60782499849528e-05
"20870","chr13",27195159,27195659,501,"*",5.49990871487943,6.22838499464557,3.95665926099552,2.01766172002636,2.54421185774973e-08,3.81085929572979e-05
"73155","chr7",135714535,135715035,501,"*",6.3393463365186,6.92135740210808,5.3481645860268,1.48082131875692,2.89026422925577e-08,4.25188835240266e-05
"67378","chr6",110492526,110493026,501,"*",6.16033467957291,6.76972088817882,5.08448017269899,1.56678289880118,3.42620412382139e-08,4.95188680927462e-05
"24908","chr14",100439252,100439752,501,"*",6.87203969088185,7.37112962936489,6.10268110753281,1.2169921859724,3.51132036258265e-08,4.9874067950049e-05
"55932","chr3",195119454,195119954,501,"*",6.18168386259264,6.78580440121576,5.12263431510706,1.55598881897933,3.58696288791765e-08,5.00849451919376e-05
"27296","chr15",78988495,78988995,501,"*",6.87089939305933,7.37161393321155,6.09761957743527,1.2242719778468,4.04406468240465e-08,5.5395642207134e-05
"13561","chr11",44421192,44421692,501,"*",6.55324818507786,7.11635621242253,5.61689279695041,1.40997849806794,4.10178701006916e-08,5.5395642207134e-05
"78869","chr9",106892619,106893119,501,"*",5.27439836468083,6.02969053899076,3.59413926636696,2.10485611944153,6.02663866475034e-08,7.92216128638801e-05
"45110","chr2",214593700,214594200,501,"*",5.52647177770563,6.24222756787226,4.04311885622263,1.94927299899656,6.05831566413105e-08,7.92216128638801e-05
"78181","chr9",80061891,80062391,501,"*",5.67128659181815,6.36652183399624,4.27858735588288,1.8762714458005,6.39465848539522e-08,8.23132430224732e-05
"46963","chr20",35327233,35327733,501,"*",6.18477724055326,6.77668750707503,5.16373090325572,1.50825867852971,6.84740614996131e-08,8.67850789917096e-05
"67381","chr6",110511322,110511822,501,"*",6.58324235513182,7.11404258492861,5.73450284997613,1.30954425423656,7.54607541645435e-08,9.23723636581151e-05
"40983","chr2",53509862,53510362,501,"*",4.84051496550438,5.67986761713462,2.59413926636696,2.4638847403454,7.56206436850475e-08,9.23723636581151e-05
"39555","chr2",9558992,9559492,501,"*",6.64507910390126,7.16467893867462,5.82508036519901,1.27715736070982,7.62462762345152e-08,9.23723636581151e-05
"24586","chr14",85528457,85529446,990,"*",5.18710312454565,5.96823649213411,3.35841058007558,2.19634631229498,7.77940461233131e-08,9.28815812714605e-05
"73275","chr7",140626235,140626735,501,"*",5.843495143403,6.49213268803175,4.63364326521374,1.70104440454947,8.14022936233485e-08,9.580119647541e-05
"2891","chr1",53413175,53413675,501,"*",6.55668200531983,7.09597917121805,5.68559732934181,1.34042380117323,8.43724819004172e-08,9.78982225904249e-05
"46149","chr20",1399975,1400475,501,"*",5.48318970682413,6.18934518330744,4.04311885622263,1.90536735307819,8.79755924614863e-08,0.00010024661705011
"59466","chr4",151744605,151745105,501,"*",5.17160667602337,5.9501854885224,3.35841058007558,2.18184887199602,8.88301211995098e-08,0.00010024661705011
"3988","chr1",99465414,99465914,501,"*",4.88373262926756,5.71235652530173,2.72536420146945,2.40933676706487,9.08199271347193e-08,0.000101107124827195
"65858","chr6",37240019,37240519,501,"*",6.06449695428168,6.67084097015993,4.99838269587586,1.55304732969489,9.50699695697968e-08,0.000104427389774653
"15673","chr11",106399100,106399600,501,"*",6.2681830498436,6.84002289982258,5.30684967435133,1.43859433899048,1.00156163150737e-07,0.000108566645166895
"48769","chr21",36202127,36202627,501,"*",4.90948396076731,5.72833446291357,2.82634316459216,2.35512691197383,1.08521490826775e-07,0.000115395808904657
"30428","chr16",88118813,88119313,501,"*",5.00595218646762,5.8042241662848,3.06798030088637,2.27919047599981,1.09257763765911e-07,0.000115395808904657
"33428","chr17",66939693,66940193,501,"*",5.27644837006002,6.02044896581785,3.65578690162023,2.03847327397049,1.46886455173075e-07,0.000151251443675975
"9901","chr10",58856441,58856941,501,"*",5.7642101923037,6.41714681512375,4.53866031554433,1.71116839142867,1.47762852709146e-07,0.000151251443675975
"74148","chr8",26457769,26458269,501,"*",5.96628385917823,6.6064457054161,4.78675617184797,1.66605937841707,1.48714123689082e-07,0.000151251443675975
"20849","chr13",26983145,26983645,501,"*",6.08430359335853,6.686113115007,5.03254897310888,1.53880005996861,1.54641992918525e-07,0.000155362398300169
"78557","chr9",94912837,94913337,501,"*",6.1600232944039,6.77815316372374,5.05568496919841,1.58232423641782,1.75301050107416e-07,0.000173995796505412
"11806","chr10",113087268,113087768,501,"*",5.46877375288603,6.17165258280111,4.04311885622263,1.88185409581774,1.89097574420382e-07,0.000182981515846813
"40139","chr2",27799129,27799629,501,"*",6.25811487500826,6.82524491448456,5.3103267021906,1.42130775665355,1.89230792593102e-07,0.000182981515846813
"11491","chr10",103272866,103273366,501,"*",5.55862292921075,6.23798141932939,4.23153698983862,1.79948111132102,1.91017581059284e-07,0.000182981515846813
"48635","chr21",31559189,31559689,501,"*",4.73659672687785,5.57775753729928,2.47477816355407,2.43485572288048,2.100184595078e-07,0.000198870583116915
"68656","chr6",154554973,154555473,501,"*",5.62875048569021,6.29629904162016,4.3481645860268,1.75236272103312,2.14552318805798e-07,0.000200855103725673
"73973","chr8",20310815,20311315,501,"*",6.77750693450574,7.27081405487315,6.02198484998662,1.19230740982413,2.45132306063918e-07,0.000226904377956828
"81947","chrX",150688972,150689472,501,"*",4.77809400762527,5.60850166291847,2.60550498734092,2.37585842871909,2.704420072267e-07,0.000247550593770556
"48015","chr20",58623816,58624316,501,"*",5.38524995175662,6.08981128028913,3.95221480898269,1.88417884370842,2.74541170066788e-07,0.000248541216180683
"7062","chr1",208119936,208120436,501,"*",5.21838336453707,5.95083383930331,3.65578690162023,1.98024519512311,2.84138569906188e-07,0.000254433735500126
"51179","chr3",14472818,14473318,501,"*",5.52461615911704,6.21224682153762,4.16380683177785,1.81020134910864,3.07706079928486e-07,0.00027257464813622
"24480","chr14",77303573,77304073,501,"*",5.57761324258602,6.24169515823443,4.3103267021906,1.73497758806059,3.2900807505458e-07,0.000285753880443081
"67379","chr6",110509637,110510137,501,"*",5.75725988085933,6.39109884032615,4.59983331938559,1.63208068924769,3.29521238159946e-07,0.000285753880443081
"41840","chr2",74740691,74741191,501,"*",6.60105546374927,7.10940416911646,5.80914522262913,1.23538087963631,3.45871123261179e-07,0.0002968078632969
"52501","chr3",54891468,54891968,501,"*",5.06217157293014,5.81566294198977,3.39161552850903,2.05373089451326,4.1387693573899e-07,0.000351505254845871
"9672","chr10",47402861,47403361,501,"*",5.42362755651814,6.11895750791321,4.03052560538326,1.83332458597079,4.20960690483105e-07,0.000353873302075298
"6399","chr1",185565275,185565775,501,"*",6.97892707205169,7.43880610018734,6.29987037736665,1.09011802449807,4.29530143046962e-07,0.000357429820651463
"64677","chr6",3803589,3804089,501,"*",5.49102428711585,6.17332025086294,4.15207518458273,1.79781800788148,4.61041950139053e-07,0.000379815579363554
"20101","chr12",119176277,119176777,501,"*",4.87316115735982,5.67359299573127,2.9207142640077,2.21479358775933,4.93645392803117e-07,0.000399657029668725
"65925","chr6",38261932,38262432,501,"*",6.55816836159237,7.06845427690365,5.76147617298615,1.24248981097137,4.94829174166808e-07,0.000399657029668725
"76151","chr8",117814838,117815338,501,"*",5.77099060725112,6.39157648791409,4.65851763918146,1.57638620895886,6.36492773282566e-07,0.000509082986879266
"52895","chr3",64238924,64239424,501,"*",5.92449053065758,6.5190569216267,4.89528920291176,1.49512325754768,6.46779297652144e-07,0.000512336270184413
"64236","chr5",173824140,173824640,501,"*",4.88026294302594,5.66413554206289,3.03473558150426,2.14417501641993,6.72421692122251e-07,0.000527575655623003
"31737","chr17",31596596,31597096,501,"*",6.09082590546749,6.67044936792043,5.10672548385166,1.44364501905375,6.87356454184909e-07,0.00053420565479869
"3929","chr1",94697762,94698262,501,"*",5.07010184565287,5.81281263337826,3.45606509932501,1.99223579214617,7.30328854306781e-07,0.000562298613789731
"53173","chr3",83514431,83514931,501,"*",5.29510770778225,5.99363534175738,3.88832674702673,1.834743469638,7.40179062221352e-07,0.000564605847258513
"45354","chr2",223262925,223263425,501,"*",4.87277930759216,5.67045134108194,2.93879870658492,2.19176180671742,7.60994241890059e-07,0.000575158051700797
"67387","chr6",110534810,110535310,501,"*",5.20709080242298,5.92135574392554,3.73056408112185,1.89230235489969,7.91685641414493e-07,0.000592914968281898
"58894","chr4",128552998,128553498,501,"*",5.09359778196865,5.82630526667843,3.5297393273036,1.95279080555646,8.39337522834188e-07,0.000622936870479528
"20102","chr12",119178453,119178953,501,"*",5.1513889191212,5.88041015117144,3.60550498734092,1.94163017247726,8.46895310792492e-07,0.000622936870479528
"6747","chr1",201714570,201715070,501,"*",6.51742520863195,7.04374218869243,5.68028559752773,1.27704091728974,8.87658500628332e-07,0.000647142323882861
"22989","chr14",31261802,31262302,501,"*",6.15152784553185,6.70814443378692,5.23336971405188,1.37502343024208,9.18161857941986e-07,0.000658060171349618
"11100","chr10",97150059,97150559,501,"*",5.76210782362761,6.39157888184533,4.61969808222541,1.59750062493459,9.18609886931685e-07,0.000658060171349618
"79163","chr9",114551854,114552354,501,"*",7.10562273449767,7.53449934696117,6.49257726823833,1.00517964327103,9.39592081804218e-07,0.000667288576579268
"30431","chr16",88242701,88243201,501,"*",4.67745391011297,5.49480047977645,2.60550498734092,2.25115351134321,9.95009574358718e-07,0.000699326015024663
"33186","chr17",62824695,62825195,501,"*",5.29376905339136,6.00928785163095,3.81150388877597,1.89825948080711,1.00168082557974e-06,0.000699326015024663
"24583","chr14",85248824,85249324,501,"*",4.43478439732226,5.30088585248477,1.93879870658492,2.38897035165073,1.31090802897344e-06,0.000907522901200753
"3930","chr1",94698904,94699404,501,"*",5.01792820432585,5.76935338745074,3.35841058007558,1.98973849840034,1.33462498577395e-06,0.000916242296483578
"28527","chr16",11079620,11080120,501,"*",5.81644519921389,6.42650234062786,4.73843089468616,1.52568544460073,1.34640210066705e-06,0.000916688412042586
"37114","chr19",16823054,16823554,501,"*",5.2932377178673,5.99677819998329,3.86468602601511,1.84471913412291,1.36589318343982e-06,0.000922336165886384
"76732","chr8",141146573,141147073,501,"*",7.35732469497245,7.74880330413229,6.8183563320416,0.89960027102352,1.40069439020501e-06,0.0009381463841778
"11970","chr10",119190294,119190794,501,"*",6.83838941952943,7.29451233185813,6.16757006740113,1.07560303534478,1.62501272471853e-06,0.00107672113046405
"32120","chr17",42472770,42473270,501,"*",7.40821552024068,7.81957205441029,6.83058689358711,0.946418742626778,1.63632643354215e-06,0.00107672113046405
"52615","chr3",57060333,57060833,501,"*",5.314209428435,5.9923762789096,3.99190148960287,1.74335135847426,1.64680224367544e-06,0.00107672113046405
"52975","chr3",67647430,67647930,501,"*",5.0370629519324,5.77449356997864,3.4497730807831,1.93860799406927,1.66882182938785e-06,0.00108252661376874
"40155","chr2",28276010,28276510,501,"*",5.28703930380401,5.97271257258255,3.93429880385747,1.76396483491368,1.69696207726822e-06,0.00108513621402768
"6803","chr1",202589136,202589636,501,"*",6.33073371224674,6.87666352265798,5.44186927075986,1.32435233792764,1.69918879864012e-06,0.00108513621402768
"80140","chr9",131678391,131678891,501,"*",6.02351234376211,6.58613236945575,5.08853582699087,1.37854026698872,1.82177633356135e-06,0.00115447367624193
"7527","chr1",223887980,223888480,501,"*",6.059195256954,6.6398089932497,5.07216344734636,1.43641741966053,1.87699251297132e-06,0.00118038471147789
"40479","chr2",38690476,38690976,501,"*",5.74771156435867,6.34940567956386,4.69631996402488,1.49909812095416,1.93659332134708e-06,0.00120863962878193
"23491","chr14",54253521,54254021,501,"*",6.79620130342836,7.24856948474723,6.13354829204466,1.05830467560994,2.06416050533624e-06,0.00127856895301211
"42820","chr2",119492116,119492616,501,"*",5.09038181943769,5.81138536454705,3.58268329342217,1.86748208280551,2.27009531029214e-06,0.00139563426755588
"68538","chr6",149854912,149855412,501,"*",6.3150817873886,6.83897258568921,5.48416607351384,1.25659141863837,2.29367866614149e-06,0.00139968767314125
"11805","chr10",113073509,113074009,501,"*",6.50483229931848,7.00054218421642,5.74358397455781,1.17533803582233,2.36879986287577e-06,0.001434900516937
"38050","chr19",41223392,41223892,501,"*",5.44214277504357,6.09098815145862,4.23153698983862,1.64125180916018,2.40643988360747e-06,0.00144706080650621
"15640","chr11",103651818,103652318,501,"*",4.36029089656645,5.30189750538615,0.704375213140552,2.26046696354389,2.48299836350285e-06,0.00148227805204414
"64235","chr5",173766301,173766801,501,"*",5.35205697409635,6.01301782522078,4.0966130916536,1.67573720583383,2.5963544516858e-06,0.00153879764344446
"1068","chr1",20613829,20614329,501,"*",7.07334430615476,7.48587999260926,6.49337245321434,0.947505356184275,2.71990440393265e-06,0.00160050831860557
"6324","chr1",183808262,183808762,501,"*",6.44404672846905,6.93518750451643,5.6936599146736,1.16450437974505,2.79813821256278e-06,0.00163486682430743
"513","chr1",9623579,9624079,501,"*",5.98992761780991,6.54934804919554,5.06394773531365,1.35712131959095,3.00091184773029e-06,0.0017297811267077
"35379","chr18",49548260,49548760,501,"*",6.2906656942135,6.81601883494062,5.45600309466277,1.26633056923836,3.00258188826687e-06,0.0017297811267077
"19217","chr12",97396939,97397439,501,"*",6.13415345114869,6.67162977055531,5.26789757861066,1.29604635026487,3.06293956913341e-06,0.00175229921933576
"26188","chr15",57485789,57486289,501,"*",6.86486259746717,7.31001468906995,6.21771684031077,1.0314617086019,3.28675736206803e-06,0.00186737686208199
"57213","chr4",48909609,48910109,501,"*",5.49894933153911,6.12988008966525,4.35154356822256,1.57283458738452,3.39249422197705e-06,0.00191062814258918
"10535","chr10",77505908,77506408,501,"*",4.98119484381521,5.70852785976827,3.44345350064461,1.86353439742342,3.4092682498678e-06,0.00191062814258918
"19209","chr12",97275897,97276397,501,"*",5.39398438352132,6.04191617930192,4.18668885462096,1.62334454476601,3.53762885980497e-06,0.0019691685184355
"76150","chr8",117811115,117811615,501,"*",6.50306627830611,6.99803657343207,5.74358397455781,1.16379314217613,4.31857170946468e-06,0.00238773539979275
"47969","chr20",57168192,57168692,501,"*",6.30039724651758,6.80745128454658,5.51167047741004,1.19972807850621,4.44052745899507e-06,0.00243879688751288
"17705","chr12",51371460,51371960,501,"*",5.67866997161488,6.29425946786665,4.58268329342217,1.50935908630936,4.47685516747728e-06,0.00244246544640472
"8580","chr10",11773659,11774159,501,"*",7.06642166912845,7.47780175305214,6.488746300059,0.937782619809024,4.59814518407851e-06,0.00249213418786024
"30346","chr16",87047222,87047722,501,"*",5.9688604915496,6.51993101673137,5.06600605367045,1.32124375311145,4.77773422691005e-06,0.00257254445151179
"17759","chr12",52181653,52182153,501,"*",6.18076139334638,6.72568499777624,5.29461365755147,1.30048722880565,4.88792840480879e-06,0.00261478777821401
"69598","chr7",7553801,7554301,501,"*",5.40732074107639,6.05162324759235,4.21308054669064,1.59023770433209,5.0049178644817e-06,0.00266009770007569
"44410","chr2",188298865,188299365,501,"*",7.31606524743013,7.69446248546833,6.80170448022844,0.851087769433377,5.40435291483912e-06,0.00284155987751646
"30337","chr16",86772669,86773169,501,"*",6.67853665185138,7.12758662871245,6.02304475011013,1.03603787431381,5.41532010354306e-06,0.00284155987751646
"16775","chr12",10179605,10180105,501,"*",4.74567402601228,5.50808139590276,3.02630330802791,1.92852645093909,5.50170779234232e-06,0.0028686182996756
"12219","chr10",125084171,125084671,501,"*",6.13911349071648,6.66966189593502,5.29102899032838,1.26079220527671,5.77881981773816e-06,0.00299415556116293
"69108","chr6",169073292,169073792,501,"*",5.77361970220784,6.35333419919553,4.78925013443506,1.40063752180509,5.83693439435442e-06,0.00300536455797316
"40179","chr2",28596610,28597110,501,"*",6.40120317940864,6.91106454427585,5.60556088848685,1.1976386480388,5.97346194859293e-06,0.00305655740527318
"75069","chr8",66522488,66522988,501,"*",6.9652137868982,7.38367380537135,6.37338179323192,0.953868067292289,6.17833321240566e-06,0.00314187312780496
"40455","chr2",38146809,38147309,501,"*",4.74770770804904,5.50896657786274,3.03473558150426,1.90602437890544,6.79603525043314e-06,0.00343479126381094
"72351","chr7",102125152,102125652,501,"*",6.38691543066515,6.87632228157568,5.64062019118039,1.13676191267386,6.97231944423622e-06,0.00350240012472602
"15360","chr11",86743367,86743867,501,"*",5.00421674672168,5.71541215886485,3.54162176171668,1.76733811833893,7.24994282524555e-06,0.00361978660502654
"54036","chr3",133480120,133480620,501,"*",6.68311562450899,7.14554562085109,5.99842527088419,1.0599973606116,7.45164315957172e-06,0.00369807992031227
"77876","chr9",42431012,42431512,501,"*",5.23000374195243,5.88517012301868,3.99622552731981,1.59679949174997,8.21299087287382e-06,0.00405151265921612
"3148","chr1",62237830,62238330,501,"*",5.3769236046806,6.01797927103396,4.19423625054664,1.56104272926942,8.31335870391013e-06,0.00407661379015193
"46152","chr20",1417206,1417706,501,"*",6.14078329312683,6.66926799869777,5.29805108620016,1.24123220882404,8.97747903281931e-06,0.00437622886202201
"49952","chr22",35589361,35589861,501,"*",6.85712231287775,7.28142506959816,6.25344885392717,0.95875183209259,9.19551224448245e-06,0.0044463985508361
"35008","chr18",29154871,29155371,501,"*",4.59907039221406,5.3674909419332,2.84564197251377,1.887215350587,9.22937234096008e-06,0.0044463985508361
"19208","chr12",97267739,97268239,501,"*",4.93597104481638,5.64823002121933,3.46856740597558,1.74412779857744,9.56151730306995e-06,0.00457963324686924
"42810","chr2",119252706,119253206,501,"*",5.13779135791998,5.8070914766936,3.85042660530474,1.62364386578487,1.00795999083239e-05,0.00479987051819387
"57362","chr4",57081259,57081759,501,"*",6.52089041647222,6.9806743772271,5.84204305566911,1.04739908777939,1.01847401498715e-05,0.00482076125405804
"3778","chr1",91736935,91737435,501,"*",6.54064369544376,7.0210711455568,5.81527637969559,1.10355484187364,1.02405042298094e-05,0.00482076125405804
"38039","chr19",40962412,40962912,501,"*",4.52491035059301,5.32209856136071,2.59413926636696,1.926860745405,1.03142869446807e-05,0.00482790674475391
"26224","chr15",58332142,58332642,501,"*",4.7000140820102,5.44779187231322,3.05974066427522,1.81983125054643,1.06971260478174e-05,0.00497881716424461
"75444","chr8",88327420,88327920,501,"*",5.2814043636455,5.92532311565777,4.08853582699087,1.54352651621446,1.08616257236219e-05,0.00502698005822144
"79507","chr9",124812339,124812839,501,"*",6.54364665957683,7.00772928345627,5.85528945559376,1.04884627348492,1.12516914434334e-05,0.00517841812565882
"40978","chr2",53453320,53453820,501,"*",4.29434943408017,5.12241477525748,2.14040170074829,1.94472858063804,1.15578883638548e-05,0.0052609797984628
"24481","chr14",77313955,77314455,501,"*",6.33699038481149,6.81637464011925,5.61402647430027,1.09261032575171,1.15588034221282e-05,0.0052609797984628
"70193","chr7",25714025,25714525,501,"*",7.27236703790571,6.78107088003981,7.63818756825128,-0.798702490464773,1.16905147880177e-05,0.0052916922487169
"78868","chr9",106883628,106884128,501,"*",4.50246706021475,5.29272597030917,2.61678186727442,1.89199273278617,1.18364627328993e-05,0.00532847799377984
"40173","chr2",28508330,28508830,501,"*",5.80812759614023,6.36700525181081,4.88366637227923,1.29938823999966,1.22992307407353e-05,0.00550671318958292
"67454","chr6",111552320,111552820,501,"*",6.89562491863292,7.31732491077106,6.29724441168369,0.933886705186239,1.24396239406646e-05,0.00553946540259369
"522","chr1",9719034,9719534,501,"*",6.29571065137414,6.7796118447977,5.56229860768618,1.09862327439543,1.29786798167011e-05,0.00574843871322298
"82101","chrY",7834177,7834677,501,"*",4.10151424433305,4.979721659584,1.47477816355407,1.88120118824146,1.3162205014847e-05,0.00579854959108625
"42635","chr2",110101201,110101701,501,"*",7.3590337979981,7.73135647707527,6.8558844121417,0.805677379555933,1.35040754998532e-05,0.00591751461611119
"17084","chr12",26274597,26275097,501,"*",5.49475508507431,6.10853280346626,4.40468643451858,1.44860959323772,1.40917610488781e-05,0.00612720425131937
"71066","chr7",55132675,55133175,501,"*",6.44929454500973,6.91139599718491,5.76533155648823,1.03726140103873,1.41313491751921e-05,0.00612720425131937
"380","chr1",8121238,8121738,501,"*",6.80117721858339,7.21872296008486,6.21118511303975,0.919145780047581,1.46883777810861e-05,0.00633538187623789
"3920","chr1",94527402,94527902,501,"*",5.26518373252877,5.90337806026708,4.09258011212111,1.50201652040074,1.48666296842962e-05,0.00637886815964421
"71937","chr7",94183279,94183779,501,"*",5.37708712848988,5.99991736709519,4.2571280028407,1.45586238135113,1.52066255439383e-05,0.00646621563318917
"52509","chr3",55191953,55192453,501,"*",5.37778008286228,5.99866377712904,4.26431664524427,1.45291377303289,1.53000494950089e-05,0.00646621563318917
"58207","chr4",99060146,99060646,501,"*",5.3014353171298,5.9351891468772,4.14430336647864,1.48977297724315,1.53056741578486e-05,0.00646621563318917
"20510","chr12",128797344,128797844,501,"*",5.12231495203228,5.79630593501273,3.8165960798351,1.5816882347552,1.54812688803594e-05,0.00650703006582534
"24581","chr14",85234155,85234655,501,"*",4.04926318771615,4.9720771839415,0.786558949212786,1.561457473689,1.56355183110524e-05,0.00652522560536477
"70704","chr7",39754675,39755175,501,"*",5.51902012156174,6.11143531127654,4.49642823715423,1.37656820778369,1.56829728564762e-05,0.00652522560536477
"18706","chr12",74781487,74781987,501,"*",4.60399659621749,5.35480464047559,2.94775662280589,1.73669440134619,1.80924552793956e-05,0.00746722999391484
"63250","chr5",142215811,142216311,501,"*",5.33720014643657,5.95794976675218,4.22418272190797,1.4363451428619,1.82034559966473e-05,0.00746722999391484
"76734","chr8",141154068,141154568,501,"*",6.85453783530834,7.27755393407319,6.25348452968568,0.92446459451047,1.82189462355476e-05,0.00746722999391484
"17758","chr12",52177130,52177630,501,"*",5.64427957204312,6.21332797305576,4.69099495164688,1.30003509981648,1.86539027558747e-05,0.00760765255858649
"62568","chr5",125485205,125485705,501,"*",6.82239933053167,7.24539936189298,6.22137869978687,0.923804536855632,1.8975734922171e-05,0.00770078322343986
"40887","chr2",46873558,46874058,501,"*",5.12922467545353,5.79630955165689,3.85042660530474,1.55049617255977,1.91050173816122e-05,0.00771078749070569
"68575","chr6",151040865,151041365,501,"*",6.75716813811315,7.20057025053194,6.11374649757346,0.969740888679669,1.91875826709071e-05,0.00771078749070569
"7807","chr1",230382024,230382524,501,"*",6.66936772294186,7.10911231653814,6.03368423865786,0.956025786153176,2.04383448069981e-05,0.0081735520480103
"18667","chr12",71556875,71557375,501,"*",4.4902469766615,5.26065269193146,2.72536420146945,1.74142875569557,2.06294562051925e-05,0.00817561238811738
"387","chr1",8154631,8155131,501,"*",5.43679325222778,6.04069857215131,4.37842511572151,1.3785378863659,2.06419773339858e-05,0.00817561238811738
"64075","chr5",170151069,170151569,501,"*",4.04344838248768,4.91870697021806,1.4497730807831,1.7130487076918,2.07444165706236e-05,0.00817687332976611
"13055","chr11",14422224,14422724,501,"*",6.7565207592358,7.17831310746504,6.15795293301218,0.910594422356941,2.21712273124273e-05,0.00865840687058664
"59550","chr4",156346985,156347485,501,"*",3.98009523197093,4.87563784560353,1.14040170074829,1.59864798517316,2.21762502694009e-05,0.00865840687058664
"16778","chr12",10205266,10205766,501,"*",4.49963862886427,5.27522106702404,2.70437521314055,1.71628661669761,2.3249845370964e-05,0.00903475830825829
"24582","chr14",85239478,85239978,501,"*",3.94708566724665,4.86879276470766,0.704375213140552,1.3954919613121,2.358865489227e-05,0.00908202101838899
"33185","chr17",62819790,62820290,501,"*",5.83368724631175,6.37185723762183,4.96559441050151,1.19938066362011,2.36483890181937e-05,0.00908202101838899
"47356","chr20",44692893,44693393,501,"*",7.31134920370025,7.67064518232714,6.83179709830784,0.749828590548138,2.37021985258143e-05,0.00908202101838899
"15632","chr11",103581695,103582195,501,"*",4.56267223372168,5.32809462297843,2.82634316459216,1.69520230961368,2.41459735250043e-05,0.00920922958767084
"58070","chr4",89674908,89675408,501,"*",6.36656812008057,6.84002465417139,5.65715291649429,1.03324886386217,2.46312841933731e-05,0.0093510343521588
"71212","chr7",66952533,66953033,501,"*",5.55545209607114,6.13616730087897,4.56811947098918,1.30439679695271,2.50669163926387e-05,0.00947276470760716
"43582","chr2",160157848,160158348,501,"*",6.04903389956206,6.56764398812807,5.23153698983862,1.14639246071347,2.53523765557956e-05,0.00953689262748656
"24717","chr14",92511400,92511900,501,"*",5.10842591909246,5.75605690602709,3.90221821925314,1.45997701133167,2.62843997138316e-05,0.00984255189647669
"78553","chr9",94867880,94868380,501,"*",5.22958311727757,5.85984186666959,4.08448017269899,1.41415037260365,2.64067066068452e-05,0.00984360770898244
"20848","chr13",26978432,26978932,501,"*",5.96252076201249,6.48990389011071,5.12263431510706,1.16670307851759,2.6679716708789e-05,0.00990057847704261
"66266","chr6",45445726,45446226,501,"*",5.11835012129039,5.77376090330319,3.88366637227923,1.4624145030198,2.82003370168218e-05,0.0104179379556942
"64997","chr6",11609415,11609915,501,"*",6.97026113941812,7.381270846831,6.39332064359122,0.864976766910123,2.83638401663566e-05,0.0104315619668964
"64064","chr5",169350756,169351256,501,"*",4.91416567751169,5.60603416209291,3.5356927778516,1.53990571456598,2.86844803401633e-05,0.0104792667350337
"31146","chr17",15645646,15646146,501,"*",4.99069517467485,5.65699755912819,3.7149078766455,1.48101920587191,2.89920313617287e-05,0.0104792667350337
"17407","chr12",47165902,47166402,501,"*",5.78967914617833,4.92663874646631,6.32593830858149,-1.17987983149169,2.90019093267026e-05,0.0104792667350337
"67377","chr6",110491836,110492336,501,"*",5.11123858525881,5.76345690854213,3.88832674702673,1.45067888039143,2.90023647834197e-05,0.0104792667350337
"46962","chr20",35320158,35320658,501,"*",6.13483129420332,6.62362740294546,5.38997330708697,1.05960152152785,2.93245062374615e-05,0.0105493950779675
"46285","chr20",4135631,4136131,501,"*",5.06487634174292,5.73437594953642,3.77673698389713,1.48705220105673,2.9487375088017e-05,0.0105618649326131
"11686","chr10",110495945,110496445,501,"*",6.92675004929226,7.32485089475,6.37507579104816,0.832341116603914,3.03679756272485e-05,0.0108301929356017
"49628","chr22",28116452,28116952,501,"*",5.53359403048437,6.11085527668286,4.55645416368526,1.26706789302043,3.10990308824434e-05,0.0110431050092993
"59954","chr4",173346183,173346683,501,"*",5.70149942497632,6.24962376578705,4.80668544542768,1.19340208929099,3.2294942888619e-05,0.011418549292061
"6379","chr1",185292463,185292963,501,"*",7.06369224692643,7.45054859670451,6.5334924939295,0.798638546128958,3.25542917639146e-05,0.0114610583935676
"6947","chr1",205495390,205495890,501,"*",5.18793307694983,5.81566294198977,4.05145369834456,1.38119490264688,3.29099872502151e-05,0.011536981147435
"49956","chr22",35629823,35630323,501,"*",5.38325083539444,5.979721659584,4.3481645860268,1.30486772629637,3.37793690991638e-05,0.0117536912116006
"6702","chr1",201272786,201273286,501,"*",4.82562552128176,5.51686936408105,3.4497730807831,1.50291589997032,3.38135128687012e-05,0.0117536912116006
"51241","chr3",16060267,16060767,501,"*",5.06022234344281,5.71541598409175,3.82634316459216,1.42935442166294,3.42114595987464e-05,0.0118420523725375
"57361","chr4",57078660,57079160,501,"*",6.46701734185014,6.91372570668038,5.81654778600577,0.937280918632152,3.45871139662267e-05,0.0119064145282588
"55252","chr3",172658956,172659456,501,"*",4.31831765163158,5.10387368832827,2.46232979563565,1.61321830841037,3.46864544048712e-05,0.0119064145282588
"45147","chr2",216316707,216317207,501,"*",4.49619676755575,5.24593040654267,2.84564197251377,1.58376062334081,3.52511526410345e-05,0.0120500433895174
"58971","chr4",135164149,135164649,501,"*",5.09305155346698,5.74413363063144,3.87430021458286,1.40879791148927,3.62212860168498e-05,0.0123305040687608
"20709","chr13",21067778,21068278,501,"*",6.55942736467711,6.99143126015873,5.93992149261569,0.898323340156907,3.65260786516351e-05,0.0123830922283087
"78564","chr9",95025156,95026144,989,"*",5.91731569233333,6.4514663355002,5.05982226767896,1.14486162562664,3.67292274542254e-05,0.0124009312136639
"34588","chr18",10131930,10132430,501,"*",4.89895087299369,5.57271173638955,3.59413926636696,1.4542900485332,3.69566621458408e-05,0.0124267907791782
"25052","chr14",103198435,103198935,501,"*",7.12283244182064,7.49746668419931,6.61543258830254,0.759622520991395,3.73691577323939e-05,0.0124834482183925
"48945","chr21",43497970,43498470,501,"*",6.29914137724817,6.76493421319028,5.60697527362131,0.976503151260438,3.75314811670667e-05,0.0124834482183925
"27913","chr15",98896708,98897208,501,"*",5.35376835445998,5.97399210365529,4.24249857398921,1.3476254090541,3.75797523507725e-05,0.0124834482183925
"39556","chr2",9565384,9565884,501,"*",5.77465558820727,6.30748447844185,4.92062440012087,1.1406455742265,3.78498174518868e-05,0.0125226653065114
"67418","chr6",110952322,110952822,501,"*",5.89693711938911,6.41761356640795,5.07421008580106,1.11027754506162,3.84650615267361e-05,0.0126753147947823
"51688","chr3",36677354,36677854,501,"*",4.59616755697494,5.33009444681298,3.02630330802791,1.53525759821521,3.90994126755501e-05,0.012833019183415
"21196","chr13",41648259,41648759,501,"*",5.34616107838985,5.95407447184484,4.27503289029496,1.30172491189925,4.17252840843179e-05,0.0136102005958221
"63182","chr5",141004019,141004519,501,"*",6.59210603932494,7.01363855099452,5.99406512845852,0.862235420778236,4.17977319164743e-05,0.0136102005958221
"45406","chr2",224679190,224679690,501,"*",5.14651573836977,5.78834400457771,3.96109006320519,1.3684678786075,4.26892248228806e-05,0.01384576267464
"17760","chr12",52186034,52186534,501,"*",6.13583909069815,6.61873977531265,5.40475068433072,1.00673802385837,4.32429352204712e-05,0.0139620672486744
"35373","chr18",49500413,49500913,501,"*",6.0239149168865,6.51818229660722,5.26610822296272,1.03217004133093,4.33867739999107e-05,0.0139620672486744
"51350","chr3",23963403,23963903,501,"*",6.46442105758757,6.91339312128157,5.80909667873499,0.92804566147825,4.40005731480015e-05,0.0141044950080882
"3933","chr1",94793180,94793680,501,"*",4.52742624202858,5.26691430354426,2.92978482157952,1.50621817207605,4.45719838465509e-05,0.0142322836172347
"51966","chr3",44359109,44359609,501,"*",6.21866836893487,6.69039187288738,5.51317992209629,0.975193844507788,4.53413139288937e-05,0.0144220390891511
"51391","chr3",27431076,27431576,501,"*",5.04068750734525,5.68922672804127,3.831192122845,1.36134200188328,4.63401233900303e-05,0.0146830463273749
"19391","chr12",104219917,104220417,501,"*",6.49101864953648,6.94042018989208,5.83477048845813,0.916448016890573,4.869819355011e-05,0.0153701610019601
"36452","chr19",6580245,6580745,501,"*",5.2413545371126,5.85845693181677,4.14040170074829,1.29051086787349,4.88889295993945e-05,0.0153701610019601
"10211","chr10",70378030,70378530,501,"*",7.06425646917933,7.44388122522541,6.54761376837617,0.745423606184028,4.90683928954808e-05,0.0153701610019601
"32855","chr17",56699439,56699939,501,"*",5.82711902177329,6.58069699157139,4.15609812441653,1.48604144205342,4.95728977472097e-05,0.0154693729629191
"77841","chr9",38682659,38683159,501,"*",3.93880116530543,4.8042241662848,1.4497730807831,1.35113807486657,5.00122107303426e-05,0.0155475696014607
"73754","chr7",158818385,158818885,501,"*",6.5681958840941,6.99143126015873,5.96669654297598,0.847978590412325,5.02380921306098e-05,0.0155590770898643
"56754","chr4",26022517,26023017,501,"*",5.414921800109,5.99677819998329,4.42420017876272,1.20954057950163,5.0999058166723e-05,0.0157355970407902
"52009","chr3",46114419,46114919,501,"*",5.15742565862115,5.78107088003981,4.03473558150426,1.29000738077016,5.18582661152563e-05,0.0159409988026382
"22178","chr13",97141529,97142029,501,"*",5.82701353381801,6.36603581745448,4.95665926099552,1.11551516423793,5.26746399846726e-05,0.0161317553576851
"38154","chr19",42468308,42468808,501,"*",5.3017454101012,5.89666026984578,4.27146964569526,1.22546730011597,5.49798616674967e-05,0.0167753739403397
"32892","chr17",57459354,57459854,501,"*",7.08995361328474,7.45512459150226,6.59983331938559,0.701768656160032,5.69611341130642e-05,0.017315764392998
"10545","chr10",77943287,77943787,501,"*",6.74428786387698,7.1429918688809,6.19144784538628,0.776381817654709,5.78001911068481e-05,0.0175062328814866
"36092","chr19",2627399,2627899,501,"*",6.07197697314897,6.5531979227439,5.34477767122594,0.9639674086562,5.8962654107325e-05,0.0177928987936617
"32353","chr17",44794799,44795299,501,"*",7.20236496821049,7.54956315440366,6.74420142841548,0.656363136417143,5.92635020157595e-05,0.0178068753381584
"58991","chr4",135382175,135382675,501,"*",4.66447014980553,5.37233887125056,3.2167907727687,1.3927286109336,5.94412701560238e-05,0.0178068753381584
"365","chr1",8004770,8005270,501,"*",6.54918403778089,6.97621977632757,5.93992149261569,0.831631442960356,6.22461875458776e-05,0.0185795848637844
"8334","chr10",681825,682325,501,"*",6.38339826326045,6.82205739750978,5.74999954834291,0.855609077609143,6.45621342368193e-05,0.0191802704446011
"39721","chr2",15169698,15170198,501,"*",5.62951487821264,6.1705369418705,4.75383524288725,1.08341288255156,6.47242745211223e-05,0.0191802704446011
"24853","chr14",99936009,99936509,501,"*",5.1556656557647,5.77375722968846,4.05145369834456,1.23570654096611,6.56064859108509e-05,0.0193720197932176
"10693","chr10",85643813,85644313,501,"*",4.75048903200327,5.43765132789506,3.39161552850903,1.34114186212261,6.62565749625343e-05,0.0194941041377268
"37638","chr19",32373727,32374227,501,"*",5.40785598295079,5.9873290106243,4.42420017876272,1.15638183640927,6.744749252505e-05,0.0197308253140123
"10262","chr10",71622118,71622618,501,"*",6.06720273114805,6.55959021577866,5.31386379795244,0.966607750829429,6.75401512290484e-05,0.0197308253140123
"47962","chr20",56787474,56787974,501,"*",4.55679529465511,5.277295488671,3.05145369834456,1.36432662640181,6.85313740641737e-05,0.0198998371092546
"7515","chr1",223775932,223776432,501,"*",6.07675342136251,6.5811158253608,5.29461365755147,0.992016771513464,6.86018030519812e-05,0.0198998371092546
"49362","chr22",21037726,21038226,501,"*",6.07903075447415,6.56256475477337,5.34647212252918,0.949079236074965,6.89181943246442e-05,0.0199214690696591
"28267","chr16",2795709,2796209,501,"*",5.31620994080432,5.93058834129522,4.22418272190797,1.21431498626891,6.94312663059944e-05,0.0199996034294421
"75802","chr8",101158806,101159306,501,"*",6.54368559799039,6.96695345051171,5.94212017849621,0.811885410475881,7.17916284782239e-05,0.0205507396504254
"69547","chr7",6385311,6385811,501,"*",6.04874107519417,6.54592135643327,5.28397254824363,0.972287308955684,7.18435218776253e-05,0.0205507396504254
"69260","chr7",1513249,1513749,501,"*",7.15951140081132,7.51599231339192,6.6849807248452,0.651974103176515,7.39368916159563e-05,0.0210763633394661
"6838","chr1",203152275,203152775,501,"*",6.60006708023189,7.0185978662474,6.00809252763715,0.793340966533655,7.49599684938146e-05,0.0212943176705429
"80827","chrX",39755672,39756172,501,"*",4.65907240086743,5.37909871997616,3.15594544972685,1.33305435506111,7.55818289617818e-05,0.0213971898059433
"69594","chr7",7438844,7439344,501,"*",4.59815741880139,5.3100159556551,3.13256657055808,1.32286772038455,7.6364524750827e-05,0.0215392592099768
"43619","chr2",160666228,160666728,501,"*",6.0356046896139,6.51599341145926,5.3103267021906,0.927145719628976,7.66065760545167e-05,0.0215392592099768
"384","chr1",8137784,8138284,501,"*",6.52145988762762,6.95050970033416,5.90805774194975,0.806086025492931,7.84034204569752e-05,0.0219694917826072
"6405","chr1",185646231,185646731,501,"*",6.9091758391208,7.29502560582255,6.3808748619605,0.712876452596352,8.07822535109365e-05,0.0225593342669084
"47262","chr20",41329344,41329844,501,"*",7.60907967892681,7.92119199633949,7.2102548419141,0.544890733248036,8.18989264832075e-05,0.0227939100052014
"58881","chr4",128322932,128323432,501,"*",5.45476005676641,6.02661864296441,4.49337245321434,1.10003469606371,8.29893684351152e-05,0.0230196301360999
"22991","chr14",31270108,31270608,501,"*",5.64108817375002,6.17498599342708,4.78425789052301,1.02427809892024,8.39718647161904e-05,0.0232139938223127
"58970","chr4",135160919,135161419,501,"*",5.02871971793683,5.67123838239672,3.84084141888938,1.20210586478872,8.92008769474933e-05,0.0243962781777735
"54303","chr3",140116888,140117388,501,"*",5.36631886131588,5.94498816614918,4.38503539688667,1.09734976122511,8.92930560025499e-05,0.0243962781777735
"40177","chr2",28584129,28584629,501,"*",5.95519930134262,6.44365207915662,5.21114837577919,0.920930038469524,8.93721563435173e-05,0.0243962781777735
"23438","chr14",53742276,53742776,501,"*",6.3266841947563,6.76898579308458,5.68559732934181,0.823112027508224,8.94330801593501e-05,0.0243962781777735
"51074","chr3",12763235,12763735,501,"*",6.25366068777871,6.70392000863436,5.59556488788694,0.836301018587186,9.00448313712218e-05,0.0244820900924884
"71392","chr7",74993845,74994345,501,"*",6.91329761032513,7.28811310130331,6.40556366106097,0.669406746734755,9.30363025669269e-05,0.0252122259146993
"62554","chr5",124905029,124905529,501,"*",6.77373363078347,7.16160027304289,6.24162425325954,0.697549051333418,9.35183064005071e-05,0.025259754484874
"20851","chr13",26988315,26988815,501,"*",5.68960846189123,6.21764449517924,4.8480362724106,0.988870393853401,9.5770408151257e-05,0.0257111505842497
"53437","chr3",113830534,113831034,501,"*",4.68217848400528,5.37910354942404,3.28227297433509,1.23736641832488,9.58136878124426e-05,0.0257111505842497
"21470","chr13",51643093,51643593,501,"*",4.71186650984896,5.39444144645283,3.3717844074566,1.22105214693304,9.74056340417212e-05,0.0260534770896918
"22058","chr13",91178947,91179447,501,"*",5.62318378703291,4.77668934015658,6.15312021773236,-0.983538607355016,9.90882491749022e-05,0.0264177609822873
"33993","chr17",78592253,78592753,501,"*",4.16053972353201,4.94628599356748,2.30336424630558,1.21387661459349,0.000100804347403279,0.0267885927347642
"44582","chr2",191635684,191636184,501,"*",6.89836831173458,7.30139686431573,6.33712791553376,0.714024100225835,0.000102579791064349,0.0271727599596888
"81640","chrX",123846616,123847116,501,"*",6.08939106429661,6.56425840433174,5.37676780212202,0.861119107888109,0.000103994264229805,0.0274591521659608
"21771","chr13",68711803,68712303,501,"*",5.07994988940957,5.69310689035991,3.99190148960287,1.11663604348603,0.00010437476050235,0.0274715703504939
"67385","chr6",110523316,110523816,501,"*",4.88533324456538,5.53341654311191,3.67748943243695,1.16574832288487,0.000104993970125867,0.0275465390028956
"69743","chr7",13920090,13920590,501,"*",6.15039341114456,6.60726637854271,5.47793461642893,0.824006407602057,0.000106369259847765,0.0278187694119954
"30340","chr16",86946318,86946818,501,"*",4.7011130094409,5.38102912495042,3.3717844074566,1.18739245358145,0.000107625385818047,0.0280582105520961
"8848","chr10",17216174,17217146,973,"*",6.34731171983243,6.78362247081664,5.71883788486425,0.777644479773868,0.000108039046523678,0.0280772010432606
"24907","chr14",100434993,100435493,501,"*",6.17629773796231,6.64141238273284,5.48564381195912,0.836448699847478,0.000109936545834569,0.028480479619319
"7191","chr1",211036806,211037306,501,"*",5.38617135826175,5.95601342050092,4.43060447323492,1.036301626549,0.000110331877357984,0.028493293794688
"39959","chr2",25078363,25078863,501,"*",4.76708161830392,5.43765132789506,3.47477816355407,1.17034814265555,0.00011187805545926,0.0288023061401399
"24121","chr14",69519123,69519623,501,"*",5.42612582600839,5.98795771892582,4.49337245321434,1.0125573784977,0.000113435679852071,0.0291123307712565
"64915","chr6",10463390,10463890,501,"*",6.82611120513638,7.20574148100629,6.30945823053615,0.652134759226196,0.000114248906917722,0.0292299796574403
"3743","chr1",90403075,90403575,501,"*",4.39078462418291,5.14526524889111,2.7149078766455,1.18507653039533,0.000114619685675702,0.0292340524623395
"32622","chr17",49110404,49110904,501,"*",4.62914630843527,5.32209353726708,3.24613400516764,1.16855969357316,0.000118254234253549,0.0300679639699873
"49521","chr22",24506867,24507367,501,"*",5.48611634615297,6.03214335502685,4.59698910204746,0.975435247187262,0.00011894709955026,0.0300704301006314
"51322","chr3",23668354,23668854,501,"*",5.19605236978824,5.79413984134243,4.15594544972685,1.06455859311867,0.000118993957573327,0.0300704301006314
"67524","chr6",113362428,113362928,501,"*",4.23114418440734,5.00866212909837,2.42432694926909,1.15088406296562,0.000120441687449022,0.0302667443196715
"35519","chr18",58628888,58629388,501,"*",4.44275963548803,5.16104006446578,2.94775662280589,1.16973655609332,0.000120771798117342,0.0302667443196715
"27002","chr15",74565325,74565825,501,"*",6.36662414455408,6.80959749883806,5.72411278898212,0.769509952972691,0.00012087299265825,0.0302667443196715
"35378","chr18",49546703,49547203,501,"*",5.85482833894196,6.3484218758889,5.09862536153889,0.870361131127174,0.000124682563950714,0.0311260575254174
"69662","chr7",8214113,8214613,501,"*",8.25549440725169,8.50709044090685,7.95055560591835,0.373498990377158,0.000125503630443927,0.0311708489282123
"9419","chr10",34124678,34125178,501,"*",6.0428958074979,6.53168627505932,5.29805108620016,0.861378552441105,0.000125618725500309,0.0311708489282123
"15916","chr11",115226538,115227038,501,"*",4.60143601672648,5.29477027170733,3.2167907727687,1.14393021764112,0.000126559038950271,0.0313098701105141
"51158","chr3",14289498,14289998,501,"*",5.79280791557889,6.31001342248368,4.97885106846293,0.902528269930155,0.000128018711816465,0.0315761602301319
"49017","chr21",44962443,44962943,501,"*",5.81356668385011,6.31657052680364,5.03473558150426,0.876596074129314,0.000128907346813217,0.0317004329706461
"44947","chr2",207337646,207338146,501,"*",6.3124988544831,6.7467494616262,5.68832505675793,0.7420471873483,0.000129688552242932,0.0317976259252298
"15671","chr11",106386810,106387310,501,"*",4.0575013317672,4.85499744818657,2.12468865610916,1.08891171220647,0.000130187322113655,0.0318251987251251
"33108","chr17",60573531,60574031,501,"*",5.98183678882817,6.45649719631705,5.26968471769325,0.820183686099826,0.000133099030118575,0.0323997688503983
"65969","chr6",40997043,40997543,501,"*",4.4471027495143,5.16439805757324,2.95665926099552,1.13231980045486,0.000133668730994534,0.0323997688503983
"61396","chr5",75602001,75602501,501,"*",5.05337991269916,5.67594770369709,3.93429880385747,1.06049857509141,0.000133717576765986,0.0323997688503983
"34816","chr18",23032281,23032781,501,"*",7.76541524202765,8.05162173257228,7.40801587199804,0.430407841354728,0.000139225585389611,0.033635431599903
"73033","chr7",131173455,131173955,501,"*",4.65686296828057,5.34102188605839,3.3103267021906,1.10414161576633,0.000140398259490799,0.0337915677748971
"41681","chr2",71831132,71831632,501,"*",5.0049849544003,5.62403599647399,3.89760257464916,1.04418254064464,0.000141100021036312,0.0337915677748971
"73985","chr8",21041047,21041547,501,"*",7.03950179618716,7.38966494799112,6.57614205569245,0.557967617837007,0.000141102416966869,0.0337915677748971
"28266","chr16",2794440,2794940,501,"*",4.73731543332665,5.40014959229268,3.47477816355407,1.08485968166302,0.000142937784868516,0.034131885776922
"32580","chr17",48757390,48757890,501,"*",6.76607852568527,7.14157274367006,6.25709241706744,0.607800124376783,0.000144084048342842,0.0343061620536994
"70184","chr7",25665828,25666328,501,"*",7.24098213408008,6.81352573864002,7.5703105748364,-0.511492382710625,0.000145302788097437,0.0344966406024296
"72874","chr7",128827395,128827895,501,"*",7.6811452771402,7.97175458088866,7.31684069998065,0.435807358853643,0.000146178025606025,0.0345204116919815
"60714","chr5",37668429,37668929,501,"*",5.51389327449455,6.05765829637327,4.63086499137532,0.924135953649327,0.000146625349309771,0.0345204116919815
"64597","chr6",2631001,2631501,501,"*",6.05411258621788,6.52603926040488,5.3481645860268,0.796024527718009,0.000146659999662469,0.0345204116919815
"366","chr1",8010100,8010600,501,"*",6.21455371109641,6.66413554206289,5.55791749582682,0.750119582561309,0.000147289164097755,0.0345340033504687
"9402","chr10",33133853,33134353,501,"*",4.05059977364287,4.84944496137976,2.10880258737637,1.03266682466301,0.000148072961373982,0.0345340033504687
"63815","chr5",159981705,159982205,501,"*",6.17658267010473,6.62159290337307,5.5297393273036,0.741329376261531,0.00014813261897909,0.0345340033504687
"64596","chr6",2630306,2630806,501,"*",5.85020838406153,6.34694244218672,5.08650942498381,0.835381759083131,0.000148970874853311,0.0345340033504687
"15644","chr11",103923282,103923782,501,"*",4.16117088948875,4.95147865100786,2.27517346914126,1.04380832139216,0.000149236398221269,0.0345340033504687
"68785","chr6",157764460,157764960,501,"*",4.58267288161442,5.26795526838229,3.23153698983862,1.08341206448232,0.000149269088794782,0.0345340033504687
"36171","chr19",3565079,3565579,501,"*",5.13964623025284,5.73738158079774,4.10063482862065,0.999535162126737,0.000150033884885779,0.0345340033504687
"8275","chr1",248821145,248821645,501,"*",5.0343665090314,5.64982808725734,3.93879870658492,1.02011757191295,0.000150099699762795,0.0345340033504687
"65000","chr6",11650209,11650709,501,"*",6.40578195928501,6.84596377385269,5.76917666451667,0.726334536276652,0.00015049048581994,0.0345340033504687
"46151","chr20",1415884,1416384,501,"*",6.26620820306005,6.70314867164016,5.63641619906571,0.720575228070541,0.000153652366420072,0.0351616368067176
"80139","chr9",131677727,131678227,501,"*",5.81803599175792,6.30900237677228,5.06806143957159,0.818860220117349,0.000154798649213711,0.0353258235997893
"37113","chr19",16801529,16802029,501,"*",4.57643744061867,5.26378689483047,3.2167907727687,1.0660783203992,0.000156902205641261,0.0356835120154108
"20369","chr12",122946702,122947202,501,"*",6.33312491666994,6.76898579308458,5.70559170178511,0.716450763567262,0.000157232342764125,0.0356835120154108
"37287","chr19",18390436,18390936,501,"*",7.7202053221767,8.00632653804941,7.36293916061749,0.412065940033496,0.000163952013370047,0.0371063043006901
"21959","chr13",87123955,87124896,942,"*",7.01916807896053,7.37064637734467,6.55349406218759,0.537992431757893,0.000166189374035326,0.0374442901097175
"55883","chr3",193782266,193782766,501,"*",5.18842611763916,5.77522586476122,4.18290029838042,0.955795931939321,0.000166354424269338,0.0374442901097175
"10537","chr10",77565258,77565758,501,"*",4.91467444814212,5.55320006296583,3.74090795044801,1.0129411020567,0.000168137784644878,0.0377425803123008
"4179","chr1",103344398,103344898,501,"*",6.53799662571212,5.97781433476931,6.94048255812039,-0.634450571854507,0.000169159038383332,0.0378686410328686
"58886","chr4",128385526,128386026,501,"*",5.72090478241252,6.22248788662105,4.94552235282901,0.816535448881578,0.000170788701700478,0.0381201703363707
"80678","chrX",21926824,21927324,501,"*",4.90921744929794,5.53428198380908,3.78175527547691,0.991823005033427,0.000171208067593129,0.0381201703363707
"68805","chr6",158026424,158026924,501,"*",6.4493648548711,6.85707586741404,5.87894464453342,0.64233233246479,0.000171721944680252,0.0381315289667075
"65926","chr6",38264500,38265000,501,"*",7.16342463011101,7.49746779645784,6.72796648402341,0.498149619899716,0.00017428648771308,0.0385969608354274
"73159","chr7",135774183,135774683,501,"*",4.57106787668259,5.26795526838229,3.17132351224746,1.02914797842768,0.000175572835534979,0.0387775907159319
"15635","chr11",103609380,103609880,501,"*",5.36331672288417,5.92399966342184,4.43379599089178,0.900723147836616,0.000178992761392561,0.039427223714016
"71309","chr7",73851417,73851917,501,"*",5.51443814385603,6.04798884803296,4.65851763918146,0.856273782684841,0.000179548418435101,0.039444154153388
"48238","chr20",63682340,63682840,501,"*",6.86465530745242,7.39062223230534,6.02841600136576,0.840319660217162,0.000182049998399646,0.0398873483195736
"19204","chr12",97247423,97247923,501,"*",4.66747481015499,5.33208651297005,3.39816578436496,1.00121160226093,0.000183766536834131,0.0401566441312186
"56669","chr4",18882458,18882958,501,"*",4.18527720645203,4.95278039016912,2.43710611638481,0.97952869047664,0.000185066578690474,0.0403337430838059
"55228","chr3",172140431,172140931,501,"*",5.94340568909554,6.42276834455635,5.22049148160743,0.748778969368895,0.000194462444640303,0.0422696704864312
"76895","chr8",144767407,144767907,501,"*",6.61783123996368,7.00367161458054,6.08954796164023,0.575166243306742,0.00019779702150508,0.0428813532253461
"64021","chr5",168794297,168794797,501,"*",5.19070605242859,5.77448989822907,4.19423625054664,0.903005697368137,0.000198489930469891,0.0429186284828623
"52507","chr3",55189455,55189955,501,"*",4.69369321679133,5.34989732993711,3.45606509932501,0.966566574503511,0.000199779728518571,0.0430844334942851
"22437","chr13",102825862,102826362,501,"*",6.14521330531959,6.591133615115,5.49642823715423,0.683692383724296,0.000201709941672853,0.0433871237986762
"75800","chr8",101155115,101155615,501,"*",7.60277092549166,7.89193981178174,7.24073140641474,0.388869901324476,0.000203516498808442,0.0436617088667633
"10830","chr10",90920997,90921497,501,"*",5.67994594501488,6.18439180794187,4.89760257464916,0.781449661872477,0.000204176063132917,0.0436894348909506
"51253","chr3",16476578,16477078,501,"*",3.94095591887171,4.74861875096706,1.93879870658492,0.870759426892465,0.000205281350190974,0.0438121455736601
"7900","chr1",234495190,234495690,501,"*",7.72763158228736,8.0061698114684,7.38213080913707,0.36772052151519,0.000206713019226694,0.0440037001290271
"55842","chr3",191774376,191774876,501,"*",4.28394885817212,5.01983426152329,2.70437521314055,0.952777363265939,0.000210180518719099,0.0445374915538349
"21145","chr13",39501702,39502202,501,"*",4.99279239003808,5.61096083823502,3.88832674702673,0.920055626271152,0.000210301816105967,0.0445374915538349
"16830","chr12",12819954,12820454,501,"*",7.43356804926416,7.73794702930389,7.04731287443438,0.411242640652188,0.000211658081918514,0.044709784883618
"21917","chr13",79936650,79937150,501,"*",5.12084900912212,5.73211477376069,4.03893330809178,0.907936945056692,0.000214758412186307,0.0452486637154281
"65040","chr6",12348602,12349102,501,"*",4.04366504111232,4.8438710221791,2.0927396415761,0.868507623719762,0.000216902105182635,0.0455241146565588
"50011","chr22",36659680,36660180,501,"*",4.39753618092105,5.10387368832827,2.95665926099552,0.948143620353387,0.000217593062059185,0.0455241146565588
"15637","chr11",103633482,103633982,501,"*",4.61596658490986,5.29169760122259,3.30336424630558,0.945022277350511,0.00021772354609847,0.0455241146565588
"51405","chr3",27533787,27534287,501,"*",6.84939103962269,7.21089424178246,6.36588260553262,0.513408609744348,0.000219258734471534,0.045626241342712
"13952","chr11",61153327,61153827,501,"*",4.96801923600835,5.57859679104178,3.88832674702673,0.89997250084989,0.000219319652007889,0.045626241342712
"60983","chr5",59127569,59128069,501,"*",5.86447660350289,5.10969741791153,6.35747100537223,-0.739570601482807,0.000221437662944061,0.045950825059591
"68806","chr6",158039157,158039657,501,"*",5.85390625206631,6.33258410001911,5.13256657055808,0.715861778554833,0.000223323463175284,0.0461491986165823
"22599","chr13",113187235,113187735,501,"*",5.29961695824472,5.88449497603209,4.29987037736665,0.867774467480776,0.000223513998786341,0.0461491986165823
"47554","chr20",48538423,48538923,501,"*",3.63035803110197,4.53515123999282,0.661458336305693,0.536912415842396,0.000225595026682976,0.0463500620868835
"15320","chr11",85718932,85719432,501,"*",7.22668518604834,7.55084775330118,6.80791585826455,0.439437024604018,0.000225612086339738,0.0463500620868835
"49202","chr22",18031615,18032115,501,"*",4.2962508240485,5.03459507397135,2.70437521314055,0.919930134343943,0.000227309910756868,0.046499488648231
"74862","chr8",57844533,57845033,501,"*",6.81895030629844,7.18190734379913,6.33282669286231,0.508047280749921,0.000227729689634637,0.046499488648231
"55380","chr3",176469695,176470195,501,"*",5.11266137809043,5.70161055237647,4.10063482862065,0.86842877398662,0.000228032742757949,0.046499488648231
"71308","chr7",73850712,73851212,501,"*",5.32387290828117,5.8749547971537,4.42098733884598,0.81945259355374,0.000228637629337884,0.0465077164941075
"27004","chr15",74588390,74588890,501,"*",6.99624547167788,7.33755179687004,6.5483210361973,0.467608509246294,0.000231262594726349,0.0469258006865667
"12542","chr11",2178798,2179298,501,"*",5.47853157631122,6.01425900981316,4.61689279695041,0.792314873861268,0.000232084252763106,0.0469768179634649
"6380","chr1",185294113,185294613,501,"*",6.29816668778646,6.73135836866863,5.67619577710434,0.628761616384806,0.000236341349849225,0.047721257557056
"33866","chr17",76772775,76773275,501,"*",5.22577435142673,5.7926939699941,4.27858735588288,0.83005304909085,0.000238707491367839,0.0479516215557013
"51724","chr3",37234628,37235128,501,"*",5.72103591246588,6.22731507230139,4.93420978219136,0.748191330221836,0.000239181567420519,0.0479516215557013
"39844","chr2",20595905,20596405,501,"*",7.14297998500889,7.470358735898,6.71881204522676,0.43768578157289,0.000239228429261164,0.0479516215557013
"39863","chr2",20992166,20992666,501,"*",5.17738559608877,5.76050516831018,4.18290029838042,0.840137040714833,0.000244649948545363,0.0489193011190875
"60391","chr5",10273492,10273992,501,"*",5.68657845767569,6.19373395137806,4.89760257464916,0.739824639415939,0.00024530338928535,0.0489311956806433
"68576","chr6",151044734,151045234,501,"*",6.12603300915904,6.57018220261648,5.48102323978634,0.638842363087463,0.000247131858274081,0.04915093987585
"11908","chr10",116947092,116947592,501,"*",4.84549826945601,5.47148989788692,3.7149078766455,0.874119077353941,0.000247758480217509,0.04915093987585
"36786","chr19",11324294,11324794,501,"*",5.84393584991896,6.32259709344446,5.12263431510706,0.69500933190193,0.000248194884663562,0.04915093987585
"72308","chr7",101659264,101660179,916,"*",5.65003223779418,6.15373466502631,4.86950112896057,0.729987337668202,0.000250113335717363,0.0494120787123927
"30024","chr16",76805008,76805508,501,"*",3.76931735404721,4.61423870240936,1.47477816355407,0.690894657479466,0.000253160596935956,0.0498944409013825
