genie_missense$`Protein Change`	total_count
A109T	2
A125G	1
A125S	1
A125V	1
A144S	1
A144V	1
A174S	2
A174V	1
A180T	5
A180V	1
A203D	1
A203T	8
A203V	2
A236T	1
A236V	1
A238D	1
A238T	19
A238V	1
A294V	1
A312S	1
A312T	6
A327S	1
A327T	3
A339V	2
A346E	1
A346V	2
A359T	1
A359V	1
A379T	1
A382T	3
A382V	1
A65S	1
A85D	1
A85S	1
A85T	1
A93V	1
C167F	1
C167Y	1
C223S	1
C350W	1
D101N	1
D101Y	1
D104N	1
D143H	1
D159G	1
D159N	1
D159Y	3
D169E	1
D169H	2
D170Y	1
D172H	1
D192N	1
D196N	1
D196Y	1
D202E	1
D21E	2
D21N	2
D224E	1
D224V	1
D225N	6
D225Y	3
D227E	1
D22N	5
D251N	1
D256N	1
D256V	1
D259E	1
D259H	2
D277E	1
D277N	1
D277Y	1
D282G	1
D345N	3
D347E	1
D347G	1
D347H	1
D347N	2
D358N	1
D367E	1
D367H	1
D367K	1
D367N	6
E105D	2
E122K	1
E178D	2
E178K	2
E178Q	1
E184D	1
E184K	4
E194K	1
E194Q	2
E20K	1
E20Q	2
E210A	1
E210D	1
E210K	1
E216D	2
E216K	2
E216Q	2
E220Q	1
E246K	1
E24D	2
E24K	2
E24Q	1
E255Q	2
E280K	1
E280Q	3
E285D	1
E285Q	1
E285V	1
E287D	1
E291D	4
E291K	1
E300K	1
E306G	1
E306Q	1
E31K	4
E330D	1
E330K	1
E337Q	1
E360D	1
E360K	1
E362D	1
E58K	2
E58V	1
E59D	3
E59K	2
E59Q	1
E95K	6
E95V	1
E98D	2
E98K	4
E98Q	1
F10L	5
F10V	1
F164I	1
F164L	1
F164Y	1
F168L	1
F168S	1
F168V	2
F17L	1
F204C	1
F25L	3
F293V	1
F328L	1
F39L	1
G11E	1
G11W	1
G157R	1
G157S	1
G157V	1
G23S	1
G271E	1
G271K	1
G29D	1
G29R	1
G29S	1
G29V	2
G302W	1
G304C	1
G304V	1
G305R	5
G33R	1
G33V	1
G344R	1
G344S	2
G41C	2
G41V	1
G69S	1
G80E	1
G80R	5
G80V	1
H141L	1
H141R	1
H177Q	1
H177Y	4
H269R	1
H269Y	4
H322Q	1
H68L	1
H79Y	1
I112M	1
I112S	1
I151N	1
I189M	1
I189T	1
I189V	1
I195T	1
I241M	2
I245M	1
I245S	1
I268F	1
I28L	1
I28M	1
I338T	1
I340F	1
I340M	1
I340T	1
I365V	1
I63R	1
I63V	1
I99S	1
K106M	1
K126N	1
K126R	1
K160N	2
K160R	1
K161N	1
K16Q	1
K16T	1
K199T	1
K211R	1
K211T	1
K363E	1
K363N	4
K364N	4
K45N	2
K61N	1
K62Q	1
K71T	1
K73E	1
K77N	1
K8N	1
K8Q	1
L100M	1
L100V	1
L120F	4
L120I	1
L120P	1
L135V	1
L142S	1
L142V	1
L166F	4
L186R	1
L19P	1
L19Q	2
L212S	1
L222F	1
L222I	1
L226Q	1
L226V	1
L228V	1
L254M	2
L266Q	1
L303F	1
L319M	1
L333V	1
L356M	1
L36F	2
L36P	2
L378P	1
L378V	1
L43Q	1
L43R	1
L50F	1
L50R	2
L6P	1
L84P	1
L90P	1
M156I	2
M156R	1
M156V	1
M193I	1
M193V	2
M208I	3
M213I	2
M213T	1
M27I	2
M27L	1
M27T	1
M27V	1
M283L	1
M283T	1
M2I	1
M361L	1
M361T	2
M375I	2
M375T	1
M38I	1
M3I	1
M4I	1
M4V	1
N103H	1
N103S	1
N152H	1
N152S	1
N154I	1
N207S	1
N209Y	1
N272I	1
N342D	1
N34D	1
N34S	1
N371Y	1
N380D	1
N380S	1
P116L	1
P116S	1
P117S	1
P133L	3
P136R	1
P136S	2
P146A	1
P146L	1
P14H	1
P165F	1
P165L	6
P165S	3
P173L	2
P173Q	1
P183L	4
P188L	3
P215L	1
P230L	1
P230Q	1
P230R	1
P230S	1
P230T	1
P235L	1
P235S	2
P249F	1
P249S	1
P290L	2
P332H	1
P332L	1
P332S	1
P351S	1
P383L	2
P48L	3
P48S	1
P74A	1
P74L	1
P74S	1
Q123H	1
Q12H	1
Q18H	2
Q198K	1
Q243E	1
Q243R	1
Q244E	1
Q257R	1
Q323H	2
Q323K	1
R121S	1
R121W	1
R127S	1
R127T	1
R153K	1
R153T	1
R153W	1
R155C	3
R155H	9
R155L	3
R158P	1
R158Q	5
R162I	7
R162T	2
R190L	4
R190Q	6
R190W	16
R201Q	7
R261C	8
R261H	6
R316P	1
R316Q	5
R316W	4
R341Q	3
R341W	4
R366C	10
R366H	9
R366P	1
R370G	1
R370M	1
R370S	5
R370T	2
R373G	1
R373K	1
R373M	1
R373S	2
R374G	2
R374L	1
R374P	4
R374Q	52
R374W	16
R376G	1
R376S	1
R376T	2
R377C	61
R377G	2
R377H	128
R377L	6
R377P	2
R37C	8
R37H	6
R37L	1
R37P	1
R37S	1
R40L	2
R40P	2
R40Q	19
R46I	1
R46K	1
R46T	1
R52S	1
R52T	1
R53L	1
R53Q	3
R60K	1
R60S	1
R60T	3
S111C	1
S111P	1
S113I	1
S129N	2
S129T	1
S138C	1
S139C	1
S139F	2
S148F	1
S181F	2
S181P	1
S219L	1
S239C	1
S239F	1
S247P	1
S252N	3
S274F	4
S274Y	1
S284L	1
S284P	1
S299L	4
S299W	1
S30F	1
S30P	1
S314N	1
S329I	1
S329T	1
S42F	2
S42Y	1
S66L	7
S7N	1
S7R	1
T114A	1
T118N	1
T134I	3
T149A	1
T150S	1
T163I	1
T205I	1
T214M	4
T232M	9
T250M	3
T250S	1
T310I	1
T325I	2
T343M	3
T355I	1
T357I	1
T372M	3
T381M	5
T72A	1
T72K	2
T82M	3
T89I	1
T89S	2
T9I	1
T9N	1
V110L	1
V132A	1
V132L	1
V145L	1
V145M	2
V175M	1
V185M	2
V187F	1
V187I	2
V262I	8
V308F	1
V308L	1
V32E	1
V32L	1
V32M	2
V57M	1
V64D	1
V64G	1
V88M	1
V96E	1
V96M	2
W131C	2
W206C	1
W206R	1
W281R	1
W281S	1
Y107F	1
Y107N	1
Y119C	1
Y119F	1
Y248C	2
Y248F	1
Y248S	1
Y313H	1
Y326H	1
Y35H	1
Y44C	1
Y44F	1
Y81C	1
Y81D	1
